"participant_id","Item01","Item02","Item03","Item04","Item05","Item06","Item07","Item08","Item09","Item10","Item11","Item12","Item13","Item14","Item15","attention_check","response_time_sec","criterion","known_group"
"E001",3,NA,3,4,2,3,1,1,1,1,1,3,1,2,4,3,114.5,-0.84,"Low"
"E002",1,5,4,2,1,2,4,2,2,5,3,5,5,1,5,3,187.1,-0.725,"Low"
"E003",3,3,3,5,3,2,2,5,4,2,1,2,2,2,1,3,125.2,1.292,"Low"
"E004",1,2,4,NA,4,1,1,4,3,4,1,2,NA,1,2,3,146.5,0.65,"Low"
"E005",2,4,1,2,2,4,4,2,4,2,3,5,5,3,1,3,135.6,-0.049,"Low"
"E006",3,1,4,1,1,3,1,1,2,3,5,1,1,3,3,3,159.5,0.903,"Low"
"E007",3,3,3,3,3,3,3,3,3,3,3,3,3,3,3,3,130.2,0.086,"High"
"E008",1,1,2,1,2,3,4,2,1,5,3,2,4,2,2,3,115.9,0.468,"Low"
"E009",2,2,1,2,4,1,1,2,1,3,1,3,4,1,5,3,152.7,0.098,"Low"
"E010",5,3,4,5,3,3,5,5,2,5,5,1,1,5,5,3,147.5,1.405,"Low"
"E011",5,5,5,4,4,NA,4,3,2,NA,3,3,3,1,4,3,150.9,0.099,"Low"
"E012",1,2,1,1,5,2,1,5,5,4,2,3,4,NA,2,3,189.1,0.141,"Low"
"E013",1,1,4,2,1,1,5,3,3,4,3,2,5,4,1,3,104.7,1.262,"Low"
"E014",4,2,1,1,5,5,3,1,4,5,5,3,1,5,NA,3,208.8,-2.641,"Low"
"E015",NA,4,2,2,4,5,4,2,5,4,3,1,4,1,3,3,374.3,1.422,"High"
"E016",2,1,1,2,5,4,5,4,4,4,1,NA,NA,2,4,3,281.4,-0.127,"Low"
"E017",2,2,3,3,2,2,1,2,5,5,5,5,2,4,5,3,237.2,0.918,"Low"
"E018",2,2,4,3,1,4,1,1,2,3,1,5,2,5,4,3,131.4,-0.187,"Low"
"E019",2,2,2,2,NA,1,4,3,5,3,1,4,3,5,4,3,565.5,0.772,"Low"
"E020",2,2,2,4,1,1,4,1,5,3,3,2,4,3,4,3,305.5,-0.274,"High"
"E021",5,3,5,5,4,5,5,4,5,NA,4,1,2,2,3,3,231.7,-1.596,"High"
"E022",1,1,4,1,2,2,3,2,5,4,NA,2,5,1,2,2,313,0.823,"Low"
"E023",4,3,4,1,1,1,5,2,3,4,2,2,5,5,3,3,290.2,0.288,"High"
"E024",1,4,5,4,NA,5,2,2,5,3,2,5,2,3,5,3,198.9,0.54,"High"
"E025",4,4,4,3,3,5,4,4,2,5,2,5,3,4,5,3,137.2,0.344,"High"
"E026",3,3,2,4,1,1,1,1,2,1,2,5,5,5,3,3,154.7,0.97,"Low"
"E027",5,5,5,5,5,4,5,5,5,5,4,NA,5,5,5,3,215.8,-1.285,"High"
"E028",3,5,2,2,4,4,1,1,2,3,3,1,2,5,3,3,180.9,-0.131,"High"
"E029",4,2,2,1,2,2,3,2,3,3,2,3,3,1,1,3,250.2,-0.501,"Low"
"E030",5,3,4,3,4,5,2,5,3,1,5,1,1,1,2,3,175.9,0.222,"Low"
"E031",1,4,2,4,4,4,5,3,4,5,5,1,3,2,5,3,299.5,1.133,"Low"
"E032",2,1,5,1,3,2,1,3,2,4,1,1,4,3,1,3,142.6,0.005,"Low"
"E033",2,5,5,2,1,3,2,4,2,4,3,1,2,5,3,3,165.6,1.05,"High"
"E034",1,5,5,4,2,4,5,4,1,4,4,1,2,4,5,3,344.3,-0.57,"High"
"E035",3,1,2,3,2,5,2,1,1,2,2,3,1,3,1,3,205.4,-0.745,"Low"
"E036",4,4,2,5,3,4,1,1,4,4,5,5,5,4,2,3,130.7,-0.569,"High"
"E037",5,3,3,5,5,4,3,5,5,5,2,5,3,3,3,3,274.4,-1.154,"High"
"E038",4,4,1,2,2,1,3,NA,1,1,5,3,1,3,1,3,172.4,0.877,"Low"
"E039",2,1,2,1,2,3,2,4,1,2,2,4,5,1,2,3,320.5,-0.454,"Low"
"E040",5,4,4,2,5,4,5,5,3,1,1,3,3,4,2,3,192.1,-1.629,"High"
"E041",2,1,1,1,3,1,1,1,3,1,3,1,3,3,2,3,164.4,-0.029,"High"
"E042",3,1,1,3,3,3,4,3,3,1,3,3,NA,4,4,3,142.6,1.619,"High"
"E043",4,4,4,4,4,1,3,2,2,4,4,1,3,5,1,3,118.4,0.851,"High"
"E044",3,1,1,3,1,4,2,1,2,1,3,5,1,3,2,3,241.5,-1.732,"Low"
"E045",3,1,2,1,2,5,1,5,2,5,5,3,4,4,4,3,185.9,0.052,"High"
"E046",NA,2,4,5,3,3,5,2,1,5,5,1,1,5,2,3,140.4,0.235,"High"
"E047",2,2,5,2,2,1,3,3,2,1,3,1,2,3,3,3,231,0.613,"Low"
"E048",2,2,3,1,2,1,3,5,1,1,1,3,2,1,2,3,132.2,0.79,"High"
"E049",2,5,2,1,4,3,2,5,1,3,2,2,1,1,1,3,206.8,-0.428,"Low"
"E050",1,3,1,2,2,4,3,2,4,2,2,3,2,3,1,3,236.3,-0.412,"High"
"E051",1,1,1,2,1,1,1,1,2,3,1,1,3,1,1,3,174.1,1.161,"Low"
"E052",2,5,2,3,2,3,3,5,5,3,4,1,2,2,5,3,330.6,-0.091,"High"
"E053",3,5,5,2,2,4,4,4,3,3,4,5,2,5,4,3,16.7,-0.053,"Low"
"E054",1,1,1,1,1,1,1,5,1,2,3,2,1,5,1,3,192.8,1.84,"Low"
"E055",2,1,2,2,3,3,1,5,4,2,2,3,3,5,2,1,453.9,1.916,"Low"
"E056",NA,2,4,1,1,1,1,4,3,1,2,1,2,2,2,1,221.2,0.435,"Low"
"E057",4,2,3,5,5,4,5,4,4,2,5,3,4,5,1,3,282.2,-0.312,"High"
"E058",3,5,2,2,4,4,4,4,1,3,3,3,4,2,2,3,150.6,-0.212,"Low"
"E059",1,2,4,1,1,1,1,1,4,4,4,4,1,3,1,3,107.7,0.997,"Low"
"E060",1,3,1,3,3,1,2,2,5,1,4,4,1,2,2,3,174.9,1.595,"Low"
"E061",NA,1,4,4,2,5,4,3,1,2,2,3,1,1,2,3,223.8,-0.251,"Low"
"E062",1,2,2,3,4,4,4,2,2,2,1,5,3,4,1,3,155.6,0.353,"High"
"E063",3,5,4,4,2,5,4,3,2,1,1,2,5,5,5,3,198.5,-0.427,"Low"
"E064",1,3,2,1,4,4,4,1,5,3,2,2,1,4,3,3,108.1,0.495,"Low"
"E065",5,4,5,5,5,2,4,1,NA,2,5,2,NA,3,3,2,87.7,0.612,"High"
"E066",2,3,2,4,4,1,3,2,3,2,2,3,2,2,1,3,168.9,0.179,"Low"
"E067",2,3,4,3,3,3,3,3,4,2,5,5,1,2,5,3,206.5,0.671,"High"
"E068",2,4,4,5,5,1,4,3,5,3,3,5,1,4,5,3,183.1,-1.123,"High"
"E069",1,5,1,5,4,1,5,5,5,3,2,4,5,3,5,3,333,0.479,"High"
"E070",3,5,2,2,2,1,1,5,2,4,2,5,3,3,4,3,339.3,1.586,"Low"
"E071",4,2,5,NA,2,4,1,4,3,5,4,1,4,1,5,3,233.3,-0.809,"High"
"E072",2,1,2,1,1,5,4,2,4,2,1,2,4,3,1,3,286.4,-1.445,"High"
"E073",5,5,NA,5,5,5,5,5,5,5,5,4,5,5,4,3,292.1,1.497,"Low"
"E074",2,1,2,3,NA,4,3,3,4,4,3,1,1,5,2,3,267.6,1.199,"Low"
"E075",3,1,1,2,4,1,4,1,4,5,5,4,4,2,2,3,135,-1.21,"Low"
"E076",5,1,1,1,4,1,3,1,2,1,1,1,3,1,5,3,324.4,0.815,"Low"
"E077",1,1,1,2,5,1,1,3,1,2,2,4,1,1,1,3,284.6,-0.957,"Low"
"E078",1,2,3,3,2,3,4,1,1,3,4,1,3,1,4,3,426.8,0.596,"Low"
"E079",5,4,2,1,2,1,2,5,1,3,3,2,3,2,2,3,187.1,1.11,"Low"
"E080",2,2,5,4,2,4,3,5,4,4,4,2,2,5,4,3,128,-0.324,"High"
"E081",5,4,2,3,1,2,5,2,1,2,4,4,1,1,3,3,144.2,1.367,"High"
"E082",2,1,3,4,5,2,3,2,2,2,3,3,1,4,4,3,144.2,0.921,"Low"
"E083",5,4,3,2,1,3,5,5,2,5,3,3,4,4,2,3,197.9,-0.895,"High"
"E084",4,5,2,1,2,2,1,4,5,5,3,1,3,4,4,3,206.2,0.397,"Low"
"E085",5,4,5,4,3,5,4,5,3,2,4,NA,4,1,5,3,490.5,-0.422,"High"
"E086",3,3,4,3,5,5,5,4,3,2,3,5,3,5,2,3,126.3,0.333,"High"
"E087",3,5,4,5,5,3,2,4,4,5,5,4,5,2,5,3,405.3,-1.706,"High"
"E088",4,2,4,5,2,1,5,1,4,2,3,4,NA,2,3,3,162.6,-0.392,"Low"
"E089",2,1,5,5,3,5,5,1,5,3,5,5,1,4,3,3,25.8,0.016,"High"
"E090",4,4,5,4,3,4,NA,4,1,4,4,1,1,4,4,3,193.6,0.96,"Low"
"E091",1,3,2,3,3,4,1,3,3,3,3,1,1,1,1,3,67.7,1.929,"Low"
"E092",4,3,5,1,2,3,5,5,3,3,1,1,2,2,4,3,293.8,0.426,"High"
"E093",2,NA,1,3,3,1,2,2,4,1,2,2,2,3,2,3,213.8,-0.047,"High"
"E094",3,4,3,1,5,1,2,2,3,1,1,1,2,5,1,3,184.4,-0.203,"Low"
"E095",1,2,3,4,4,4,4,2,3,4,4,4,1,4,NA,3,242.2,0.824,"High"
"E096",2,5,5,1,3,4,2,3,5,3,1,5,4,2,4,3,232,-0.244,"High"
"E097",5,4,4,5,4,3,5,1,2,5,3,2,4,NA,3,3,236.9,0.268,"High"
"E098",5,2,2,2,1,2,3,1,1,5,2,2,2,1,2,3,98.9,-0.82,"Low"
"E099",1,3,3,4,2,4,4,2,2,1,1,3,5,5,3,3,99.6,0.55,"Low"
"E100",3,5,2,3,2,3,3,1,5,3,1,4,4,4,1,3,180.8,-0.589,"Low"
"E101",3,2,5,3,1,4,5,1,1,3,NA,3,4,5,2,3,258.5,0.161,"Low"
"E102",4,5,3,3,4,3,4,1,2,5,3,1,2,5,4,3,158.4,-0.188,"Low"
"E103",1,3,1,5,5,1,2,1,3,4,4,3,3,5,1,3,241.2,-0.582,"Low"
"E104",3,1,2,1,3,4,1,4,1,1,5,1,1,4,3,3,21.8,-1.074,"Low"
"E105",2,5,4,3,3,4,3,4,4,5,2,5,3,3,1,3,293.5,-0.981,"High"
"E106",3,5,3,3,5,NA,4,5,2,2,NA,4,5,2,4,3,165.2,0.793,"Low"
"E107",4,2,2,5,3,3,1,5,3,2,4,1,5,5,1,3,250.2,0.385,"High"
"E108",4,5,5,5,5,5,5,5,5,2,5,5,2,5,4,3,146.7,-0.924,"High"
"E109",3,2,5,5,5,3,3,4,4,3,5,2,2,5,1,3,246.6,-0.388,"High"
"E110",5,NA,NA,2,2,4,1,4,3,2,5,1,3,5,5,3,201.6,0.087,"High"
"E111",1,3,1,2,1,1,5,1,1,1,1,1,4,3,2,3,140.4,1.454,"Low"
"E112",3,4,3,5,5,4,5,5,4,5,5,5,3,3,2,3,249.6,-0.042,"High"
"E113",3,2,1,3,3,2,3,4,2,4,3,3,5,2,5,3,82.6,0.354,"High"
"E114",4,3,3,4,2,5,4,5,4,5,2,2,4,2,2,3,393.2,0.087,"Low"
"E115",4,3,2,3,2,5,3,5,3,4,3,5,2,5,5,3,337,-0.217,"High"
"E116",1,1,3,1,4,2,2,2,2,4,5,1,1,4,2,3,255.4,-0.07,"Low"
"E117",3,3,3,3,3,3,3,3,3,3,3,3,3,3,3,3,148.1,0.515,"Low"
"E118",3,1,1,3,4,5,3,2,2,5,3,3,5,5,5,3,178.5,-2.242,"Low"
"E119",1,2,4,1,4,5,4,4,4,4,3,4,2,2,2,3,196.8,0.207,"Low"
"E120",2,5,5,5,4,4,3,5,2,1,4,3,5,5,1,3,292.3,-1.11,"High"
"E121",2,1,2,1,2,1,5,2,4,1,3,1,4,5,1,3,27.3,0.771,"Low"
"E122",1,1,NA,1,2,1,4,1,1,2,4,4,5,1,1,1,263.5,2.333,"Low"
"E123",3,1,5,3,2,1,5,3,5,5,4,5,1,3,3,3,199.6,-0.233,"High"
"E124",5,5,3,3,2,4,3,4,4,4,4,3,3,2,3,3,312.9,-0.583,"High"
"E125",5,1,5,1,2,5,2,5,3,3,2,5,2,5,2,3,27.9,-0.122,"High"
"E126",5,5,3,5,4,5,3,1,4,1,4,4,5,3,4,4,253.1,0.068,"High"
"E127",3,1,2,1,2,2,3,4,3,2,1,1,2,NA,4,3,203.4,-0.096,"Low"
"E128",2,2,1,4,NA,3,5,1,3,3,1,2,4,4,5,3,119.6,0.89,"Low"
"E129",2,3,4,5,1,4,5,3,3,2,1,4,NA,1,5,3,175.7,0.291,"High"
"E130",3,1,1,4,1,4,4,5,2,4,5,5,5,2,5,3,152,0.269,"High"
"E131",1,3,5,4,5,3,3,2,NA,NA,3,2,2,4,2,3,332.9,1.232,"High"
"E132",3,NA,2,3,5,5,5,4,5,1,2,4,1,2,1,3,218.6,-0.398,"High"
"E133",4,5,5,5,5,4,3,5,5,3,5,4,3,5,5,3,129,-1.243,"High"
"E134",5,4,1,4,3,1,4,4,5,2,3,4,3,3,4,3,198.2,0.259,"High"
"E135",5,3,4,1,3,3,5,5,5,3,2,5,5,5,3,3,80.4,-1.478,"High"
"E136",5,4,4,3,4,2,4,5,1,4,5,2,4,1,3,3,371.4,-0.335,"High"
"E137",4,1,5,1,4,1,3,3,4,2,NA,5,4,3,4,3,168.8,-1.389,"High"
"E138",5,3,5,3,1,4,1,5,4,5,5,4,4,4,4,3,217.7,0.954,"High"
"E139",4,5,4,4,3,4,4,2,5,5,1,3,4,2,5,3,194.7,-1.432,"High"
"E140",4,2,2,1,5,4,5,4,4,2,3,2,5,4,4,3,99.3,-0.383,"Low"
"E141",5,2,4,4,5,1,2,2,3,4,3,3,4,5,2,3,317.4,-1.788,"Low"
"E142",1,1,1,3,NA,1,2,5,3,4,3,1,5,1,5,3,217.4,0.876,"Low"
"E143",4,4,3,3,4,2,2,4,4,5,4,5,5,2,NA,3,225.2,-1.375,"High"
"E144",5,5,3,5,5,2,4,2,2,5,5,4,2,5,3,3,196,0.613,"High"
"E145",5,4,5,3,1,2,4,2,2,1,5,3,5,4,2,3,300.3,-1.067,"Low"
"E146",1,3,1,2,2,2,2,5,1,1,5,5,NA,5,3,3,199.6,1.593,"High"
"E147",5,5,2,1,5,3,1,5,2,3,5,4,5,4,4,3,139.4,1.291,"Low"
"E148",4,2,2,4,4,3,1,1,4,4,3,1,3,4,5,3,298.6,-1.627,"Low"
"E149",5,5,3,3,5,3,3,5,2,5,5,3,4,3,4,3,122.2,-0.426,"High"
"E150",3,3,3,3,3,3,3,3,3,3,3,3,3,3,3,3,276.2,0.623,"Low"
"E151",1,4,2,3,2,4,3,1,3,5,1,3,3,1,1,3,129.3,0.802,"High"
"E152",4,3,5,NA,4,2,1,4,3,2,3,5,3,3,5,3,307.2,-1.618,"High"
"E153",4,2,1,2,4,4,5,3,NA,1,5,1,3,5,3,3,223,-0.964,"Low"
"E154",2,5,5,2,2,3,1,5,5,4,2,4,5,3,3,3,173,1.064,"High"
"E155",5,3,2,5,1,4,3,3,1,3,5,2,4,4,NA,3,117.8,0.77,"Low"
"E156",3,2,5,2,5,1,1,2,4,5,5,1,4,2,3,3,276.6,1.098,"High"
"E157",5,5,4,4,5,5,4,1,2,NA,3,2,2,1,3,3,219.1,-0.551,"High"
"E158",3,1,3,3,1,2,5,1,2,4,5,3,5,1,4,3,137.1,-0.246,"High"
"E159",2,5,5,3,3,4,4,2,5,5,NA,5,1,3,5,3,183.5,-0.698,"High"
"E160",2,4,2,2,4,3,1,3,1,5,2,2,3,4,1,3,252.1,0.26,"Low"
"E161",4,1,3,5,5,4,1,2,5,4,5,4,4,3,4,3,175.3,0.68,"High"
"E162",3,2,1,2,5,1,2,2,2,3,2,4,2,3,3,3,133,0.373,"Low"
"E163",2,2,4,2,2,5,4,3,4,1,1,3,2,3,1,3,217,-0.937,"Low"
"E164",5,5,2,1,4,1,3,4,3,4,1,4,3,5,2,3,203.9,0.789,"Low"
"E165",5,2,3,4,2,2,4,4,5,3,4,2,3,2,4,3,134.6,-0.219,"Low"
"E166",2,5,3,5,2,2,1,2,4,2,2,3,5,3,3,3,188.6,0.885,"High"
"E167",2,2,2,3,5,2,2,3,4,2,NA,NA,2,2,4,3,202.5,0.379,"Low"
"E168",2,2,3,5,4,2,2,2,2,3,4,2,3,3,5,3,206.8,-0.761,"Low"
"E169",2,4,2,4,5,3,1,3,2,1,4,3,4,1,4,2,299.8,1.162,"Low"
"E170",2,3,1,1,2,2,1,3,5,2,1,4,2,1,4,3,133.5,1.435,"Low"
"E171",3,5,4,5,2,4,4,4,1,3,3,5,5,3,4,3,168.6,0.344,"High"
"E172",3,4,1,1,4,1,3,2,1,3,1,5,2,5,1,3,348.7,1.104,"Low"
"E173",2,4,4,2,1,3,3,3,4,4,3,4,4,5,1,3,134.3,-1.35,"High"
"E174",2,4,4,5,3,5,5,5,4,3,4,3,4,3,1,3,21.1,1.847,"High"
"E175",2,2,1,3,4,NA,5,4,4,1,2,5,4,1,3,3,276.8,1.804,"Low"
"E176",2,3,1,2,3,2,4,3,4,2,1,3,2,3,2,3,229.9,2.211,"Low"
"E177",4,3,5,4,2,2,5,4,2,2,1,1,1,2,2,3,175.1,0.403,"Low"
"E178",2,2,1,1,4,1,3,1,2,NA,1,4,3,3,1,3,120.7,0.727,"Low"
"E179",3,3,2,1,1,2,1,3,4,5,2,5,2,2,4,3,34.2,-0.649,"Low"
"E180",1,2,3,2,2,NA,1,5,5,5,3,1,4,2,1,3,130.6,0.864,"High"
"E181",5,5,1,2,5,1,2,5,1,3,5,3,3,2,5,3,163.5,-1.531,"High"
"E182",3,2,4,2,5,2,4,1,4,4,2,5,4,3,2,3,169.4,0.562,"High"
"E183",1,3,4,2,1,1,2,3,1,3,1,1,5,4,3,3,296.4,0.365,"Low"
"E184",3,2,1,5,2,5,4,4,3,4,4,2,4,3,5,4,282,-1.017,"High"
"E185",5,2,4,5,5,5,5,5,2,2,5,3,3,3,4,3,100.3,-2.059,"High"
"E186",3,2,5,2,1,4,2,4,2,1,3,2,5,5,4,3,270.8,1.68,"Low"
"E187",4,5,1,4,4,3,4,1,2,2,4,1,5,3,2,3,189.4,-0.531,"Low"
"E188",2,2,4,3,2,1,1,2,2,1,2,4,2,4,1,3,87.3,1.057,"High"
"E189",2,3,2,3,1,1,2,1,1,1,2,4,3,5,4,3,246.6,1.169,"Low"
"E190",3,3,3,3,3,3,3,3,3,3,3,3,3,3,3,3,194.1,-0.892,"Low"
"E191",1,2,1,1,2,5,2,2,4,1,4,4,NA,5,3,3,203.5,0.22,"Low"
"E192",5,5,5,5,5,5,4,5,5,5,5,5,4,5,5,3,174.9,-1.834,"Low"
"E193",3,1,2,2,4,NA,3,2,5,2,2,3,2,3,3,3,126.6,0.169,"High"
"E194",4,4,3,2,3,2,2,1,3,3,3,5,3,1,4,3,166.5,1.105,"Low"
"E195",2,1,2,1,2,5,5,5,5,2,2,3,1,3,1,3,200.5,-0.265,"High"
"E196",4,5,3,5,4,5,4,NA,5,2,4,3,1,4,3,3,219.2,-0.203,"High"
"E197",1,2,1,NA,4,1,3,4,3,3,NA,2,5,4,4,3,398.3,0.492,"High"
"E198",2,2,4,4,1,4,2,3,5,4,5,3,3,1,2,2,125.6,0.1,"High"
"E199",1,3,NA,1,4,3,1,5,3,1,1,2,4,2,3,3,360.5,0.116,"Low"
"E200",2,3,NA,3,5,2,5,4,5,1,2,5,3,4,4,3,372.6,-0.012,"High"
"E201",2,4,5,4,5,5,5,2,5,2,5,2,5,3,5,3,173.2,-1.199,"High"
"E202",1,2,1,4,1,2,5,5,3,1,4,1,3,1,2,3,222.5,1.591,"Low"
"E203",3,4,5,5,4,5,3,1,5,1,4,5,4,4,2,3,160.2,-0.424,"Low"
"E204",4,2,2,2,5,4,1,1,3,2,1,4,2,2,1,3,227.8,0.689,"Low"
"E205",5,3,2,3,2,2,3,1,4,5,5,2,1,4,4,3,133.3,0.451,"Low"
"E206",1,2,2,3,2,2,4,2,5,3,2,1,2,4,5,3,244.1,-0.507,"High"
"E207",5,NA,5,1,1,4,4,3,1,4,2,3,5,1,3,3,127.9,-0.274,"Low"
"E208",4,4,4,5,3,4,5,4,5,4,4,1,3,1,1,3,218.3,-0.1,"Low"
"E209",3,4,3,NA,5,4,3,1,1,1,2,NA,4,2,2,3,174.6,-1.239,"Low"
"E210",1,2,2,4,4,3,1,5,5,2,4,4,2,1,3,3,184.7,-0.276,"Low"
"E211",2,3,5,1,3,1,2,4,5,3,3,4,1,2,3,3,370.1,-0.021,"High"
"E212",2,5,4,5,4,4,4,2,4,1,4,4,4,2,4,3,219.8,-0.587,"Low"
"E213",4,1,1,NA,4,3,1,3,3,1,1,1,4,1,1,3,97.8,-0.286,"Low"
"E214",3,4,5,4,4,1,5,3,5,3,1,3,3,1,3,3,143.9,-1.4,"High"
"E215",5,5,5,2,5,2,3,3,4,4,2,4,4,3,3,3,290.4,-1.184,"High"
"E216",1,2,1,2,1,2,1,2,2,1,5,1,1,1,2,3,177.7,1.747,"Low"
"E217",5,3,4,3,1,4,4,5,3,1,3,2,5,2,5,3,16.1,-1.675,"High"
"E218",3,5,4,2,2,4,4,5,4,2,3,2,2,1,1,3,124.9,1.416,"Low"
"E219",1,2,4,4,2,4,4,5,1,4,5,2,4,2,4,3,268,-1.214,"Low"
"E220",5,3,5,4,2,3,3,5,3,1,3,3,3,5,4,3,216.9,-1.063,"High"
"E221",4,5,5,4,4,5,2,5,2,3,5,3,5,4,4,3,255.6,0.481,"High"
"E222",5,3,4,5,3,1,4,4,2,3,5,1,4,1,4,3,208.8,-2.511,"High"
"E223",3,5,5,4,4,5,5,2,2,5,5,3,1,2,5,3,198,-1.356,"High"
"E224",2,5,5,3,1,NA,2,3,3,5,4,5,2,1,5,3,149.4,-0.267,"High"
"E225",1,1,4,4,4,5,3,1,3,5,1,3,5,4,2,3,133,1.58,"Low"
"E226",2,1,2,1,4,4,2,4,2,3,NA,1,4,4,1,3,115.6,0.816,"Low"
"E227",4,2,3,3,3,5,2,3,1,3,1,5,2,5,2,3,248.8,0.573,"Low"
"E228",5,4,1,5,3,5,5,4,3,4,3,5,1,1,3,3,123.3,-0.065,"High"
"E229",5,4,1,4,3,5,3,5,2,4,1,1,3,4,4,3,260.3,-1.723,"High"
"E230",1,3,NA,2,5,2,1,1,5,1,2,1,5,2,1,3,258.8,0.945,"Low"
"E231",1,2,1,4,1,3,1,1,4,3,2,4,5,5,3,3,153.6,-0.066,"Low"
"E232",4,2,NA,3,3,2,2,4,4,4,4,1,1,4,3,3,229.2,0.895,"Low"
"E233",1,2,3,5,3,5,1,4,1,2,2,3,3,1,1,3,185.6,1.287,"Low"
"E234",5,1,4,5,5,4,5,4,5,5,4,5,3,2,4,3,133,-0.47,"High"
"E235",2,2,3,1,1,4,1,3,2,5,2,4,5,2,5,3,99,2.603,"Low"
"E236",2,3,3,3,5,2,5,1,4,5,5,1,5,1,4,3,136.6,-1.412,"High"
"E237",4,5,4,4,5,5,2,3,5,4,3,5,4,2,4,3,198.3,-0.486,"High"
"E238",2,2,1,1,2,1,1,3,3,1,4,1,5,1,4,3,161.5,0.354,"Low"
"E239",2,2,5,2,2,2,5,1,4,5,4,1,3,2,3,3,193,-0.397,"High"
"E240",3,2,3,NA,5,3,2,3,1,5,5,1,5,5,4,3,101.5,-1.115,"Low"
"E241",3,2,2,1,3,4,NA,1,NA,2,3,5,4,1,2,3,185.8,0.73,"Low"
"E242",3,4,2,5,4,4,5,4,2,5,2,1,2,3,2,3,143.5,-0.342,"High"
"E243",5,4,3,1,5,4,4,2,5,1,4,2,5,4,2,3,274.5,-0.639,"Low"
"E244",4,5,5,4,4,2,5,3,1,5,3,4,1,2,2,3,111,-0.396,"Low"
"E245",2,1,2,3,3,2,4,3,2,5,4,1,1,1,1,3,122.3,0.615,"Low"
"E246",3,1,4,1,5,2,2,1,2,2,4,1,2,2,1,3,275.4,-0.754,"Low"
"E247",2,3,5,1,3,3,1,2,4,1,4,1,2,5,1,3,226.3,2.122,"Low"
"E248",5,2,2,4,4,5,4,4,5,5,3,2,4,2,1,3,248.7,-0.48,"Low"
"E249",2,2,5,5,5,5,3,2,1,3,2,5,4,3,5,3,171.4,-0.278,"High"
"E250",4,2,4,3,3,2,4,2,2,3,2,5,3,4,3,3,158.8,-1.073,"Low"
"E251",5,4,1,1,5,2,4,1,3,2,4,2,1,1,3,3,225.4,0.399,"Low"
"E252",4,2,2,2,1,3,5,1,3,2,2,5,4,4,2,3,152.5,-0.176,"Low"
"E253",1,2,1,5,2,3,3,2,5,4,1,4,1,5,3,3,157.7,-0.203,"Low"
"E254",1,2,2,1,3,5,2,5,3,5,NA,2,5,1,4,3,173.5,1.323,"Low"
"E255",3,5,1,1,5,1,1,2,1,4,5,5,2,3,1,3,190.5,-0.643,"Low"
"E256",4,3,3,4,4,3,3,3,1,3,2,5,2,5,5,3,187.6,-0.948,"Low"
"E257",5,3,3,5,4,4,5,2,4,5,5,1,4,2,2,3,207.5,-1.11,"High"
"E258",3,5,3,2,5,2,2,3,5,5,3,3,3,4,4,3,158.3,1.451,"High"
"E259",1,4,1,1,4,3,4,1,2,1,2,2,1,2,2,3,170.3,1.729,"Low"
"E260",5,5,2,3,2,4,1,2,1,2,4,1,2,1,1,3,149.6,0.221,"High"
"E261",5,5,NA,1,5,4,1,3,4,4,5,5,2,5,1,3,335.9,-0.524,"High"
"E262",2,4,5,1,1,2,1,4,3,4,3,1,4,1,3,3,294.5,0.821,"Low"
"E263",3,3,1,2,4,2,3,3,4,4,2,2,3,2,1,3,118.4,0.697,"High"
"E264",3,2,3,1,1,2,4,5,2,3,5,2,1,3,1,3,16.8,-0.256,"Low"
"E265",3,5,3,1,2,2,1,4,2,1,3,3,2,2,3,3,154.7,2.014,"High"
"E266",5,5,2,1,4,5,5,4,2,5,5,5,5,3,4,3,261.4,0.774,"High"
"E267",4,3,4,3,2,4,1,5,1,5,3,1,1,4,4,3,165.2,1.381,"Low"
"E268",2,4,5,4,2,1,5,1,1,1,2,2,4,2,1,3,98.7,0.126,"Low"
"E269",4,NA,3,3,NA,2,2,4,5,4,4,3,1,5,5,3,180,-0.616,"High"
"E270",5,1,NA,3,5,2,3,5,2,3,5,3,5,2,1,3,240.9,-0.452,"High"
"E271",3,3,NA,3,3,3,3,3,3,3,3,3,3,3,3,3,204.6,-0.266,"Low"
"E272",4,1,5,1,3,1,2,1,1,2,3,1,2,1,2,3,173.4,0.515,"Low"
"E273",1,3,4,3,5,2,4,2,5,2,3,4,3,5,5,3,190.7,-1.436,"Low"
"E274",5,4,5,3,1,5,1,4,4,3,5,2,NA,NA,1,3,67.5,-1.244,"High"
"E275",5,NA,2,5,2,3,5,5,1,1,1,5,2,2,4,3,101.6,-1.409,"Low"
"E276",4,5,5,2,4,5,1,5,1,3,2,2,1,3,5,3,160.5,0.211,"High"
"E277",3,4,2,2,4,2,2,3,2,2,4,5,2,1,2,3,198.6,-0.681,"High"
"E278",4,2,2,4,2,1,3,5,4,4,2,4,5,5,2,1,202.5,-1.577,"Low"
"E279",5,4,3,4,5,2,5,2,4,3,5,5,4,5,5,3,239.6,-1.079,"High"
"E280",2,3,1,3,2,3,4,3,1,4,1,1,5,2,3,3,225.5,0.833,"High"
"E281",1,1,3,3,4,2,3,1,4,2,2,NA,5,4,5,3,142.2,-0.221,"Low"
"E282",4,3,5,5,NA,3,5,2,5,4,5,5,1,2,2,3,215.6,0.324,"High"
"E283",5,5,2,5,5,5,4,3,5,5,1,5,4,4,1,3,122.8,-0.475,"High"
"E284",2,1,1,2,1,2,NA,NA,1,3,1,1,3,1,2,3,138,1.639,"Low"
"E285",5,4,5,4,1,5,5,3,5,5,2,4,4,5,2,3,135.4,0.436,"High"
"E286",5,2,2,3,2,4,5,3,4,2,2,1,5,5,4,3,191.2,0.749,"High"
"E287",4,4,2,2,1,3,2,5,4,5,5,1,1,3,1,3,146.5,0.05,"Low"
"E288",5,2,4,2,4,4,5,4,4,1,5,5,1,3,1,3,222.6,0.332,"Low"
"E289",1,4,4,2,2,2,4,4,NA,5,NA,2,1,3,2,3,149.5,0.352,"High"
"E290",2,4,3,2,4,1,4,2,2,1,4,3,2,2,1,3,402.3,0.124,"Low"
"E291",3,4,2,1,4,1,4,4,3,1,3,3,2,3,2,3,177.8,0.16,"Low"
"E292",1,5,3,3,NA,5,4,3,5,5,4,3,NA,5,4,3,151.2,1.393,"High"
"E293",1,NA,5,1,1,4,3,4,2,4,4,3,4,5,5,3,129.9,0.031,"Low"
"E294",3,3,4,3,1,1,4,4,4,5,5,4,5,3,2,3,86.3,-0.095,"Low"
"E295",5,3,3,4,3,1,2,3,1,4,2,5,5,1,1,3,224.7,-1.189,"High"
"E296",4,5,2,3,5,4,5,4,2,5,2,4,4,4,1,3,216.7,-1.254,"High"
"E297",3,4,1,1,3,3,4,2,1,NA,5,2,4,2,4,3,167.7,0.607,"Low"
"E298",3,3,3,5,5,1,4,1,3,2,4,5,4,3,3,3,155.8,-1.949,"High"
"E299",NA,5,5,3,4,3,1,4,2,5,2,5,3,2,2,3,216.5,-0.214,"Low"
"E300",2,4,1,1,2,1,5,3,2,2,5,2,4,1,3,3,76.3,0.242,"Low"
"E301",5,4,4,4,1,1,4,2,1,5,1,5,1,2,4,3,192.9,-0.072,"High"
"E302",3,3,1,2,5,2,5,3,4,3,2,2,3,1,2,3,170.7,-0.306,"Low"
"E303",5,3,1,4,3,5,3,4,3,1,5,3,3,1,4,3,118.4,-0.625,"Low"
"E304",4,3,3,4,3,5,3,4,3,4,5,2,5,3,1,3,194.6,0.247,"High"
"E305",1,3,5,2,1,1,4,1,1,1,2,3,5,3,4,3,39.3,0.983,"Low"
"E306",5,5,3,4,4,NA,NA,1,3,2,3,4,2,2,5,3,214.3,1.619,"High"
"E307",1,4,4,3,5,5,5,1,5,2,4,1,2,3,3,3,79.9,-1.136,"Low"
"E308",1,5,4,1,2,2,2,4,2,2,3,5,2,4,1,3,342.7,1.61,"Low"
"E309",5,2,3,2,3,4,2,1,4,4,4,1,1,4,2,3,215,-0.172,"Low"
"E310",5,5,5,2,2,1,5,4,4,2,5,3,5,3,4,3,258.1,-0.793,"High"
"E311",3,1,5,1,2,3,4,3,5,4,4,5,4,4,NA,3,96.9,-2.3,"High"
"E312",1,2,1,4,1,4,2,3,5,1,2,3,3,3,2,3,239.5,1.061,"Low"
"E313",5,2,5,3,2,3,1,2,3,4,2,3,5,2,4,3,150.6,0.162,"Low"
"E314",3,2,2,5,5,4,5,4,1,4,2,4,2,4,3,3,483.7,0.144,"High"
"E315",1,2,1,2,3,4,1,2,2,1,2,1,5,1,1,3,147.4,-0.781,"Low"
"E316",2,2,5,NA,3,1,2,3,5,1,4,1,3,2,4,3,112.1,-0.493,"Low"
"E317",2,1,4,1,1,2,2,4,2,3,3,3,3,3,1,3,129.6,1.132,"Low"
"E318",3,2,NA,5,4,3,2,3,2,4,4,1,1,4,2,3,279.5,-0.194,"High"
"E319",3,3,4,3,3,5,1,4,4,2,NA,4,5,3,3,3,311,-0.607,"High"
"E320",3,3,4,5,2,5,3,3,1,5,4,2,5,1,3,3,111.4,-1.412,"Low"
"E321",1,1,3,2,2,2,4,3,3,5,NA,1,3,2,3,3,255.5,0.965,"Low"
"E322",3,3,1,2,1,4,3,1,4,3,4,4,4,4,3,3,235,-0.639,"High"
"E323",1,4,3,2,3,2,4,4,3,2,4,5,3,5,1,3,236.5,1.679,"High"
"E324",5,3,3,5,4,1,2,5,5,5,2,3,4,4,4,3,212.2,-2.754,"High"
"E325",3,3,3,3,3,3,3,3,3,3,3,3,3,3,3,3,109.7,-1.42,"High"
"E326",3,3,NA,4,5,5,3,5,1,2,2,1,1,1,4,3,131.6,-1.077,"High"
"E327",2,3,2,1,2,2,2,4,1,4,2,2,1,1,3,3,230.9,0.911,"Low"
"E328",3,4,5,2,4,4,5,1,1,1,NA,4,3,2,2,3,256.9,-1.921,"High"
"E329",2,5,1,3,2,3,4,4,3,3,4,5,1,3,4,3,152.8,-0.23,"High"
"E330",1,1,3,5,4,3,5,4,3,3,2,1,5,3,2,3,315.9,0.307,"Low"
"E331",5,2,5,1,1,NA,2,5,4,2,3,3,4,5,5,3,98.9,0.114,"High"
"E332",3,1,1,2,4,1,2,4,1,1,5,2,3,2,3,3,152.3,1.014,"Low"
"E333",3,5,4,2,5,1,2,4,2,4,1,5,3,NA,5,3,224,0.624,"Low"
"E334",1,1,3,4,2,1,1,3,3,1,2,4,2,5,5,3,422.6,2.377,"Low"
"E335",5,5,5,4,3,3,3,2,4,4,5,2,4,5,5,3,104.4,-0.125,"High"
"E336",4,3,2,1,4,1,3,2,4,3,3,4,2,5,4,3,192.8,1.278,"High"
"E337",3,2,4,NA,4,3,4,2,4,1,1,3,4,3,2,3,188.3,-0.903,"High"
"E338",5,2,4,5,5,4,2,3,NA,4,3,4,5,2,5,3,442.3,-0.341,"High"
"E339",2,2,3,1,2,2,4,3,2,2,2,4,1,4,4,3,268.1,0.416,"High"
"E340",2,1,3,2,1,1,1,3,4,5,1,1,1,1,4,3,209.2,-0.631,"Low"
"E341",5,NA,5,5,5,5,4,5,5,5,5,4,5,5,5,3,217.2,0.62,"Low"
"E342",4,5,5,4,4,2,4,5,2,4,3,4,5,3,1,3,334.4,-0.706,"High"
"E343",5,5,4,1,5,4,5,3,4,2,1,5,5,1,4,3,271.8,0.173,"Low"
"E344",1,1,2,1,2,1,1,1,3,4,NA,1,4,2,5,3,121.2,0.912,"Low"
"E345",4,5,2,4,3,3,2,1,5,4,2,2,1,5,4,3,100.5,-2.165,"High"
"E346",2,5,2,4,NA,1,1,4,4,4,2,2,4,1,4,3,193.9,-0.632,"Low"
"E347",2,4,2,5,3,3,1,1,5,5,5,1,3,3,3,3,128.7,-0.701,"High"
"E348",5,5,5,5,2,1,2,5,1,1,1,1,1,5,1,3,285.6,0.076,"Low"
"E349",5,1,1,4,3,4,5,5,5,1,5,5,1,3,3,3,204.2,1.369,"High"
"E350",NA,3,1,3,2,2,2,1,2,4,4,3,1,5,2,3,168.4,0.625,"High"
"E351",1,1,2,3,2,3,2,1,1,1,1,3,4,4,2,3,95.2,1.114,"Low"
"E352",3,3,5,4,3,5,4,5,2,5,1,4,5,1,1,3,146,-0.532,"High"
"E353",3,4,4,2,1,1,5,4,2,2,4,3,3,1,2,3,104.9,0.494,"High"
"E354",5,4,2,3,4,3,1,4,4,1,2,2,4,4,5,3,256,-0.495,"High"
"E355",3,3,3,3,3,3,3,3,3,3,3,3,3,3,3,3,364,1.178,"Low"
"E356",4,3,3,2,4,NA,2,2,5,2,2,5,2,2,3,3,203.3,-0.76,"Low"
"E357",4,5,5,5,4,4,3,3,3,1,5,4,5,1,3,3,374,-0.852,"High"
"E358",2,1,1,4,2,1,3,5,NA,1,5,4,2,2,5,3,125.9,0.92,"Low"
"E359",4,2,1,1,4,5,3,3,2,1,2,1,NA,1,3,3,165.6,0.823,"Low"
"E360",3,2,3,5,2,2,5,1,3,5,5,3,5,5,4,3,151.1,-0.257,"High"
"E361",3,3,3,3,3,3,3,3,3,NA,3,3,3,3,3,3,301.8,-0.217,"Low"
"E362",3,3,4,2,3,4,4,3,3,2,NA,4,5,1,1,3,209.4,-0.081,"High"
"E363",1,1,1,2,1,1,3,3,3,4,4,4,3,2,4,3,213.7,0.623,"Low"
"E364",1,2,4,2,NA,NA,1,3,1,4,5,1,1,4,2,4,159.8,1.466,"Low"
"E365",2,1,3,3,3,2,5,2,1,4,5,5,2,2,1,3,148.9,0.383,"Low"
"E366",5,2,4,2,1,5,5,2,3,2,4,2,4,2,2,3,323.3,0.711,"Low"
"E367",4,3,3,5,1,3,4,3,2,3,3,3,4,2,4,3,189.8,0.114,"High"
"E368",5,4,1,2,1,4,1,3,1,2,2,4,2,5,5,3,176.9,-0.659,"High"
"E369",4,1,5,2,4,2,4,3,2,5,1,2,5,1,3,3,150.6,-0.429,"High"
"E370",5,4,4,2,5,1,2,3,4,2,3,4,1,2,1,3,276.8,0.201,"Low"
"E371",1,2,1,NA,5,3,1,1,1,1,2,1,4,NA,4,3,161.2,0.734,"Low"
"E372",1,4,5,1,3,3,2,3,4,3,2,3,4,5,1,3,92.8,1.498,"Low"
"E373",5,1,2,1,NA,5,NA,5,1,1,2,3,3,2,3,3,190.6,-0.073,"Low"
"E374",2,1,2,2,NA,2,2,3,3,2,4,1,1,5,2,3,123.8,1.169,"Low"
"E375",4,5,3,2,5,1,4,3,3,3,1,2,1,5,4,3,106.8,0.377,"High"
"E376",3,4,1,2,5,3,3,1,4,5,3,4,2,1,5,3,250.2,0.998,"High"
"E377",NA,2,3,4,2,3,3,3,5,5,4,3,1,2,5,3,156.9,0.847,"High"
"E378",3,3,3,3,3,3,3,3,3,3,3,3,3,3,3,3,268.8,-0.115,"High"
"E379",2,2,2,4,2,1,4,1,4,2,5,5,2,3,4,3,147.2,0.127,"Low"
"E380",5,5,5,NA,1,1,3,5,3,5,4,5,1,4,2,3,260,-0.991,"High"
"E381",2,2,2,2,1,1,1,1,1,1,3,3,2,3,2,3,114.6,2.041,"Low"
"E382",3,5,5,4,2,4,5,3,2,3,4,5,3,5,2,3,301.5,0.71,"High"
"E383",5,4,5,5,5,5,4,5,5,5,5,5,5,5,5,3,104.8,0.343,"Low"
"E384",5,1,3,1,1,3,5,5,3,3,5,3,1,1,5,3,172.5,-0.912,"High"
"E385",5,5,5,5,5,5,5,1,5,1,5,4,1,2,5,3,163.3,-1.141,"High"
"E386",3,5,5,4,5,2,1,3,5,5,4,1,4,1,5,3,206.1,1.32,"Low"
"E387",3,4,2,2,5,1,3,5,3,3,2,5,NA,4,2,3,257.1,-0.339,"High"
"E388",3,5,2,4,4,3,2,3,5,2,1,1,3,5,3,3,164.7,-1.613,"High"
"E389",3,2,3,4,5,4,2,4,3,3,3,4,2,2,1,3,146,0.327,"Low"
"E390",4,2,1,3,3,5,5,1,4,5,5,4,3,4,4,3,92.6,0.654,"Low"
"E391",3,5,4,2,3,3,5,4,5,1,4,1,1,5,1,3,149.8,0.451,"High"
"E392",4,2,2,5,2,4,5,5,1,3,2,3,2,2,2,3,137.2,0.126,"Low"
"E393",5,4,1,5,1,5,2,2,5,5,NA,4,5,1,3,5,150,-0.237,"High"
"E394",2,2,4,4,3,4,3,NA,3,3,1,4,5,4,3,3,279.5,-0.752,"High"
"E395",2,3,2,4,2,NA,5,4,5,2,NA,5,3,3,3,3,38.5,-0.679,"Low"
"E396",3,2,2,1,2,1,1,3,2,2,3,5,1,1,3,3,218.8,-0.133,"Low"
"E397",5,2,4,3,3,2,2,3,4,3,5,5,2,3,1,1,265.6,0.79,"Low"
"E398",1,5,3,3,1,3,4,2,5,5,4,4,2,1,5,3,507,-0.421,"High"
"E399",2,4,1,1,5,4,2,5,2,2,2,1,2,5,4,3,425.9,-0.099,"High"
"E400",3,4,2,5,3,4,5,4,1,1,5,1,1,4,4,3,275.4,-0.121,"High"
"E401",1,4,3,1,4,5,2,3,2,1,3,3,4,2,1,3,309.8,0.7,"Low"
"E402",3,1,3,3,2,2,3,1,2,2,3,3,4,1,5,3,165.2,2.485,"Low"
"E403",3,3,3,3,3,3,3,3,3,3,3,3,3,3,3,3,133.6,-0.292,"High"
"E404",3,3,5,5,5,5,2,2,1,2,1,3,3,3,2,3,183.1,-1.297,"High"
"E405",1,2,1,1,2,2,4,2,3,1,5,2,1,2,NA,3,192.8,0.734,"Low"
"E406",4,2,4,2,4,2,1,4,2,4,4,3,4,5,2,3,259.6,0.372,"Low"
"E407",5,5,4,1,4,1,2,4,3,5,4,2,2,4,2,3,104.9,-2.072,"Low"
"E408",2,5,4,5,5,5,5,5,5,4,2,5,1,3,NA,3,405.7,0.489,"High"
"E409",5,5,5,5,5,3,5,5,4,5,2,3,5,3,1,3,273.2,0.841,"High"
"E410",3,3,4,2,3,1,5,3,2,5,1,3,2,2,3,3,167.1,-0.118,"Low"
"E411",3,1,NA,2,5,2,5,2,3,1,2,1,NA,5,3,3,104.4,-0.342,"Low"
"E412",5,1,4,2,3,2,3,3,3,5,2,5,1,1,5,3,144.5,0.74,"High"
"E413",5,5,4,4,NA,5,3,4,5,3,3,2,1,4,3,3,388.1,0.011,"High"
"E414",1,5,1,2,4,2,4,4,2,3,4,5,5,4,2,3,266,-0.391,"High"
"E415",5,5,5,5,5,5,4,5,5,5,5,5,5,NA,5,3,114.6,2.054,"High"
"E416",3,1,2,1,1,4,1,4,5,5,1,2,3,3,1,3,119.4,-0.718,"Low"
"E417",2,5,4,3,2,3,4,3,3,2,5,4,4,4,3,3,134.6,-0.823,"High"
"E418",4,3,4,3,5,5,3,2,4,2,5,2,4,4,4,3,119.4,-2.304,"High"
"E419",3,3,3,3,3,3,3,3,3,3,3,3,3,3,3,3,240.7,-0.76,"High"
"E420",4,3,1,1,1,4,4,3,2,1,4,3,1,2,2,3,231.7,-1.242,"High"
"E421",4,4,2,4,3,2,3,3,3,3,4,3,4,5,2,3,172,-0.123,"High"
"E422",3,4,4,5,2,2,3,4,2,5,3,1,2,3,2,3,177.7,0.28,"High"
"E423",5,NA,1,5,5,2,4,5,5,3,1,5,1,2,NA,3,130.6,-0.653,"High"
"E424",1,4,3,1,1,2,3,5,5,3,1,2,3,3,3,3,173.9,0.9,"Low"
"E425",5,5,2,5,5,2,2,4,5,1,5,4,1,2,4,3,177.8,0.717,"High"
"E426",2,5,5,5,5,5,NA,5,2,4,5,2,2,5,5,3,255.4,0.063,"High"
"E427",2,5,1,5,4,3,5,2,5,2,1,1,1,4,NA,3,90.9,-0.331,"High"
"E428",5,4,1,3,4,5,4,5,1,3,5,1,4,4,5,3,315.9,-0.756,"High"
"E429",1,4,2,1,5,1,4,4,3,2,2,2,5,5,3,3,207.9,-0.77,"Low"
"E430",2,3,5,1,NA,2,3,4,2,2,4,2,2,4,5,3,369.9,0.977,"Low"
"E431",3,4,3,4,2,2,2,4,3,4,4,4,3,2,5,3,220,-0.124,"High"
"E432",2,2,1,2,1,3,3,2,4,1,1,2,1,1,1,3,428.1,1.908,"Low"
"E433",1,3,2,2,4,5,1,3,1,1,1,2,4,1,2,3,119.2,-0.763,"High"
"E434",3,4,5,4,3,4,5,1,5,5,5,3,2,3,3,3,272.1,-1.142,"High"
"E435",4,5,5,NA,5,2,3,5,5,3,1,5,3,3,5,3,262.6,1.499,"High"
"E436",2,3,2,2,4,3,4,5,1,1,5,4,5,5,4,3,163.7,0.544,"Low"
"E437",5,4,4,5,5,4,4,4,4,4,3,2,5,5,4,1,141.3,0.283,"High"
"E438",1,4,1,5,1,2,NA,1,3,5,3,3,2,3,2,3,79.5,-2.099,"High"
"E439",5,2,2,5,2,2,5,5,1,2,4,5,2,4,NA,3,191.4,0.019,"High"
"E440",1,1,1,5,3,2,2,2,4,4,4,4,1,2,2,3,363.3,0.475,"High"
"E441",5,2,4,4,4,5,3,5,5,3,4,4,4,4,3,3,271.4,-0.202,"High"
"E442",5,5,5,5,4,5,5,1,4,5,3,2,2,3,5,3,124.4,-0.271,"High"
"E443",5,5,4,4,5,4,4,3,5,1,5,5,3,2,5,3,218.9,-0.866,"High"
"E444",5,4,4,4,5,5,5,4,4,1,3,5,3,3,1,3,156.6,-0.676,"High"
"E445",3,4,1,4,NA,5,1,3,5,1,1,3,1,5,4,3,247.4,1.975,"Low"
"E446",4,4,4,3,2,4,3,4,4,5,5,5,2,4,1,3,180.4,-1.125,"High"
"E447",1,3,3,2,1,2,3,2,1,5,5,3,2,4,3,3,238.9,-0.127,"Low"
"E448",5,1,1,2,4,1,3,3,1,2,2,3,5,3,2,3,272.1,0.045,"Low"
"E449",4,5,5,5,4,5,5,4,5,5,5,2,5,NA,1,3,107.4,-2.494,"High"
"E450",5,1,5,4,2,4,2,1,5,5,4,4,2,2,2,3,17.7,-0.28,"Low"
"E451",3,3,2,4,4,2,1,NA,5,2,1,5,5,1,2,3,159,0.942,"Low"
"E452",3,4,2,5,4,1,4,4,4,4,2,1,2,1,2,3,176.7,0.52,"High"
"E453",5,5,3,5,5,4,4,4,3,5,4,5,4,5,1,3,106.8,-0.44,"High"
"E454",5,3,4,4,2,5,4,3,4,5,2,3,4,4,4,3,149.5,0.065,"High"
"E455",2,3,4,1,4,1,NA,2,5,3,3,4,4,3,1,3,184.9,-0.865,"Low"
"E456",2,1,1,3,3,NA,5,2,2,3,2,3,4,3,2,3,135.7,1.335,"Low"
"E457",4,3,5,2,2,5,3,5,4,5,4,4,4,2,4,3,130.9,0.12,"High"
"E458",5,5,1,1,5,5,NA,4,2,3,3,2,5,3,1,3,142.7,0.679,"High"
"E459",3,3,3,3,3,3,3,3,3,3,3,3,3,3,3,3,167.5,-0.224,"Low"
"E460",5,3,5,5,1,5,4,3,2,2,2,1,4,4,4,3,160.6,0.866,"Low"
"E461",3,3,1,1,2,3,2,NA,2,3,2,4,5,1,1,3,216.6,1.649,"Low"
"E462",3,1,1,3,2,1,1,4,1,3,1,2,4,5,2,3,555.5,-1.021,"High"
"E463",1,1,1,3,1,4,2,2,5,5,4,5,5,1,2,3,173.3,0.569,"High"
"E464",1,1,1,4,2,2,5,2,3,1,1,1,2,1,4,3,272,2.105,"Low"
"E465",3,1,1,2,3,2,1,2,1,1,1,1,1,4,3,3,141,-0.655,"Low"
"E466",1,4,5,2,NA,1,4,3,2,1,3,1,3,2,1,3,140.6,-0.095,"Low"
"E467",5,4,2,4,3,1,4,4,3,3,5,2,2,2,4,3,240.6,0.274,"High"
"E468",4,3,5,1,1,4,1,NA,4,2,5,3,2,3,5,3,203.9,1.24,"High"
"E469",3,1,3,4,4,2,5,2,1,4,4,5,2,5,5,3,208.9,-0.049,"High"
"E470",1,1,5,5,1,1,1,3,4,1,2,3,4,2,2,3,126.3,0.718,"Low"
"E471",2,3,2,1,5,2,5,4,1,2,4,2,2,2,1,3,146.5,1.334,"Low"
"E472",5,5,5,5,2,NA,2,2,3,5,1,5,4,4,4,3,129.3,0.14,"High"
"E473",5,5,4,2,5,3,3,3,1,4,4,3,4,3,5,3,234.2,-1.755,"High"
"E474",5,5,4,4,1,2,1,1,4,3,2,3,4,2,3,3,101.9,-2.137,"High"
"E475",NA,1,3,NA,1,5,2,4,5,3,1,4,3,4,2,3,187.4,-0.911,"High"
"E476",3,4,3,5,4,2,5,5,5,1,1,1,4,5,5,3,98.8,-1.107,"High"
"E477",5,NA,1,1,4,3,3,4,2,5,2,4,5,5,5,3,140.8,-1.16,"High"
"E478",3,4,4,1,2,4,5,2,1,5,3,5,5,1,2,3,120.1,-0.342,"High"
"E479",5,2,1,2,2,2,1,1,4,4,2,1,2,5,4,3,123.5,0.183,"Low"
"E480",2,4,3,2,5,2,2,4,5,5,5,1,2,5,4,3,216.7,-0.9,"High"
"E481",5,1,4,4,5,4,4,5,2,1,4,4,3,2,1,3,190.6,-0.222,"High"
"E482",1,5,4,2,1,5,2,2,NA,1,1,5,4,4,4,3,39.6,0.915,"Low"
"E483",1,4,1,1,1,3,3,3,2,4,2,4,4,2,1,3,178.3,0.982,"Low"
"E484",2,4,5,4,4,5,5,5,3,5,1,3,3,1,3,3,200.7,-0.975,"High"
"E485",2,3,1,4,4,3,5,4,2,5,1,5,4,4,4,3,226.6,0.538,"High"
"E486",5,4,3,3,4,3,4,2,3,5,2,2,4,4,3,3,325.6,-0.453,"High"
"E487",5,5,4,1,5,4,1,1,4,5,1,3,3,3,3,3,247.6,-0.977,"High"
"E488",3,3,NA,1,1,4,1,2,4,5,5,2,1,3,3,3,168.9,0.023,"Low"
"E489",2,2,3,1,5,1,1,4,1,3,2,2,1,4,2,3,253.9,-0.852,"High"
"E490",1,5,2,4,4,2,4,5,3,5,3,2,1,4,1,3,116.1,-1.056,"High"
"E491",5,3,2,5,4,3,2,1,5,1,3,2,5,2,5,3,138.2,-0.21,"High"
"E492",1,1,4,3,2,5,4,3,3,3,1,2,3,2,2,3,221.7,0.587,"Low"
"E493",1,2,3,5,3,3,5,1,4,1,5,5,1,1,1,3,242.5,1.057,"Low"
"E494",3,1,5,1,2,1,5,2,3,2,2,3,4,2,1,3,241.5,1.067,"High"
"E495",1,3,4,1,3,4,4,1,4,3,4,4,5,4,1,3,83.9,-0.745,"Low"
"E496",2,2,5,3,1,2,5,4,3,3,NA,3,5,1,2,3,237.9,-0.594,"High"
"E497",2,3,4,3,4,5,3,2,1,2,1,3,5,1,1,3,136,-0.227,"High"
"E498",4,2,1,1,1,2,3,1,3,3,2,1,5,4,5,3,231.6,1.505,"Low"
"E499",2,3,2,2,4,5,4,5,1,4,5,4,3,5,1,3,394.1,-0.898,"High"
"E500",5,3,5,NA,1,1,2,2,1,NA,1,4,2,4,NA,3,190.1,-1.891,"High"
"E501",5,4,5,1,4,2,3,2,1,1,5,2,2,1,5,3,83.7,-0.874,"High"
"E502",2,5,4,1,4,5,5,1,1,4,1,5,2,4,1,3,304.6,0.804,"High"
"E503",2,3,1,1,4,2,5,4,1,3,4,2,3,3,4,3,89,-0.59,"Low"
"E504",3,3,2,3,2,1,3,5,4,5,4,5,3,2,1,3,153.7,-2.039,"High"
"E505",2,3,3,1,2,5,1,4,3,3,4,1,1,1,2,3,170.3,-0.559,"Low"
"E506",4,1,1,2,2,2,1,4,3,2,2,1,5,3,3,3,136.4,1.742,"Low"
"E507",1,4,5,4,5,3,4,2,NA,5,5,3,5,5,1,3,165.9,-0.054,"High"
"E508",2,1,1,1,3,5,3,2,3,4,1,3,1,1,5,3,237.5,0.899,"Low"
"E509",1,2,1,5,1,4,1,3,5,2,1,2,3,2,3,3,27.7,-0.711,"Low"
"E510",5,5,2,3,4,3,3,2,5,5,4,5,2,1,4,3,278.7,-1.847,"High"
"E511",3,4,4,2,4,NA,4,5,3,3,3,4,4,5,4,3,163.7,-1.62,"High"
"E512",NA,5,5,2,5,1,3,5,4,4,3,4,5,2,5,3,252.9,-1.577,"High"
"E513",3,5,3,5,4,4,3,3,1,5,2,3,4,2,4,3,230.3,2.154,"High"
"E514",1,3,3,4,1,5,3,2,4,1,2,1,1,2,1,3,162.5,1.521,"Low"
"E515",3,4,1,1,3,3,2,1,2,4,2,4,5,2,4,3,161.1,1.171,"Low"
"E516",1,2,3,5,3,2,1,1,5,1,2,3,2,2,4,3,279.5,-0.437,"Low"
"E517",2,5,2,3,1,4,5,4,4,2,4,2,NA,3,4,3,275,-0.015,"High"
"E518",4,NA,5,5,5,5,4,5,5,5,5,5,5,5,5,3,173.6,1.272,"High"
"E519",1,5,4,3,5,2,4,4,4,5,1,5,5,4,4,3,255.8,-0.729,"High"
"E520",4,5,4,2,4,5,3,3,2,5,5,4,1,3,5,3,247.2,-1.517,"High"
"E521",4,5,5,2,5,3,2,4,4,2,5,4,4,5,4,1,23.7,-0.749,"High"
"E522",5,5,1,5,5,5,3,4,5,5,4,5,4,5,1,3,91.8,-0.585,"High"
"E523",3,2,1,3,4,1,4,1,1,3,4,3,2,2,4,3,184.2,-0.514,"Low"
"E524",5,4,1,2,4,4,2,1,2,1,1,5,4,2,3,3,161.4,-1.039,"Low"
"E525",3,3,3,3,3,3,3,3,3,3,3,3,3,3,3,3,190.5,-0.431,"Low"
"E526",1,3,3,4,1,3,1,1,5,4,1,2,4,5,5,3,195.3,0.206,"High"
"E527",5,3,5,3,3,4,4,5,1,3,4,3,5,3,4,3,284.5,-1.967,"Low"
"E528",1,1,1,2,5,1,4,2,3,1,2,2,2,3,1,3,130.1,0.781,"Low"
"E529",3,3,1,5,3,5,2,2,2,2,3,NA,3,2,4,3,165.9,-0.246,"High"
"E530",4,1,4,5,NA,2,4,4,2,4,2,2,2,3,4,3,113.5,-1.859,"High"
"E531",4,3,5,3,4,2,5,4,4,3,4,4,5,1,1,3,252.8,-0.365,"High"
"E532",5,5,5,4,4,1,2,5,5,3,5,3,2,2,NA,3,322.9,-0.98,"High"
"E533",4,5,3,4,5,3,5,2,2,4,3,2,3,4,4,3,117.7,-0.469,"High"
"E534",NA,5,1,2,4,NA,3,5,4,5,4,1,4,3,5,3,151.9,1.721,"High"
"E535",5,5,2,1,2,4,1,5,5,2,1,2,5,5,1,3,206.9,-1.005,"High"
"E536",5,2,2,2,4,4,3,2,2,2,3,4,5,3,5,3,213.8,-0.862,"High"
"E537",3,3,5,1,3,3,3,2,2,4,1,3,4,5,3,3,115.1,0.408,"High"
"E538",2,4,4,2,1,5,3,2,5,3,2,1,5,2,3,3,99.8,-0.014,"High"
"E539",2,4,3,1,3,5,2,3,3,4,2,4,3,1,2,3,98.9,-0.684,"Low"
"E540",3,2,5,5,3,4,5,1,4,1,2,5,4,2,5,3,255.6,-1.89,"High"
"E541",1,4,4,1,3,5,2,1,5,1,2,2,5,5,1,3,183.8,-0.017,"Low"
"E542",4,3,4,2,2,2,5,2,5,4,3,1,1,5,5,3,169.3,0.909,"High"
"E543",5,3,3,5,3,4,1,5,5,5,3,5,1,3,5,3,133.4,-0.85,"High"
"E544",5,4,5,4,4,2,4,4,5,2,3,5,3,5,5,3,220.7,-0.161,"High"
"E545",5,4,5,5,5,5,1,1,4,3,5,2,2,5,3,3,233.8,-1.982,"High"
"E546",5,2,4,1,3,3,1,3,4,2,4,4,2,3,1,3,120.7,0.267,"Low"
"E547",4,5,5,2,2,4,4,1,5,4,5,4,3,5,3,3,159.8,0.274,"High"
"E548",1,1,3,4,2,1,3,4,3,1,1,4,3,3,4,3,349,-0.106,"Low"
"E549",1,1,3,2,1,1,3,5,5,4,4,5,1,2,3,3,192.3,0.407,"Low"
"E550",4,4,3,2,4,3,5,1,3,3,4,1,5,5,3,3,115.6,0.16,"High"
"E551",1,2,3,5,1,2,1,5,1,5,1,4,2,5,4,3,126.2,1.076,"Low"
"E552",5,5,3,5,5,4,5,4,5,5,4,5,4,3,1,3,238.1,-2.25,"High"
"E553",4,1,3,3,4,5,2,4,2,4,4,2,1,1,3,3,153.6,-1.377,"High"
"E554",4,2,1,4,3,4,4,4,4,5,1,5,3,4,5,3,220.9,-1.321,"High"
"E555",2,3,2,1,3,1,3,4,1,4,5,5,1,1,2,3,169.2,-0.36,"High"
"E556",1,2,4,4,2,1,1,1,1,1,3,3,1,4,4,3,142.4,2.282,"Low"
"E557",5,2,3,4,5,2,2,2,2,3,2,2,4,3,4,3,197,-1.132,"High"
"E558",4,4,5,4,4,3,5,1,4,5,5,5,3,3,5,3,140.9,-0.696,"High"
"E559",1,1,3,2,5,1,2,2,2,2,4,3,1,3,4,3,336.3,1.216,"Low"
"E560",5,5,3,4,2,3,3,5,4,4,2,4,2,2,1,5,189.4,-0.508,"Low"
"E561",1,2,3,5,5,4,2,2,3,2,3,NA,5,2,5,3,20.2,-0.823,"High"
"E562",5,NA,5,3,4,1,3,2,4,3,5,2,5,1,5,3,172.8,-1.606,"High"
"E563",2,2,1,5,2,4,1,3,3,1,5,5,2,2,5,3,199.4,0.521,"High"
"E564",2,4,3,1,1,4,2,5,3,4,4,1,2,3,3,3,188.5,0.054,"Low"
"E565",5,4,1,3,2,2,5,1,1,4,3,5,4,5,5,3,101.5,0.259,"High"
"E566",2,2,1,3,2,1,2,1,NA,3,2,5,5,5,5,3,148.4,0.795,"Low"
"E567",3,2,4,4,1,5,4,4,5,3,1,4,3,4,2,3,289.8,-0.297,"High"
"E568",3,3,3,3,3,3,3,3,3,3,3,3,3,3,3,3,185.7,-1.646,"High"
"E569",5,1,5,3,2,5,1,1,4,5,4,NA,4,1,1,3,191.3,-0.421,"Low"
"E570",1,1,5,5,1,2,4,1,1,1,3,3,4,4,5,3,108.1,0.811,"Low"
"E571",5,4,5,4,5,4,5,4,4,5,3,2,4,1,5,1,98.9,-0.034,"Low"
"E572",2,2,2,3,4,4,1,3,1,2,4,4,2,5,5,3,142.3,0.092,"Low"
"E573",1,1,1,4,5,NA,5,3,3,3,4,2,3,5,1,3,160.9,-1.395,"High"
"E574",2,1,5,1,4,2,3,4,2,2,2,3,5,4,1,3,146.8,1.402,"High"
"E575",5,4,3,1,3,1,1,4,2,3,4,3,1,2,5,3,213.5,-0.3,"Low"
"E576",3,3,3,3,3,3,3,3,3,3,3,3,3,3,3,3,234.1,-0.713,"High"
"E577",1,4,1,2,1,2,1,3,1,5,5,2,2,3,2,3,433.8,1.344,"Low"
"E578",2,2,NA,5,5,2,1,2,3,4,1,2,1,5,4,3,194.8,-0.297,"High"
"E579",5,5,2,3,4,1,3,3,5,3,5,2,5,3,4,3,209.7,0.014,"High"
"E580",1,2,1,1,4,3,2,2,3,4,3,1,2,4,5,3,114.7,0.517,"Low"
"E581",4,1,3,1,2,2,1,1,3,3,1,4,5,3,2,3,171.8,-1.484,"Low"
"E582",3,3,3,NA,3,3,3,3,3,3,3,3,3,3,3,3,183.9,1.459,"Low"
"E583",4,5,3,2,3,4,4,3,4,5,4,5,5,4,5,3,142.8,-1.731,"High"
"E584",3,3,3,3,3,3,3,3,3,3,3,3,3,3,3,3,231.4,-1.917,"Low"
"E585",4,4,4,5,5,4,4,3,NA,5,2,3,5,1,3,3,203.4,0.012,"Low"
"E586",NA,2,2,4,5,2,4,4,1,2,3,2,5,2,4,3,161.4,0.52,"Low"
"E587",3,4,4,5,2,1,3,2,2,3,1,2,4,2,5,3,107.8,-0.79,"Low"
"E588",1,5,4,3,4,1,3,5,4,3,2,5,1,5,3,3,216.1,-0.256,"High"
"E589",2,5,3,3,3,5,2,4,1,2,3,3,5,5,5,3,251,0.226,"High"
"E590",3,5,5,1,4,2,5,5,4,4,1,4,2,1,4,3,269.6,-0.817,"High"
"E591",3,2,4,4,1,5,5,1,2,2,3,3,NA,1,2,3,242.3,-0.567,"Low"
"E592",1,2,3,2,4,1,NA,3,1,4,3,2,4,4,5,3,217.3,1.148,"Low"
"E593",1,1,2,1,3,5,2,2,4,3,1,2,1,3,4,3,288.9,2.106,"Low"
"E594",1,5,2,NA,5,2,1,4,4,5,4,2,3,3,3,3,246.3,0.158,"High"
"E595",4,5,5,2,1,3,3,2,4,2,4,5,3,1,1,3,294.5,-0.295,"High"
"E596",3,2,3,1,4,1,NA,1,2,NA,4,4,1,5,4,3,162,0.94,"High"
"E597",4,3,2,5,1,5,1,3,5,2,2,2,4,1,4,3,343.3,0.235,"Low"
"E598",3,3,1,4,1,4,3,2,3,3,5,5,4,2,5,3,191.6,-0.059,"High"
"E599",3,3,2,NA,3,2,4,NA,2,3,3,3,2,4,4,3,185.7,-0.059,"High"
"E600",2,2,1,3,5,NA,3,4,5,1,2,1,1,2,4,3,164.9,-1.015,"Low"
"E601",1,4,5,5,2,5,2,4,1,3,4,5,5,3,2,3,66.1,-0.638,"High"
"E602",1,4,4,2,1,2,1,2,4,4,1,3,3,4,3,3,119.6,-1.043,"Low"
"E603",1,1,1,1,3,3,2,5,4,3,4,1,4,2,5,3,112.3,1.062,"Low"
"E604",5,3,2,4,1,2,2,3,3,3,3,2,1,5,5,3,128.5,2.124,"High"
"E605",5,5,3,5,5,2,5,NA,5,4,1,5,5,5,5,3,124.8,-0.098,"High"
"E606",5,2,5,5,3,5,3,4,5,2,2,3,3,5,3,3,151.5,-1.062,"High"
"E607",5,4,5,1,4,3,1,4,2,3,4,5,3,3,2,3,195.2,-0.537,"High"
"E608",4,4,3,1,3,4,3,4,5,4,5,3,5,3,2,3,230.7,0.408,"High"
"E609",4,5,3,3,4,1,5,3,4,3,4,5,1,3,5,3,106,-0.433,"High"
"E610",4,4,4,4,2,2,2,3,1,3,4,2,1,4,5,3,198.7,0.297,"Low"
"E611",3,4,1,1,5,2,5,1,4,2,1,1,4,1,4,3,219.2,-0.048,"Low"
"E612",1,1,3,5,2,2,1,1,2,1,2,2,4,1,NA,3,197.7,0.967,"Low"
"E613",4,4,1,3,1,5,3,4,2,5,4,3,2,1,3,3,133.9,0.478,"High"
"E614",2,3,2,1,2,2,1,2,2,5,4,4,3,5,3,3,137.7,0.035,"Low"
"E615",3,5,5,1,2,4,4,4,5,5,1,3,NA,4,3,3,194.7,-0.811,"High"
"E616",3,4,4,5,4,3,5,5,4,2,5,3,2,2,3,3,211,-0.875,"Low"
"E617",3,4,1,1,5,4,5,3,5,2,3,2,1,2,4,3,206.3,2.114,"Low"
"E618",2,5,5,4,4,5,4,3,4,1,1,1,5,3,NA,3,237.2,0.711,"High"
"E619",2,5,5,2,5,3,2,5,5,5,3,2,2,3,3,3,174.3,-0.115,"Low"
"E620",1,5,4,4,5,4,2,2,4,2,3,1,1,2,5,1,262.4,-0.578,"High"
"E621",3,1,3,2,5,5,5,1,2,5,2,3,1,2,5,3,206.3,0.455,"Low"
"E622",1,1,1,1,5,1,3,4,1,1,3,1,2,1,2,3,196.2,-0.686,"Low"
"E623",1,1,5,2,1,NA,1,5,4,5,5,NA,5,2,2,3,118.5,-0.607,"Low"
"E624",1,NA,1,1,1,3,3,1,2,1,5,1,3,4,4,3,133.3,0.841,"High"
"E625",3,1,3,5,2,1,2,2,3,1,1,2,5,5,1,3,110.9,0.639,"Low"
"E626",5,5,3,2,NA,2,3,4,4,4,2,2,3,5,1,3,118.9,-0.943,"Low"
"E627",3,3,3,3,3,3,3,3,3,3,3,3,3,3,3,3,164.4,-0.438,"Low"
"E628",2,1,2,5,5,NA,3,5,2,3,2,4,5,3,2,3,106.6,-0.772,"Low"
"E629",4,5,4,4,5,5,3,NA,1,5,4,4,4,3,5,3,121.9,-0.811,"High"
"E630",1,1,5,5,5,1,5,2,4,3,4,2,3,2,4,3,191.9,1.003,"Low"
"E631",2,1,1,3,1,2,4,1,4,4,2,1,1,1,2,3,208.9,1.033,"Low"
"E632",1,5,NA,4,1,3,1,3,3,5,4,2,1,3,1,3,126.2,0.654,"High"
"E633",2,3,5,2,4,4,4,1,1,5,5,5,4,5,5,3,476.1,-0.9,"High"
"E634",1,2,1,2,2,3,1,2,4,4,2,2,1,2,3,3,250.8,-0.708,"Low"
"E635",2,2,1,5,2,4,4,3,4,2,5,1,4,2,3,3,134.6,0.401,"High"
"E636",4,4,4,4,1,4,5,4,2,NA,4,1,5,3,3,3,102.1,0.068,"High"
"E637",2,5,4,4,3,1,5,3,3,3,4,2,3,5,3,3,196,0.615,"Low"
"E638",5,5,4,5,5,3,NA,2,5,5,1,4,1,4,2,3,232.8,-1.755,"High"
"E639",3,4,2,1,2,2,4,5,4,3,4,NA,2,5,2,3,311.3,0.176,"Low"
"E640",3,1,2,3,4,5,4,2,5,2,1,1,2,3,5,3,143.3,-0.165,"Low"
"E641",2,4,3,2,2,5,1,4,2,5,2,3,4,1,4,2,276.8,1.83,"Low"
"E642",2,4,4,3,5,4,1,1,4,2,4,5,2,2,4,3,175.3,1.739,"Low"
"E643",5,3,2,5,2,3,5,3,2,5,2,2,5,3,4,3,302.2,-1.438,"High"
"E644",4,4,4,5,4,4,5,5,5,5,4,5,5,2,2,3,202.9,-1.359,"High"
"E645",3,1,1,3,1,1,1,3,1,3,2,1,2,5,4,3,292.6,-0.267,"Low"
"E646",3,3,3,4,2,1,2,2,3,1,2,2,3,4,4,3,202.5,0.45,"High"
"E647",2,1,1,1,2,1,4,4,1,5,2,2,5,2,2,3,155.7,-0.222,"Low"
"E648",3,5,1,5,3,4,1,3,5,3,1,5,3,4,3,3,159,-0.889,"High"
"E649",3,2,4,3,2,3,4,4,5,1,5,1,4,5,4,3,118.9,-1.521,"Low"
"E650",3,3,3,3,3,3,3,3,3,3,3,3,3,3,3,3,287.1,-0.045,"Low"
"E651",2,3,4,3,2,3,4,5,4,2,5,4,3,2,4,3,115.5,0.536,"Low"
"E652",3,1,5,5,5,1,5,4,5,2,5,3,1,2,5,3,215.3,-0.285,"High"
"E653",3,2,4,2,2,5,3,1,4,2,5,3,3,3,3,3,100,1.064,"High"
"E654",3,3,5,2,3,1,2,2,4,4,2,4,2,1,2,3,153.8,-0.709,"High"
"E655",3,4,2,3,1,1,1,3,1,4,3,2,4,5,NA,3,194.8,-1.368,"Low"
"E656",2,5,5,3,3,2,4,5,2,1,3,5,4,1,4,3,297.5,-1.869,"High"
"E657",3,5,1,1,5,3,3,4,NA,5,2,5,4,2,3,3,160.8,-0.584,"High"
"E658",1,3,1,2,4,4,2,1,5,5,2,3,1,4,1,3,146.9,-0.151,"Low"
"E659",2,3,3,5,3,4,3,4,5,4,4,4,2,2,3,3,167.1,-2.169,"Low"
"E660",3,4,3,3,2,5,2,5,5,1,1,2,4,2,2,3,161.2,-0.489,"Low"
"E661",3,4,2,3,1,5,4,2,3,1,3,4,2,4,2,3,176.4,0.043,"Low"
"E662",2,4,5,3,2,5,2,3,3,3,1,2,4,3,2,3,34.5,-1.581,"High"
"E663",3,3,3,3,3,3,3,3,3,3,3,3,3,3,3,3,273.5,-0.968,"High"
"E664",2,3,1,2,1,3,2,1,3,4,4,4,5,2,1,3,226.4,0.265,"High"
"E665",1,1,4,2,2,1,2,2,3,3,1,4,1,3,1,3,197,0.577,"Low"
"E666",2,3,1,4,5,5,3,2,2,4,2,2,1,2,3,3,315.5,-1.494,"High"
"E667",3,1,2,5,2,1,1,2,4,4,1,2,4,1,1,3,277.6,-0.074,"Low"
"E668",1,1,1,4,4,3,3,4,2,1,1,5,2,5,5,3,165.9,0.708,"Low"
"E669",1,4,1,3,4,5,4,1,4,2,3,4,3,1,3,3,219.4,-0.051,"Low"
"E670",1,4,1,2,1,5,1,4,5,3,1,4,3,5,4,3,217.8,0.54,"Low"
"E671",5,5,5,5,5,5,5,4,5,5,5,4,5,NA,5,3,209.7,1.959,"Low"
"E672",3,4,3,5,3,4,5,5,1,5,3,NA,4,5,5,3,178.3,-1.214,"High"
"E673",4,3,2,5,4,1,3,4,4,4,1,1,3,3,1,3,16.4,0.208,"Low"
"E674",5,3,2,4,4,1,4,2,5,4,2,1,5,1,4,3,248.5,-0.825,"High"
"E675",4,4,3,4,5,3,5,5,4,1,2,1,5,3,4,3,112.4,0.42,"High"
"E676",3,3,5,3,2,5,4,2,5,1,5,2,NA,NA,1,3,178.4,-0.729,"Low"
"E677",NA,2,2,4,3,1,3,1,2,3,4,2,4,2,4,3,208.5,-0.691,"High"
"E678",3,2,1,5,5,2,1,5,4,1,3,3,3,2,4,3,207.4,-0.708,"Low"
"E679",1,4,5,1,4,5,2,2,5,3,3,2,5,5,4,3,321.2,-1.192,"High"
"E680",4,5,5,1,2,5,2,2,2,1,NA,5,5,2,2,3,94.2,0.011,"High"
"E681",1,3,4,1,3,3,2,2,1,1,4,2,4,1,4,3,352.4,0.572,"Low"
"E682",3,3,1,1,3,5,1,4,5,5,2,3,2,2,4,3,116.3,-0.792,"High"
"E683",3,4,5,3,4,4,1,1,2,5,4,4,5,4,2,3,314.2,-0.399,"High"
"E684",4,3,3,4,4,2,5,4,4,5,2,4,5,2,3,3,258.7,-1.361,"Low"
"E685",5,4,4,3,2,4,2,1,4,5,1,2,3,5,1,3,164.3,0.527,"High"
"E686",1,3,2,4,4,4,2,4,1,1,2,5,5,4,3,3,173.9,0.978,"Low"
"E687",2,2,2,2,2,2,3,4,2,3,4,2,3,2,1,3,241.3,-0.243,"High"
"E688",1,4,4,4,3,2,5,3,5,5,3,2,4,3,2,3,200.6,0.005,"High"
"E689",1,4,2,1,2,1,1,1,1,5,1,1,5,3,1,3,72,0.294,"Low"
"E690",1,1,5,1,5,1,1,5,4,2,5,4,2,1,5,3,98,0.801,"Low"
"E691",3,5,4,2,5,3,3,2,1,4,2,2,1,3,3,3,171.8,0.164,"Low"
"E692",3,1,1,1,1,1,2,1,3,1,3,1,3,4,3,3,387.7,2.141,"Low"
"E693",5,4,5,5,5,5,5,5,5,5,5,5,5,5,4,3,175.6,-0.003,"Low"
"E694",1,1,1,2,1,2,1,1,1,1,2,5,4,3,1,3,269.1,0.908,"Low"
"E695",5,3,5,3,5,5,2,4,4,4,2,4,2,5,2,3,214,0.757,"High"
"E696",3,5,4,5,1,1,3,2,4,4,2,5,3,3,4,3,166.8,-0.448,"High"
"E697",3,4,4,2,4,1,4,3,4,5,2,4,2,3,2,3,236.9,-0.026,"Low"
"E698",1,1,1,1,4,1,4,3,5,1,4,4,3,1,1,3,202.3,1.21,"Low"
"E699",5,4,5,5,5,4,5,4,5,5,5,3,3,2,2,3,138.7,-1.149,"High"
"E700",2,2,5,1,1,NA,2,1,4,5,3,1,1,1,1,3,259.5,1.407,"Low"
"E701",3,1,1,4,3,1,3,3,2,1,4,1,3,2,1,3,144.9,-0.063,"Low"
"E702",3,3,3,3,3,3,3,3,3,3,3,3,3,3,3,3,343.5,0.877,"High"
"E703",1,2,2,4,2,5,3,1,4,3,2,5,1,3,2,3,138.5,-0.723,"Low"
"E704",3,3,3,3,3,3,3,3,3,3,3,3,3,3,3,3,140.8,-0.176,"Low"
"E705",2,1,1,4,2,1,3,1,2,1,4,4,1,1,5,3,161.4,1.275,"Low"
"E706",1,2,3,2,1,3,2,5,1,4,5,5,5,5,4,3,122.1,-0.336,"High"
"E707",4,2,4,2,2,3,2,3,NA,4,1,2,5,3,1,3,131.2,0.746,"Low"
"E708",4,3,4,2,NA,2,5,5,2,1,2,3,4,3,2,3,214,1.041,"Low"
"E709",4,2,4,1,4,2,4,2,1,2,2,1,5,5,2,3,184.6,0.205,"Low"
"E710",2,5,2,2,2,2,5,4,5,2,1,3,3,2,4,3,227.6,1,"Low"
"E711",1,3,1,4,5,2,4,2,3,1,2,1,5,4,4,3,151.5,-1.181,"High"
"E712",1,1,3,1,4,1,2,5,3,1,2,2,1,1,5,3,113.9,1.018,"Low"
"E713",1,5,4,3,5,5,4,3,4,5,2,4,3,5,5,3,251.1,0.296,"High"
"E714",1,2,1,4,5,5,5,5,3,3,1,5,2,4,2,3,131.1,-0.014,"Low"
"E715",3,3,3,3,3,3,3,3,3,3,3,3,3,3,3,3,209.7,-0.593,"Low"
"E716",5,3,3,5,4,5,2,2,3,3,2,4,2,1,5,3,155.6,-0.123,"High"
"E717",2,2,2,5,4,4,1,5,3,3,5,1,4,4,2,3,218.5,-1.469,"High"
"E718",4,3,NA,NA,5,4,1,5,5,5,4,3,4,3,4,3,146.2,-0.612,"Low"
"E719",1,2,1,1,5,1,2,3,1,1,2,3,1,2,5,3,272.7,0.242,"Low"
"E720",4,4,4,4,5,2,3,1,1,4,4,5,4,1,1,3,175.2,2.559,"High"
"E721",2,3,2,2,4,4,2,1,5,4,5,5,5,5,5,3,183.2,0.193,"Low"
"E722",3,4,2,2,5,NA,2,2,2,5,3,3,2,3,2,3,272.8,1.593,"High"
"E723",1,5,2,3,3,1,3,4,4,1,2,2,2,5,2,3,152.1,0.801,"Low"
"E724",1,4,1,1,1,1,1,3,4,1,3,2,1,5,5,3,145.5,0.499,"Low"
"E725",4,1,3,1,1,1,4,NA,NA,2,1,2,5,5,4,3,286.8,1.41,"Low"
"E726",3,1,1,4,2,2,5,3,5,4,5,3,1,3,2,3,195.4,-0.192,"Low"
"E727",4,4,3,4,2,4,1,5,4,2,1,5,3,5,2,3,289.5,1.246,"Low"
"E728",4,1,5,5,5,4,5,4,5,4,2,4,4,1,5,3,20.6,-0.027,"High"
"E729",2,2,1,2,4,3,5,3,5,1,4,1,4,1,3,3,189.6,2.103,"Low"
"E730",2,1,1,1,2,3,2,4,2,2,1,NA,4,3,4,3,379.2,0.709,"Low"
"E731",3,2,1,1,4,4,3,1,1,2,1,1,5,1,2,3,199,-0.521,"High"
"E732",4,4,4,3,5,4,2,1,3,4,1,3,3,1,5,3,211.6,-0.234,"High"
"E733",4,5,4,4,2,2,2,2,3,3,1,5,1,3,5,3,264.6,0.015,"Low"
"E734",2,4,4,1,4,3,5,2,3,2,2,2,1,3,4,3,155.3,-0.583,"Low"
"E735",5,1,3,5,2,2,4,4,1,3,NA,3,3,3,5,3,95.2,-0.73,"High"
"E736",3,5,5,2,2,2,4,4,2,5,2,4,4,5,2,3,335.2,0.026,"Low"
"E737",4,1,1,1,3,4,4,4,1,2,3,1,5,2,2,3,233.6,1,"Low"
"E738",2,5,3,1,3,1,3,3,3,2,5,2,3,5,3,3,182.9,-0.002,"Low"
"E739",1,2,3,2,2,2,1,5,3,4,4,4,5,2,2,3,143.1,-0.766,"Low"
"E740",3,4,1,2,1,4,4,5,4,1,NA,5,4,1,3,3,212.2,0.696,"Low"
"E741",3,5,1,4,5,4,2,1,4,4,NA,2,3,3,3,3,119.7,-1.173,"High"
"E742",1,3,5,1,2,3,1,3,1,1,2,5,3,1,2,3,114.3,1.359,"Low"
"E743",5,4,4,5,5,1,4,2,3,4,2,4,4,3,5,3,187.2,-1.052,"High"
"E744",5,1,4,5,5,2,1,5,2,5,4,3,NA,2,4,3,219.5,-0.696,"High"
"E745",3,3,2,3,3,3,3,NA,3,2,1,5,5,2,4,5,297.5,0.667,"High"
"E746",1,2,4,1,5,2,4,2,5,5,5,2,3,5,4,3,208.4,0.458,"High"
"E747",3,2,5,3,2,2,5,5,5,1,5,3,4,1,5,3,203.1,-0.334,"High"
"E748",1,4,2,1,4,4,5,2,3,2,2,1,4,2,5,1,161.4,-0.045,"Low"
"E749",1,2,1,3,4,2,4,2,1,2,2,5,3,5,3,3,91.8,-0.559,"Low"
"E750",1,3,2,3,2,1,5,5,3,4,1,4,4,2,2,3,113.1,0.44,"Low"
"E751",NA,3,3,4,5,2,5,1,4,3,2,2,3,4,4,2,137.2,0.114,"High"
"E752",5,3,2,3,4,1,5,2,4,1,2,5,3,4,1,3,154.6,1.003,"Low"
"E753",1,5,3,3,1,2,1,1,4,3,1,2,3,2,1,3,233.9,0.482,"Low"
"E754",3,5,5,5,5,5,5,1,5,4,5,5,5,4,4,3,252.4,-1.142,"High"
"E755",2,1,2,1,4,2,2,5,3,2,3,3,1,4,4,3,266.3,0.537,"High"
"E756",4,1,NA,1,1,2,3,2,1,1,1,5,2,2,2,3,230,1.364,"Low"
"E757",1,3,2,1,2,1,5,4,2,2,5,2,2,1,2,3,187.9,-0.987,"Low"
"E758",3,4,5,3,4,5,5,3,5,3,4,3,5,5,5,3,324.2,-1.772,"High"
"E759",2,2,4,4,2,3,1,2,3,1,1,2,2,5,1,3,274,1.529,"High"
"E760",3,1,4,3,2,4,4,2,1,2,5,4,2,1,1,4,418.8,-1.234,"Low"
"E761",5,4,3,2,5,1,5,3,2,2,1,4,5,4,4,3,122.3,-1.621,"High"
"E762",3,5,4,5,1,5,NA,5,5,5,4,1,1,4,3,3,210.9,-0.868,"High"
"E763",3,3,4,2,2,4,4,2,3,4,2,2,2,2,1,3,393.3,0.169,"Low"
"E764",1,3,4,5,5,1,5,5,4,3,5,5,2,5,5,3,189.6,-0.336,"High"
"E765",5,4,2,1,4,4,2,NA,5,4,1,4,3,4,5,3,184.2,0.163,"Low"
"E766",3,3,5,2,1,2,1,4,1,1,NA,2,4,1,1,3,274.4,0.122,"Low"
"E767",4,2,2,1,2,2,1,2,1,1,1,3,4,3,1,3,428,0.714,"Low"
"E768",4,2,1,2,1,2,2,1,4,1,1,5,4,3,5,3,295.7,1.496,"Low"
"E769",2,4,1,1,5,4,1,1,1,5,3,4,4,5,5,3,260.2,0.192,"Low"
"E770",1,1,2,3,2,4,4,4,5,2,4,5,3,1,5,3,197.2,0.369,"Low"
"E771",5,5,4,5,5,5,4,5,5,5,5,5,5,5,5,3,255.5,-0.939,"High"
"E772",2,4,1,4,4,2,2,2,5,5,4,4,4,4,1,3,149.2,2.065,"High"
"E773",3,1,3,1,1,5,2,1,2,2,4,4,2,NA,3,3,268.5,1.089,"Low"
"E774",2,1,4,NA,1,5,3,4,2,NA,3,3,3,1,5,3,118.3,1.141,"Low"
"E775",2,1,1,4,2,4,2,2,1,1,4,4,3,2,3,3,224.5,1.389,"Low"
"E776",1,1,1,4,2,1,1,1,1,2,1,3,4,3,5,3,162.4,-0.485,"Low"
"E777",2,4,1,NA,2,3,1,3,3,3,2,4,1,2,2,3,144.7,0.085,"Low"
"E778",3,2,4,2,4,4,5,NA,1,5,5,3,1,2,5,3,244.5,1.652,"High"
"E779",5,5,2,3,3,NA,3,5,4,4,5,1,3,5,1,3,117.6,-0.3,"High"
"E780",3,3,2,3,3,1,3,2,1,4,4,5,1,5,5,3,168,-0.783,"Low"
"E781",3,3,3,3,NA,3,3,3,3,3,3,3,3,3,3,3,185.6,0.57,"Low"
"E782",1,2,4,1,3,1,4,1,3,1,3,4,5,5,5,3,413.2,-1.45,"High"
"E783",1,2,5,4,4,1,5,4,2,1,1,3,1,2,1,3,383.1,-0.747,"Low"
"E784",2,3,4,4,2,5,1,2,2,4,2,4,3,1,3,3,163.1,-0.094,"Low"
"E785",3,2,3,4,3,5,1,1,3,1,2,1,2,2,3,3,220.7,0.316,"High"
"E786",5,4,5,5,3,2,3,4,5,NA,2,3,4,1,3,2,204.6,-1.145,"High"
"E787",5,5,3,4,5,5,4,1,3,1,3,1,2,1,5,3,139.9,-0.034,"High"
"E788",1,1,3,4,4,1,4,1,4,5,3,5,1,2,4,3,244.7,0.549,"High"
"E789",4,3,3,4,3,2,3,1,5,5,4,5,1,5,1,3,23.1,-0.422,"High"
"E790",2,4,1,2,2,1,3,1,5,3,2,3,5,3,3,5,170.2,-0.28,"Low"
"E791",5,2,5,2,4,5,5,2,5,3,4,3,5,4,5,3,218.9,-1.235,"Low"
"E792",3,3,1,3,NA,1,1,NA,4,4,5,5,4,2,2,3,105.3,0.484,"Low"
"E793",2,4,3,1,4,1,4,2,4,3,3,2,2,1,1,3,142.9,-0.051,"High"
"E794",2,4,3,3,2,5,4,3,1,3,4,1,4,3,2,3,166.9,-0.987,"High"
"E795",2,1,2,2,2,3,NA,5,NA,3,4,2,1,1,2,3,146.8,0.273,"Low"
"E796",5,4,4,3,2,3,2,2,1,2,4,4,5,4,3,3,302.4,-0.783,"Low"
"E797",4,3,2,2,1,1,4,1,4,2,2,5,4,5,4,3,209.3,-1.385,"High"
"E798",1,4,1,2,1,2,5,1,2,1,NA,3,3,2,5,3,154.3,1.605,"Low"
"E799",1,2,3,5,1,4,3,3,3,4,1,2,2,3,5,3,138.7,1.723,"Low"
"E800",5,2,4,3,1,1,2,3,1,5,2,4,2,5,3,3,142.2,0.328,"Low"
