"participant_id","Item01","Item02","Item03","Item04","Item05","Item06","Item07","Item08","Item09","Item10","Item11","Item12","Item13","Item14","Item15","Item16","Item17","Item18","Item19","Item20","attention_check","response_time_sec","criterion","known_group"
"P001",2,3,3,3,3,3,5,NA,5,2,1,1,1,1,3,2,1,2,3,1,3,190.2,-0.385,"Low"
"P002",2,2,3,1,1,1,5,2,4,1,1,2,2,1,5,4,1,3,5,1,3,304.3,-0.589,"Low"
"P003",5,4,4,4,4,2,2,5,5,4,5,5,4,5,1,5,5,4,5,4,3,173.3,1.581,"High"
"P004",1,1,1,1,1,1,4,1,1,2,1,1,1,1,3,2,2,4,3,1,3,260.1,-2.611,"Low"
"P005",2,4,5,3,3,1,3,1,1,1,1,2,2,2,3,5,4,3,3,4,3,361.4,-0.78,"Low"
"P006",2,4,1,2,2,2,2,1,2,2,1,2,1,2,3,2,1,1,1,1,3,167.4,0.119,"Low"
"P007",NA,5,1,3,5,1,2,3,4,3,4,5,3,1,5,1,2,3,1,2,3,180.5,-0.453,"High"
"P008",4,3,2,5,3,5,1,5,3,5,5,4,2,3,3,5,5,5,2,3,3,155.3,0.13,"High"
"P009",3,2,3,5,2,3,3,1,1,2,1,3,2,3,2,5,4,2,2,5,3,219.4,-0.688,"Low"
"P010",4,5,4,NA,2,5,4,2,1,2,1,3,1,2,5,2,1,1,1,4,3,145.4,-0.548,"High"
"P011",1,1,1,3,1,2,5,1,3,2,3,1,2,1,2,2,3,1,2,2,3,139.5,0.41,"Low"
"P012",1,2,3,1,2,5,4,5,3,4,2,2,1,5,1,4,2,2,2,1,3,193.1,-1.003,"Low"
"P013",2,2,2,2,2,2,5,5,4,1,1,4,3,2,3,3,1,1,2,5,4,165.7,1.781,"High"
"P014",4,3,5,4,2,4,2,4,2,2,3,3,4,2,2,5,5,5,4,4,5,383,0.674,"High"
"P015",2,1,1,1,1,2,5,5,4,5,2,1,4,5,1,5,5,5,5,5,3,194.5,-0.155,"Low"
"P016",5,5,5,5,4,5,2,3,5,5,5,5,5,5,3,2,4,1,2,1,3,123.2,0.718,"High"
"P017",3,4,4,3,3,4,1,4,3,4,2,4,4,1,2,4,4,5,2,5,3,203.3,-0.275,"High"
"P018",4,2,4,3,3,5,1,4,3,4,2,4,5,3,5,1,2,2,1,2,3,297,0.9,"Low"
"P019",1,3,1,2,1,1,4,2,1,2,1,1,2,1,5,1,1,1,1,4,3,89.4,-1.598,"Low"
"P020",2,2,5,1,4,2,5,3,4,3,3,2,4,1,5,5,4,3,2,2,3,185.5,0.862,"Low"
"P021",3,4,5,3,2,2,2,5,5,3,4,4,5,4,2,3,NA,5,3,4,3,120.1,0.68,"High"
"P022",4,4,4,3,2,2,2,3,5,4,2,5,5,5,4,1,1,4,3,3,3,430.3,-0.106,"High"
"P023",5,5,3,4,2,2,2,2,3,5,5,2,4,2,NA,3,4,2,2,1,3,235.1,-0.102,"High"
"P024",4,5,5,3,5,4,1,5,5,4,5,5,3,2,1,5,5,5,3,3,3,221.2,1.707,"High"
"P025",1,1,1,1,1,2,5,2,1,1,3,1,3,1,5,1,3,3,2,1,3,21.3,-0.67,"Low"
"P026",3,2,3,3,NA,4,3,3,2,3,2,2,3,1,1,4,5,4,3,5,3,201.4,1.027,"High"
"P027",1,2,1,2,2,1,4,1,2,1,1,1,1,1,5,3,3,4,2,5,3,298.5,-0.883,"Low"
"P028",4,5,5,5,4,5,3,4,3,3,5,3,1,5,2,5,4,3,5,4,3,179.4,0.504,"High"
"P029",4,5,2,4,1,5,3,4,3,1,2,1,3,5,3,1,3,3,1,5,3,240.9,1.424,"High"
"P030",2,5,5,2,4,5,4,2,3,5,4,5,2,3,3,5,3,5,3,2,3,428.8,-0.777,"High"
"P031",3,5,5,3,3,4,1,3,1,4,5,4,2,2,3,2,1,1,NA,2,3,128.1,-0.795,"High"
"P032",4,4,2,4,4,5,3,4,3,2,2,1,5,4,3,5,4,3,4,1,3,102.2,0.771,"Low"
"P033",3,5,1,1,2,4,2,3,3,4,3,3,5,2,4,3,NA,3,1,4,3,192.2,-0.565,"High"
"P034",5,4,1,1,4,5,3,4,4,2,1,4,4,3,4,4,2,2,4,3,3,108.2,0.133,"Low"
"P035",1,1,1,1,1,1,5,2,2,2,1,3,4,2,2,2,1,3,3,1,3,127.4,0.623,"Low"
"P036",3,4,4,4,5,2,1,5,NA,5,5,4,4,5,4,2,2,4,1,4,4,154.7,1.699,"High"
"P037",4,5,5,5,1,5,3,5,5,5,5,4,5,2,3,2,3,3,1,5,3,259,0.832,"High"
"P038",5,4,5,3,4,5,1,3,5,3,5,5,3,4,1,4,2,3,1,3,3,179.5,1.898,"High"
"P039",5,2,5,5,4,5,3,1,2,3,3,2,3,4,3,2,5,4,1,4,3,119.5,-0.31,"High"
"P040",1,1,1,3,1,1,5,1,1,1,1,1,NA,1,4,2,2,3,1,4,3,204.8,-2.52,"Low"
"P041",3,2,1,3,5,3,5,4,2,5,5,5,5,3,4,2,2,2,1,3,3,219.2,0.462,"Low"
"P042",2,3,2,1,3,2,5,2,1,2,5,1,3,4,4,NA,4,4,2,3,3,129.7,-0.145,"Low"
"P043",1,2,4,1,2,3,5,4,3,1,2,1,4,1,3,5,3,5,1,5,3,311.6,-0.541,"Low"
"P044",3,3,4,3,3,3,1,1,3,1,3,1,1,1,5,3,3,1,5,1,3,123.7,0.373,"Low"
"P045",2,2,3,5,4,4,1,3,4,NA,2,5,3,4,1,2,4,3,3,5,3,340.8,1.485,"High"
"P046",5,5,5,3,5,5,3,1,3,3,4,3,4,1,1,5,3,3,2,1,3,177.6,1.83,"High"
"P047",5,4,1,4,5,3,2,1,3,1,1,2,1,1,1,5,2,4,5,3,3,202.6,1.233,"High"
"P048",5,5,5,5,5,5,2,3,4,5,5,5,5,4,5,1,1,4,2,1,3,286.7,1.117,"High"
"P049",5,4,4,3,4,2,2,4,5,1,2,1,3,3,2,3,5,5,2,4,3,220.7,1.769,"High"
"P050",3,3,5,3,5,NA,4,4,5,3,4,2,4,4,3,4,1,5,5,4,5,171.7,1.871,"High"
"P051",4,3,4,2,4,5,1,5,3,5,5,5,2,4,3,4,1,3,4,4,3,35.7,0.759,"Low"
"P052",2,2,3,2,2,2,3,2,1,4,4,4,3,1,1,2,4,5,2,5,3,188,-0.063,"Low"
"P053",5,5,5,5,4,4,1,5,3,3,5,3,3,2,2,5,5,5,4,5,3,216.8,0.277,"High"
"P054",1,1,1,4,5,4,1,1,3,2,2,3,3,4,2,4,3,5,3,1,3,272,-1.201,"Low"
"P055",1,1,1,1,2,1,5,5,3,2,2,3,2,2,4,1,1,1,1,1,3,193,-2.59,"Low"
"P056",1,1,2,2,1,4,4,3,3,1,1,2,1,2,5,1,3,5,NA,1,3,120.5,0.449,"Low"
"P057",4,5,1,1,3,1,5,2,1,1,5,1,2,3,3,3,4,5,3,3,3,393.9,-1.115,"High"
"P058",3,5,4,5,5,4,2,4,4,2,4,3,5,3,2,4,3,2,4,5,3,160,-0.104,"High"
"P059",3,5,5,4,5,3,3,3,5,1,5,5,1,4,1,5,4,3,4,4,3,179.3,1.316,"High"
"P060",3,4,4,2,4,NA,4,NA,3,1,4,4,1,3,3,5,3,3,2,3,3,216.7,-1.619,"High"
"P061",5,5,5,5,5,5,1,1,3,2,3,1,1,4,3,4,1,3,3,1,3,261.1,1.858,"High"
"P062",3,5,4,4,3,5,4,4,4,2,3,5,5,1,3,3,3,4,2,5,3,473,-0.022,"Low"
"P063",5,3,3,5,5,3,5,3,1,2,2,1,2,3,3,1,2,1,3,5,3,263.8,-0.366,"Low"
"P064",4,5,3,4,5,2,3,4,2,5,4,5,5,5,4,2,5,1,1,1,3,172.3,1.63,"High"
"P065",1,3,NA,2,2,1,4,2,1,5,3,1,4,2,4,1,4,4,1,5,3,240.9,0.391,"High"
"P066",3,2,2,2,1,5,4,1,4,4,2,4,1,3,3,5,3,4,4,5,4,230.9,-0.051,"Low"
"P067",3,5,3,4,5,1,1,2,4,2,4,2,3,5,4,5,1,4,2,4,3,306.8,-0.005,"High"
"P068",3,3,4,4,1,4,4,2,1,4,2,1,2,1,5,4,3,3,5,3,3,119.2,1.743,"High"
"P069",5,4,3,5,4,4,5,5,5,3,4,4,4,5,3,3,2,2,4,2,3,179.1,0.372,"Low"
"P070",4,3,1,1,1,3,2,1,2,1,1,1,1,1,5,1,1,1,1,1,3,224.9,-1.493,"Low"
"P071",4,3,4,2,3,4,3,3,2,4,4,2,4,1,2,4,4,1,5,3,3,135.3,2.196,"Low"
"P072",5,3,2,3,5,4,5,5,4,4,5,5,5,5,3,5,5,3,3,3,3,187.9,2.13,"High"
"P073",2,1,2,1,2,5,5,2,2,4,4,4,2,3,3,5,NA,2,4,2,3,143.5,0.019,"Low"
"P074",4,1,3,4,3,5,4,1,2,2,3,2,1,1,5,1,2,1,3,2,3,130,-0.321,"Low"
"P075",2,3,1,3,1,2,5,1,1,2,2,4,2,1,NA,3,3,1,1,5,3,262.7,-0.039,"Low"
"P076",4,3,5,4,2,5,4,3,4,3,1,2,4,3,3,3,2,3,2,1,3,303.9,-0.966,"High"
"P077",4,3,5,3,NA,2,3,5,5,5,4,4,4,1,1,NA,3,3,3,1,3,197.7,1.173,"Low"
"P078",2,1,1,2,1,3,5,4,4,2,3,2,1,2,4,2,2,4,3,5,3,132.7,-0.469,"Low"
"P079",1,5,1,2,1,2,4,5,5,5,5,5,5,5,1,2,4,5,4,4,3,253.4,0.386,"Low"
"P080",1,2,1,1,1,1,4,2,2,3,3,4,3,1,4,4,4,5,3,4,3,212.1,-1.275,"Low"
"P081",5,5,5,5,3,4,1,4,2,2,1,4,3,2,5,3,1,2,5,3,3,187.9,2.163,"High"
"P082",1,1,1,1,1,1,4,4,2,4,4,1,3,2,2,3,1,2,1,1,3,283.6,-2.263,"Low"
"P083",5,5,5,5,5,5,3,4,5,3,2,5,3,5,3,3,4,2,3,4,3,348.4,1.303,"High"
"P084",3,3,3,1,2,3,5,4,4,5,5,4,2,4,2,4,4,5,5,3,3,138.2,-0.467,"Low"
"P085",2,1,2,4,2,2,5,4,2,5,5,2,1,3,5,1,2,1,1,1,3,98.3,-0.562,"Low"
"P086",4,1,1,4,3,2,4,3,5,5,4,1,2,3,2,2,1,1,2,2,3,176.4,-0.067,"Low"
"P087",2,3,1,3,1,1,5,2,3,1,2,4,4,1,3,4,3,NA,4,4,3,131.7,-0.169,"Low"
"P088",2,3,4,3,1,4,3,3,2,5,5,5,3,5,3,5,5,5,5,4,3,154.2,0.99,"High"
"P089",3,3,3,1,3,2,3,5,4,3,5,3,1,4,3,4,4,4,5,4,3,209.4,0.532,"Low"
"P090",2,5,5,3,1,5,2,4,4,5,5,2,5,4,1,5,2,4,2,5,3,382.6,1.711,"High"
"P091",1,2,1,1,1,1,5,3,2,4,1,4,3,4,5,1,2,5,4,1,3,144.6,-1.915,"Low"
"P092",2,2,4,2,5,5,4,1,1,2,1,2,2,2,1,1,4,1,5,2,3,157.4,-1.998,"High"
"P093",1,2,2,1,1,1,3,1,1,1,1,NA,1,1,4,1,1,1,1,1,3,105.1,0.025,"Low"
"P094",NA,1,1,1,3,3,4,2,1,1,2,2,1,3,4,1,2,1,1,1,3,156.8,-1.646,"Low"
"P095",2,2,2,1,3,1,4,4,2,1,2,4,4,4,4,2,2,2,1,1,3,82.9,-1.082,"Low"
"P096",5,5,4,2,4,3,1,5,4,4,3,4,5,5,3,2,3,5,5,5,3,188.2,0.542,"High"
"P097",4,5,4,5,5,4,2,2,1,3,3,4,2,4,4,5,4,4,5,5,3,236.8,2.684,"High"
"P098",1,1,1,3,2,4,5,1,2,3,1,1,3,3,2,1,1,1,1,2,3,178.5,-1.331,"Low"
"P099",3,4,2,3,3,3,2,3,1,1,2,4,3,2,5,1,1,1,1,1,3,443.7,-0.38,"Low"
"P100",3,3,4,2,1,2,2,5,4,5,4,3,4,4,5,1,5,4,3,2,3,94.2,-1.332,"High"
"P101",1,1,1,2,NA,1,5,1,1,1,1,2,1,1,3,2,3,1,NA,3,3,137.9,-1.066,"Low"
"P102",4,5,4,5,5,4,4,5,1,5,4,4,2,2,3,3,1,1,4,5,3,239.7,0.689,"High"
"P103",1,2,1,2,3,1,5,1,2,2,3,1,4,1,2,4,5,2,4,2,3,286.9,-0.073,"Low"
"P104",1,1,4,1,4,2,1,1,3,1,2,4,1,4,5,1,2,4,NA,3,3,98.3,-2.226,"Low"
"P105",4,4,2,4,3,2,4,3,1,1,NA,1,1,1,3,2,2,1,1,2,3,372.9,0.85,"High"
"P106",1,1,1,1,2,2,5,1,3,1,1,1,2,3,4,4,2,1,1,2,3,247.2,-1.955,"Low"
"P107",3,1,2,5,4,2,3,5,5,3,4,4,2,5,5,1,3,2,3,3,3,265.4,-0.751,"Low"
"P108",2,4,3,3,2,5,5,3,1,4,3,1,4,5,4,3,4,3,1,2,3,141.6,0.924,"Low"
"P109",2,4,5,5,3,4,1,5,4,5,3,4,5,3,4,4,4,5,3,4,3,174.3,2.375,"High"
"P110",4,3,3,2,2,1,1,1,1,3,1,1,2,1,5,1,1,1,3,2,3,111.3,-1.073,"Low"
"P111",3,3,2,5,5,2,1,4,2,4,4,5,4,3,2,4,1,2,1,3,3,345.6,-0.334,"High"
"P112",2,1,3,3,1,2,2,2,3,3,3,NA,4,3,1,3,3,3,4,4,3,135.7,-0.426,"Low"
"P113",1,1,1,4,1,1,4,1,1,3,1,3,1,3,2,2,1,4,3,2,3,159.4,-1.98,"Low"
"P114",5,5,5,5,5,5,1,4,5,3,3,3,NA,5,1,5,4,4,4,3,3,218.2,1.469,"High"
"P115",4,4,2,1,2,3,1,3,3,5,3,2,5,3,3,3,2,3,4,1,3,366.5,-0.51,"High"
"P116",1,1,1,5,4,2,4,1,1,1,4,4,1,1,4,4,1,4,1,3,3,347.9,-0.574,"Low"
"P117",1,3,1,1,2,NA,5,5,4,3,5,1,5,3,5,1,2,1,1,1,3,287.1,-1.227,"Low"
"P118",3,5,5,4,4,1,5,2,2,NA,3,2,4,1,4,2,3,2,4,3,3,188.1,-1.015,"Low"
"P119",5,5,4,4,4,5,4,4,3,2,1,2,4,4,2,4,2,4,4,3,3,157.8,2.535,"Low"
"P120",4,5,5,5,4,4,2,5,5,4,5,3,3,4,3,3,5,4,4,5,3,199.8,0.993,"High"
"P121",3,3,5,5,4,4,2,3,1,1,3,2,5,4,5,2,5,3,5,5,3,367.9,1.674,"High"
"P122",2,2,2,3,4,3,2,1,1,1,1,3,2,3,4,1,5,2,3,NA,3,434.1,-1.663,"Low"
"P123",2,2,2,2,3,2,3,2,2,3,2,1,1,5,5,NA,4,2,4,1,3,167.1,-0.292,"Low"
"P124",3,4,1,3,2,2,NA,3,3,1,5,3,4,2,1,3,2,3,3,4,3,133.2,-0.839,"Low"
"P125",4,3,3,5,2,4,3,5,3,2,2,2,3,2,5,2,1,1,1,2,3,310.9,-0.376,"Low"
"P126",2,1,1,3,1,3,2,4,5,5,4,3,5,4,1,4,5,4,3,5,3,120.9,0.16,"Low"
"P127",3,3,2,2,4,4,2,4,4,5,1,1,4,3,3,3,3,2,2,5,3,207.3,-0.291,"Low"
"P128",5,5,2,4,5,3,2,3,2,1,1,1,1,1,1,5,3,4,4,4,2,159.1,0.205,"High"
"P129",2,2,2,4,3,3,4,4,3,3,3,3,4,2,5,3,3,2,2,2,3,66.2,-0.82,"Low"
"P130",5,4,4,2,5,2,3,2,3,3,4,2,4,2,2,4,4,5,1,5,3,226.2,1.77,"High"
"P131",1,2,4,3,1,3,3,5,4,4,4,2,3,2,2,5,5,4,2,4,3,151.3,-0.168,"Low"
"P132",3,3,2,3,3,2,5,3,3,5,3,NA,1,1,3,1,3,2,2,2,3,168.3,-0.188,"Low"
"P133",4,4,2,5,3,4,3,2,5,3,1,3,4,3,5,3,4,4,4,1,3,237.4,-0.274,"High"
"P134",1,1,1,2,1,1,5,1,1,1,1,1,1,1,5,5,1,2,2,3,3,70.4,-1.619,"Low"
"P135",1,1,1,1,2,1,5,1,3,5,2,2,5,3,4,1,4,4,2,1,3,455.4,-2.698,"Low"
"P136",5,4,3,5,3,5,2,2,2,2,1,4,2,2,1,2,3,2,3,5,3,149,1.504,"High"
"P137",1,3,2,1,4,1,2,4,2,4,3,1,2,1,4,5,2,5,1,1,3,111.6,-1.37,"Low"
"P138",3,4,4,2,5,2,5,3,1,4,4,3,3,4,2,3,4,4,4,3,3,189.7,0.07,"Low"
"P139",4,5,5,3,2,3,1,2,5,4,4,3,3,3,5,1,5,3,5,3,3,188.6,0.25,"High"
"P140",3,1,1,2,2,1,4,2,2,2,2,1,1,2,4,2,1,1,4,2,3,167.4,-0.649,"Low"
"P141",4,3,4,4,1,4,2,1,1,2,1,5,4,1,2,2,3,4,2,4,3,268,-0.907,"Low"
"P142",1,1,1,1,1,1,5,1,1,3,2,1,1,3,5,1,1,1,4,1,3,215,-1.673,"Low"
"P143",1,2,3,4,5,2,5,3,5,2,1,4,1,3,2,5,5,3,5,2,3,197.7,-0.989,"High"
"P144",3,4,3,5,5,5,2,2,5,2,3,4,3,3,5,4,2,4,2,3,3,106.6,2.278,"High"
"P145",4,5,5,5,5,5,1,4,3,2,3,3,3,4,1,4,5,5,5,5,3,16.9,1.781,"High"
"P146",1,2,3,3,4,1,5,3,2,1,4,1,1,3,1,1,2,4,5,4,3,135.3,-0.073,"Low"
"P147",5,4,4,4,5,4,1,4,3,3,5,3,4,4,3,3,4,2,2,1,5,287.7,-0.347,"High"
"P148",1,1,2,1,1,5,2,4,5,4,2,5,5,5,2,4,3,2,3,1,3,228.2,1.188,"Low"
"P149",4,5,5,4,3,3,5,3,2,3,3,1,NA,2,3,2,2,2,2,4,3,166,1.32,"High"
"P150",2,1,1,1,1,2,3,1,2,3,3,2,3,2,3,5,4,5,2,2,3,307.2,-1.078,"Low"
"P151",2,3,4,5,NA,2,5,2,3,5,3,2,2,5,4,2,1,1,2,4,3,176.8,1.464,"High"
"P152",4,2,4,2,4,1,2,3,2,5,3,5,4,3,3,3,1,2,3,3,3,190.6,-0.681,"High"
"P153",4,4,1,4,4,4,3,5,4,5,3,5,5,5,NA,5,3,5,2,3,3,242,-0.407,"High"
"P154",1,2,3,4,3,5,3,4,4,1,3,4,4,4,2,5,3,3,3,5,3,184.2,0.674,"Low"
"P155",2,1,1,1,1,1,4,2,3,2,2,2,3,1,4,1,1,1,3,2,3,121.7,-0.561,"Low"
"P156",4,4,2,4,1,4,2,5,NA,3,5,4,4,1,2,3,4,5,3,4,3,198.2,0.443,"Low"
"P157",2,1,2,2,1,2,2,2,4,1,1,4,3,5,5,2,1,2,5,4,3,141.5,-1.362,"Low"
"P158",3,1,2,3,2,1,4,1,1,1,5,2,1,4,4,3,1,1,3,1,3,210.3,-0.482,"Low"
"P159",1,2,2,1,1,1,5,1,2,1,NA,1,1,3,2,1,1,2,3,2,3,229.8,-1.712,"Low"
"P160",3,4,3,5,4,4,1,5,4,4,5,5,5,5,4,3,5,2,2,2,3,196.2,0.008,"Low"
"P161",1,1,NA,1,3,1,5,5,4,2,3,1,2,4,5,5,4,1,2,4,3,246.1,0.244,"High"
"P162",2,2,2,4,2,3,5,3,3,5,3,3,3,5,3,3,5,3,3,3,3,198.3,0.55,"Low"
"P163",2,2,3,4,4,1,1,4,3,4,2,4,3,4,2,4,5,5,3,3,3,262.7,0.062,"Low"
"P164",5,3,5,5,4,4,2,4,4,5,4,5,4,5,1,5,5,2,3,4,3,86.8,3.016,"High"
"P165",2,4,3,1,4,4,5,3,2,3,4,5,5,5,2,5,4,4,4,5,3,152.1,-1.118,"Low"
"P166",3,3,2,5,1,1,1,2,1,2,1,1,2,4,3,3,1,1,NA,5,3,247.2,0.026,"High"
"P167",1,1,2,4,1,3,2,2,2,1,1,1,1,1,4,2,3,3,4,2,3,323.9,-1.911,"Low"
"P168",3,1,4,1,1,4,5,5,1,3,4,3,1,4,5,1,1,2,1,1,3,231.5,-2.025,"Low"
"P169",3,3,2,2,1,2,1,4,3,3,1,1,5,3,3,4,2,1,2,4,3,162.7,-0.22,"Low"
"P170",4,4,3,3,5,5,3,4,1,4,3,5,3,5,4,2,2,3,3,1,3,252.5,0.321,"High"
"P171",1,1,1,2,3,1,4,3,2,1,NA,2,2,1,5,1,1,2,1,1,3,121.5,-0.67,"Low"
"P172",2,2,2,3,4,2,3,5,2,1,1,5,2,4,2,5,4,5,5,5,3,180.1,0.403,"Low"
"P173",3,4,2,NA,4,3,3,3,1,2,1,2,5,4,5,1,1,1,1,3,3,230.9,-1.43,"Low"
"P174",1,5,3,5,4,2,2,4,5,5,3,5,5,3,4,5,2,5,4,2,3,139.9,0.443,"Low"
"P175",4,3,4,5,3,3,1,5,5,5,5,3,4,5,3,2,4,5,2,3,3,217.7,-0.373,"High"
"P176",4,4,2,3,3,5,1,5,NA,2,2,5,5,2,1,NA,5,4,5,4,3,89.9,0.966,"High"
"P177",3,2,5,4,1,1,3,4,4,1,1,1,2,1,5,1,2,3,2,4,3,223,0.314,"Low"
"P178",2,3,3,1,1,3,3,3,4,2,2,2,3,2,5,2,2,1,3,1,3,130,0.197,"Low"
"P179",1,2,1,2,1,2,5,1,2,4,2,2,4,2,2,2,2,3,3,1,3,188.1,-0.912,"Low"
"P180",4,3,5,2,2,1,2,2,3,2,4,5,3,3,5,1,1,1,1,1,3,428.9,-0.665,"Low"
"P181",3,NA,4,1,3,4,2,4,5,5,3,5,5,4,1,4,3,5,5,3,3,212.1,1.359,"Low"
"P182",3,5,3,3,3,2,1,5,5,5,4,5,4,5,1,3,4,2,2,4,3,201,0.858,"High"
"P183",5,5,3,5,2,4,3,2,2,4,4,5,5,5,5,2,4,5,3,1,3,214.1,-0.442,"High"
"P184",5,4,5,5,4,5,5,4,3,2,4,5,NA,3,4,2,5,4,4,4,3,185.5,1.395,"High"
"P185",2,1,1,2,3,4,1,5,5,4,5,5,5,5,1,5,5,3,4,4,3,232.3,0.345,"High"
"P186",3,2,3,2,1,3,5,2,4,3,3,2,4,2,2,3,5,5,2,5,3,232.7,0.163,"Low"
"P187",4,4,2,3,4,1,4,5,3,5,4,4,5,4,3,5,2,1,5,3,3,261.8,0.056,"Low"
"P188",3,2,1,4,4,2,2,4,2,5,4,4,1,1,1,4,3,5,5,4,3,39.6,-0.63,"Low"
"P189",2,5,NA,5,3,5,3,1,4,1,3,2,4,2,5,1,1,NA,2,1,3,152.9,0.26,"Low"
"P190",5,5,5,4,5,4,1,5,5,5,5,5,5,5,1,5,5,5,3,5,3,246.8,1.539,"High"
"P191",5,5,4,5,5,5,3,1,2,1,5,3,4,1,1,1,5,5,4,5,3,227.4,1.079,"High"
"P192",5,2,4,4,3,4,2,5,4,5,5,5,5,1,4,5,3,2,1,2,3,117.7,0.297,"High"
"P193",3,2,3,4,3,2,4,2,1,2,3,3,5,1,4,1,4,4,5,3,3,147.1,-0.478,"Low"
"P194",4,3,5,4,2,4,3,3,2,3,4,4,5,4,3,1,1,1,NA,1,3,254.1,-0.412,"High"
"P195",2,1,1,1,1,1,5,3,2,3,2,2,5,1,4,3,4,3,3,1,3,284.6,-0.472,"Low"
"P196",1,1,1,1,2,1,4,1,1,1,1,NA,1,3,5,4,4,2,1,4,3,237.5,-0.792,"Low"
"P197",4,4,3,2,3,NA,2,3,3,1,4,3,5,4,4,4,5,3,2,4,3,307.7,0.591,"High"
"P198",2,5,3,5,3,4,1,3,2,3,4,4,2,4,5,4,4,4,5,3,3,225.7,0.423,"High"
"P199",4,3,2,1,4,1,3,3,4,2,5,3,2,5,3,4,4,5,4,3,3,352.7,-0.376,"Low"
"P200",3,5,2,3,5,5,1,5,5,4,5,5,5,3,1,2,3,1,4,2,3,202.5,0.059,"High"
"P201",1,4,1,1,1,1,4,4,3,3,3,3,2,3,1,2,NA,2,4,4,3,182.9,-1.329,"Low"
"P202",1,4,4,5,3,1,2,1,3,1,2,2,2,3,2,5,4,5,5,4,3,183.3,-0.165,"High"
"P203",1,3,2,2,NA,1,5,2,1,2,1,2,4,2,3,4,1,3,1,1,3,299.1,-0.446,"Low"
"P204",1,2,1,2,1,4,5,5,5,5,5,5,4,5,5,2,2,1,2,1,5,133.1,-0.725,"Low"
"P205",5,4,3,2,1,5,4,2,1,2,4,3,1,2,5,4,2,1,2,3,3,138.1,0.625,"Low"
"P206",4,1,4,3,5,2,2,4,2,1,3,4,3,1,1,1,3,2,1,2,3,173.1,0.515,"High"
"P207",3,1,3,4,2,3,3,3,2,2,2,3,NA,3,5,2,NA,2,1,1,3,200.2,-0.486,"Low"
"P208",5,4,4,4,5,5,2,5,5,1,1,3,4,5,4,3,4,2,2,5,3,198.8,0.583,"High"
"P209",3,3,5,5,5,3,1,5,2,3,4,4,2,3,1,2,2,3,5,4,3,140.6,0.814,"High"
"P210",3,1,1,1,3,1,5,1,2,2,1,1,1,1,5,2,1,4,2,1,3,302.6,-0.466,"Low"
"P211",5,5,5,3,5,5,1,5,3,5,4,5,5,4,1,5,5,NA,5,4,3,208.7,0.983,"High"
"P212",3,3,4,4,5,4,2,1,1,1,4,1,2,3,3,5,4,5,4,5,3,174.9,0.229,"High"
"P213",2,1,2,2,4,1,4,4,5,2,3,4,1,3,4,1,3,3,4,2,3,223,-0.47,"Low"
"P214",2,1,1,1,2,2,5,3,4,5,3,4,4,5,5,1,1,1,5,4,3,167.9,-1.186,"Low"
"P215",2,2,1,2,1,1,5,3,5,4,5,3,5,3,2,3,2,5,3,5,3,436.7,-0.152,"Low"
"P216",4,3,4,4,NA,4,3,2,2,1,2,4,1,2,3,3,5,1,4,3,3,300.4,-0.299,"High"
"P217",1,4,3,2,5,2,2,1,1,5,3,3,1,5,4,1,2,1,3,1,3,79.9,-0.851,"Low"
"P218",4,1,1,1,2,1,2,3,3,2,4,4,5,5,NA,4,3,3,4,5,3,171.8,-0.331,"Low"
"P219",5,4,2,4,3,3,5,4,4,3,5,5,5,4,3,NA,2,2,5,4,3,187.8,1.102,"High"
"P220",3,4,2,2,4,5,4,4,5,5,5,5,1,2,4,5,5,4,2,4,3,108.1,0.233,"High"
"P221",2,3,5,2,4,3,2,1,4,5,5,4,1,4,3,4,3,5,5,4,3,212.3,-1.11,"Low"
"P222",2,1,5,4,3,4,1,3,5,2,1,5,3,1,1,4,1,2,5,2,3,184.4,-0.913,"High"
"P223",4,3,3,2,3,2,3,2,1,2,2,3,1,2,2,5,2,5,5,4,3,155.8,-1.217,"Low"
"P224",NA,2,1,1,3,1,4,1,4,2,1,4,1,3,1,3,5,5,5,3,3,207.9,-0.358,"Low"
"P225",4,5,2,5,5,4,3,1,3,3,5,4,5,5,3,3,1,3,2,1,3,168.8,0.666,"High"
"P226",3,1,2,3,1,1,5,4,4,4,4,3,5,2,4,1,3,4,4,1,3,131.9,-1.296,"Low"
"P227",2,1,4,3,1,NA,4,4,2,2,1,4,1,2,4,1,2,4,3,2,3,191.6,-1.049,"Low"
"P228",5,3,2,4,5,4,4,2,4,3,2,4,3,3,1,5,5,5,5,5,3,302.9,0.815,"High"
"P229",4,1,2,2,1,2,2,5,5,3,4,5,5,5,3,2,2,2,4,3,3,165.8,-1.03,"Low"
"P230",1,1,1,2,1,2,5,2,1,1,1,2,2,NA,4,2,1,1,1,3,3,234,-0.877,"Low"
"P231",5,5,5,5,4,3,2,5,4,5,4,4,5,5,1,1,5,5,4,5,3,306.7,1.278,"High"
"P232",1,1,1,1,1,2,5,2,2,2,1,NA,1,3,5,1,2,3,4,2,3,170.5,-1.889,"Low"
"P233",3,2,3,2,4,3,4,5,3,5,5,1,2,5,4,4,4,4,5,3,3,140.4,0.927,"High"
"P234",1,2,4,2,3,2,1,1,1,1,1,2,1,1,3,4,3,3,1,3,3,207,-0.612,"High"
"P235",5,4,3,4,4,2,5,3,4,5,4,4,2,2,3,3,1,2,3,1,3,282.5,1.418,"High"
"P236",2,5,3,3,2,5,1,1,4,4,3,1,4,4,4,1,4,1,4,2,3,139.5,0.132,"High"
"P237",3,2,3,2,4,1,5,3,4,5,2,5,4,2,3,3,2,5,4,1,3,143.2,1.255,"High"
"P238",2,5,3,3,3,5,4,3,3,2,2,1,2,2,5,3,3,5,3,2,3,86.3,1.091,"High"
"P239",2,3,2,3,5,2,2,3,3,NA,2,5,2,4,1,1,3,1,NA,5,3,154.8,0.345,"High"
"P240",4,4,5,5,5,2,1,4,1,1,1,1,2,2,2,2,3,3,1,1,3,182.3,-0.443,"High"
"P241",3,2,2,4,1,2,2,5,3,2,1,4,4,4,1,4,3,4,3,4,3,176.7,-0.24,"Low"
"P242",1,4,2,1,2,1,5,2,2,2,1,1,3,3,2,4,2,4,1,2,3,377.6,-0.141,"Low"
"P243",5,2,5,3,5,5,1,4,5,4,4,3,5,2,2,4,4,5,5,2,3,365.9,0.608,"High"
"P244",2,2,1,3,1,1,2,4,3,5,1,4,5,3,5,1,1,4,3,2,3,248.7,-1.027,"Low"
"P245",2,1,4,NA,3,3,5,1,1,1,4,1,3,1,5,1,1,1,2,1,3,144.3,-0.625,"Low"
"P246",3,1,2,1,4,4,4,3,1,2,1,3,2,1,5,2,3,4,5,2,3,139.7,-0.545,"Low"
"P247",4,1,3,3,2,2,3,4,4,2,4,1,2,2,4,3,5,4,5,3,3,125.5,-0.118,"High"
"P248",4,5,5,NA,5,3,1,4,3,3,4,3,5,4,1,3,5,3,3,4,3,89.5,1.427,"High"
"P249",5,4,2,5,4,3,3,1,1,3,1,1,1,2,3,5,1,5,4,2,3,216.7,0.471,"High"
"P250",2,3,3,4,1,3,3,3,3,3,1,4,3,3,4,2,2,1,1,1,3,74.4,0.413,"Low"
"P251",5,3,5,4,5,4,2,4,3,4,3,2,1,2,3,4,4,4,3,2,3,182.1,0.028,"High"
"P252",5,4,5,5,5,4,3,2,2,1,3,3,1,4,5,3,2,1,2,4,3,180.8,0.45,"High"
"P253",5,NA,3,5,5,3,2,5,5,5,5,3,4,3,5,2,2,1,3,1,3,256.5,0.223,"Low"
"P254",2,5,5,3,4,5,3,5,4,4,2,2,2,4,3,1,1,1,3,2,3,397.5,0.374,"High"
"P255",3,5,NA,5,4,3,4,5,3,4,3,4,4,3,2,3,3,2,1,4,3,299.1,1.972,"High"
"P256",3,3,4,4,4,2,3,2,1,1,1,1,4,2,5,3,3,1,1,1,3,253.7,0.368,"High"
"P257",1,2,3,4,4,1,3,3,1,2,4,1,2,1,2,5,5,3,2,1,3,250.8,-0.051,"Low"
"P258",1,2,1,3,3,4,3,3,4,4,2,5,3,1,4,4,3,1,3,4,3,103.1,-0.217,"High"
"P259",1,2,1,1,5,NA,4,1,3,1,2,NA,2,1,3,1,4,2,1,3,3,135,-1.597,"Low"
"P260",4,5,5,3,4,3,3,3,2,2,5,3,2,4,3,5,2,3,NA,3,3,229.6,1.297,"High"
"P261",3,4,5,3,4,2,3,4,3,2,5,4,5,2,4,5,4,4,5,5,3,122.8,1.112,"Low"
"P262",2,5,1,5,3,3,3,2,1,5,1,4,4,3,4,1,3,1,2,1,3,249,-0.343,"High"
"P263",5,4,5,4,5,4,1,5,5,5,5,5,5,5,1,4,5,2,5,2,3,317.3,2.189,"High"
"P264",2,2,1,2,2,1,4,3,1,3,2,3,1,2,2,4,3,5,4,1,3,18.9,-1.359,"Low"
"P265",3,2,4,3,1,2,3,3,3,NA,4,5,3,4,4,4,3,2,5,4,3,134.2,-0.116,"Low"
"P266",5,3,2,4,3,4,1,1,2,2,1,1,1,4,5,1,1,1,1,1,3,92.1,-0.447,"High"
"P267",3,4,2,3,3,2,5,1,1,1,1,1,2,1,4,4,2,1,1,4,3,283.4,-1.613,"Low"
"P268",3,5,5,4,5,5,1,4,2,3,2,3,4,5,1,5,5,4,5,3,3,353.4,1.209,"High"
"P269",5,4,5,5,3,5,2,2,5,5,5,5,5,3,5,3,3,2,2,2,3,220.1,-0.353,"High"
"P270",4,4,3,2,3,2,3,2,4,3,2,4,5,4,3,3,2,1,3,2,3,240.2,0.033,"High"
"P271",5,1,5,3,3,3,5,5,4,2,5,3,1,3,5,3,1,1,3,1,3,119.8,-0.361,"High"
"P272",4,1,2,4,1,2,3,2,4,3,2,5,4,3,1,5,5,NA,5,5,3,22.3,-0.235,"Low"
"P273",4,4,5,2,2,5,3,3,5,2,5,3,2,2,5,2,2,1,1,1,3,110.7,1.237,"High"
"P274",5,5,3,NA,NA,5,3,4,4,3,5,1,3,2,1,3,5,4,5,5,3,116.6,0.141,"High"
"P275",5,5,5,4,5,5,2,4,5,5,4,NA,3,4,2,5,4,5,5,4,3,211.9,0.043,"High"
"P276",3,2,4,4,5,5,1,3,2,3,5,3,3,4,3,4,1,3,2,1,3,315.8,0.998,"High"
"P277",4,5,4,3,3,2,2,5,5,3,5,2,1,3,5,2,1,2,3,2,3,200.1,-1.119,"High"
"P278",1,3,NA,2,1,3,5,3,5,5,2,4,4,5,3,3,2,1,2,5,3,116.9,0.808,"Low"
"P279",NA,5,3,3,5,5,2,3,2,NA,3,3,2,4,3,5,4,5,4,5,3,122.3,1.112,"High"
"P280",1,4,3,2,2,3,5,1,1,2,1,1,1,1,2,4,2,4,2,1,3,159.9,0.378,"Low"
"P281",1,1,3,3,5,1,5,4,2,1,2,1,3,1,5,1,5,2,2,1,4,231.6,0.268,"Low"
"P282",4,3,1,2,1,2,2,5,5,5,4,1,1,4,3,5,4,5,4,4,3,89.7,0.403,"Low"
"P283",2,3,2,3,4,1,1,5,5,5,5,2,3,5,2,5,4,5,5,3,3,269.1,-0.457,"Low"
"P284",1,3,1,1,3,1,5,1,1,1,2,2,1,2,1,5,4,4,2,3,3,221.5,-1.655,"Low"
"P285",5,4,3,3,5,4,1,4,3,4,4,5,5,4,5,4,4,3,3,5,3,161.3,-0.149,"High"
"P286",5,4,2,5,2,4,3,2,5,5,4,2,3,4,NA,4,4,3,4,3,3,223.4,0.99,"High"
"P287",4,1,1,1,5,2,3,2,3,2,3,2,2,4,3,1,1,2,1,3,3,172.7,-0.833,"Low"
"P288",3,4,5,2,3,3,3,3,4,2,3,1,2,NA,1,2,2,2,5,3,3,294,0.567,"High"
"P289",2,4,4,4,5,5,1,4,5,5,2,3,3,4,3,5,4,5,5,2,3,133.4,0.739,"High"
"P290",4,2,2,2,4,4,2,2,5,1,2,5,4,5,4,5,5,1,4,2,3,142.7,1.601,"Low"
"P291",2,3,3,4,4,3,4,3,2,3,3,1,4,4,1,4,5,3,2,5,3,329.9,1.624,"High"
"P292",4,1,4,3,2,1,3,1,2,2,2,4,4,4,2,2,2,2,NA,1,3,157.1,-0.624,"Low"
"P293",1,1,1,1,1,2,4,1,4,3,1,4,1,1,4,3,2,1,1,1,3,168.8,-1.229,"Low"
"P294",2,5,4,1,3,2,3,2,2,3,4,2,3,1,2,3,2,2,5,2,3,152.8,-1.279,"High"
"P295",4,3,4,3,5,5,3,3,2,2,1,5,1,4,4,1,1,1,3,1,3,395.9,-0.719,"High"
"P296",3,3,3,2,3,1,3,1,1,3,2,2,4,1,1,5,5,5,3,5,3,175.4,-0.035,"High"
"P297",3,5,2,4,1,1,3,5,3,5,4,5,2,4,3,1,4,3,1,3,3,152.7,0.231,"Low"
"P298",1,1,1,1,1,1,5,1,2,1,1,1,1,2,3,5,2,4,2,3,3,287.5,-2.687,"Low"
"P299",4,4,2,1,2,3,1,3,2,3,4,5,5,5,4,2,2,3,3,3,3,161.1,0.767,"Low"
"P300",2,2,4,5,1,3,4,4,3,4,4,2,2,1,5,2,2,2,3,1,3,287,-0.281,"Low"
"P301",5,4,5,5,3,2,4,5,5,4,4,4,5,5,1,1,2,1,3,2,3,188.1,0.487,"High"
"P302",3,2,3,3,2,4,2,3,5,2,5,5,4,1,5,3,2,1,2,1,3,314.6,0.151,"High"
"P303",5,5,4,2,5,5,2,5,4,2,5,4,5,3,1,5,5,5,5,5,3,268.4,0.952,"High"
"P304",1,1,2,1,3,4,4,2,1,3,1,4,1,1,3,4,1,3,3,2,3,135,0.214,"High"
"P305",1,2,1,1,1,2,5,4,5,4,4,4,5,2,4,2,1,1,1,2,3,300.9,-1.128,"Low"
"P306",1,1,1,3,1,2,2,3,4,5,2,2,4,3,5,3,5,1,1,4,3,377.2,0.125,"Low"
"P307",5,4,3,1,4,4,4,4,5,2,2,2,3,2,2,3,3,1,1,3,3,100.5,0.535,"High"
"P308",5,4,5,5,4,5,1,2,1,1,1,3,2,2,4,2,2,4,3,1,3,141,0.845,"High"
"P309",2,4,3,3,2,3,1,3,4,3,3,1,2,2,3,4,3,2,5,5,3,172.4,0.649,"High"
"P310",1,4,4,3,3,3,5,3,1,4,NA,4,2,1,4,1,3,3,3,2,3,111.6,-0.723,"Low"
"P311",4,2,1,4,1,4,1,4,4,4,4,4,4,4,4,3,2,1,3,3,3,441.3,-0.518,"Low"
"P312",5,5,5,5,5,NA,1,4,3,3,3,4,4,2,5,1,2,2,1,1,3,106.5,0.46,"High"
"P313",5,5,5,4,3,5,2,4,5,5,5,3,4,5,2,5,5,5,1,2,2,204.2,0.884,"High"
"P314",5,4,5,5,5,5,3,3,2,4,1,4,1,1,5,4,4,4,5,2,5,545.5,-0.543,"High"
"P315",1,1,2,1,1,1,4,1,1,1,4,2,3,NA,5,1,1,3,1,1,3,505,-0.365,"Low"
"P316",5,4,4,5,3,5,4,2,1,2,1,4,3,2,2,2,2,3,2,3,3,130.1,-0.054,"Low"
"P317",5,5,5,5,3,4,3,4,5,1,4,5,1,3,5,2,4,4,4,1,3,160.8,0.167,"High"
"P318",5,5,4,4,2,3,4,2,4,2,3,3,3,1,3,2,4,1,4,1,3,159.5,0.831,"High"
"P319",2,1,2,2,2,2,3,4,2,3,2,2,2,3,3,1,2,2,5,3,3,271.7,-0.054,"Low"
"P320",2,2,2,2,2,1,1,3,3,4,3,3,4,1,1,5,4,4,5,4,3,223.8,-0.622,"High"
"P321",1,5,4,5,3,4,1,5,5,4,3,5,4,3,1,5,5,1,3,3,3,231.5,-0.198,"High"
"P322",4,4,4,2,4,2,4,4,5,3,5,4,3,5,5,1,1,1,1,1,3,168.7,0.581,"High"
"P323",1,4,4,1,3,3,4,2,1,2,2,1,2,2,2,1,4,1,3,3,3,83.7,-1.828,"Low"
"P324",4,5,4,3,4,5,3,2,2,3,1,1,3,4,2,4,3,4,3,4,3,82,-0.388,"High"
"P325",3,5,5,3,3,5,1,1,NA,1,5,2,1,4,4,1,3,4,3,3,3,185.1,1.051,"High"
"P326",4,NA,3,2,3,3,5,4,5,5,5,5,3,5,2,5,5,3,4,4,3,141.8,0.182,"High"
"P327",2,2,1,1,4,2,5,5,4,3,3,3,4,4,2,4,2,5,2,4,3,258.2,0.105,"Low"
"P328",3,2,5,3,5,1,2,2,NA,2,3,3,3,2,2,3,2,5,1,2,3,138.9,0.14,"High"
"P329",5,3,5,4,5,5,1,2,3,1,1,1,3,3,3,2,2,1,NA,1,3,18.8,-0.819,"High"
"P330",1,1,3,2,1,1,NA,5,3,2,4,2,2,3,3,5,3,3,4,2,3,158.8,-0.778,"Low"
"P331",4,3,4,2,2,3,5,5,4,4,4,5,1,1,5,2,1,2,2,2,3,143.1,-0.647,"Low"
"P332",1,1,1,1,1,1,5,2,1,2,1,3,4,1,4,1,1,2,4,2,3,168,-0.046,"Low"
"P333",2,1,2,1,NA,3,5,1,1,1,1,2,3,1,5,2,2,5,2,2,3,168.2,-1.137,"Low"
"P334",2,2,5,4,5,3,2,3,1,4,1,3,3,5,4,2,1,2,1,2,3,292.9,0.59,"High"
"P335",3,2,3,1,5,1,2,2,1,2,1,1,1,1,4,4,NA,3,3,4,3,106.1,-0.732,"Low"
"P336",4,3,2,1,5,5,5,3,3,1,5,2,3,3,1,4,5,5,1,2,3,58.8,-0.456,"Low"
"P337",1,4,3,1,1,4,3,2,3,5,1,3,4,1,4,2,2,4,4,4,3,117.6,0.759,"High"
"P338",3,4,2,3,3,4,2,4,3,5,3,2,5,1,2,5,1,3,1,1,3,166.6,-1.119,"High"
"P339",1,2,2,4,2,1,3,4,5,2,4,3,3,4,4,5,5,3,4,4,3,187.2,-0.579,"Low"
"P340",1,2,1,1,2,2,5,NA,5,2,1,3,1,5,4,4,4,2,3,3,3,123.7,-1.868,"Low"
"P341",3,5,4,3,4,4,2,4,4,4,3,2,2,5,2,2,1,3,3,1,3,158.3,1.983,"High"
"P342",3,2,4,2,3,2,3,1,1,1,4,4,2,1,5,4,1,1,3,4,1,162.1,-0.921,"Low"
"P343",4,5,4,5,2,5,2,4,3,5,3,3,4,2,1,4,3,1,3,4,3,170.1,0.499,"High"
"P344",4,4,4,5,5,5,1,5,5,5,5,5,5,3,5,1,1,1,1,1,3,227,2.412,"High"
"P345",4,4,5,5,5,5,1,3,2,2,5,2,1,5,3,3,4,4,1,4,3,168.2,0.013,"High"
"P346",4,1,3,3,2,5,5,1,3,5,5,5,4,2,3,4,3,1,5,1,3,159.5,-0.329,"Low"
"P347",1,2,4,2,4,3,1,5,4,3,NA,5,5,5,4,4,3,5,3,5,3,145.1,2.019,"Low"
"P348",4,3,3,3,3,4,NA,1,5,5,3,3,2,1,5,1,4,1,1,5,3,363.8,-0.545,"Low"
"P349",5,1,3,3,5,4,1,2,1,1,3,3,5,3,3,4,4,2,1,1,3,185.8,0.054,"High"
"P350",3,3,1,1,3,1,1,4,3,3,2,4,4,4,4,1,1,4,4,5,3,274.6,-1.024,"High"
"P351",5,5,5,4,5,4,1,3,5,5,5,3,5,5,4,3,4,4,5,3,3,108,1.039,"High"
"P352",2,3,2,2,NA,2,1,5,3,4,4,3,4,3,3,4,2,2,4,2,3,261.4,-0.873,"High"
"P353",3,5,5,5,4,5,1,5,5,3,4,2,3,4,1,3,3,2,4,2,3,106.8,-0.73,"High"
"P354",1,1,1,3,1,5,5,4,2,4,4,4,4,1,3,4,2,2,1,4,3,159.3,-1.514,"Low"
"P355",3,NA,3,2,2,2,4,4,3,1,3,5,4,4,2,3,2,4,NA,2,3,119.2,0.013,"High"
"P356",4,4,4,2,4,2,5,5,5,5,4,5,5,3,2,NA,2,3,4,5,4,138,1.692,"Low"
"P357",5,4,5,4,5,4,3,4,3,3,2,4,2,1,1,5,4,5,3,5,3,146.4,0.466,"High"
"P358",4,5,5,5,4,5,2,5,3,4,3,5,1,5,5,2,3,5,3,3,3,254.9,0.656,"High"
"P359",5,3,3,4,2,3,1,NA,1,3,3,5,1,3,4,3,1,1,1,3,3,183.9,0.618,"Low"
"P360",4,2,2,3,5,5,5,1,5,1,5,4,4,4,4,3,3,2,4,5,3,136.1,0.266,"Low"
"P361",1,1,3,1,1,2,3,1,1,1,1,1,1,1,5,2,1,1,1,2,3,195.2,0.509,"Low"
"P362",5,5,3,5,4,4,3,5,3,4,2,3,3,3,1,4,2,1,3,4,3,305.9,0.968,"High"
"P363",3,5,4,5,5,4,2,3,1,4,1,4,1,2,5,2,1,1,3,1,3,294,2.295,"High"
"P364",5,3,4,4,NA,5,1,5,5,3,5,5,5,5,4,2,4,5,3,5,3,151.7,1.905,"High"
"P365",4,5,4,4,4,2,2,4,4,3,1,5,2,3,2,4,3,3,4,5,3,151.3,1.88,"High"
"P366",5,5,5,4,4,5,1,3,3,4,4,5,5,5,1,5,NA,4,4,5,3,362.7,0.388,"High"
"P367",5,5,5,5,5,2,1,5,5,4,4,2,3,2,2,5,3,NA,5,5,3,77.1,0.599,"High"
"P368",5,5,5,5,4,3,1,5,2,4,4,5,2,3,2,5,3,4,NA,3,3,116,1.651,"High"
"P369",3,2,1,5,2,2,4,3,1,1,3,3,3,4,2,2,2,4,5,4,3,203.5,0.08,"Low"
"P370",1,3,1,1,2,1,3,NA,4,3,4,1,5,2,2,4,5,5,4,4,3,203,-0.305,"Low"
"P371",2,4,3,2,2,3,1,5,3,4,5,3,4,3,1,4,3,5,4,2,3,274.3,-0.264,"High"
"P372",2,1,1,2,2,1,5,3,4,3,1,1,3,2,5,1,5,4,3,2,3,447.6,-1.278,"Low"
"P373",2,1,2,1,2,2,5,3,5,2,3,2,5,3,5,2,2,1,4,2,3,143.7,-0.393,"Low"
"P374",5,5,NA,5,5,5,2,5,5,5,3,5,4,4,2,2,5,3,5,1,3,321.1,2.248,"High"
"P375",4,4,4,2,5,5,5,1,1,2,3,5,1,4,1,5,5,1,5,3,3,20.6,1.164,"High"
"P376",2,5,3,4,3,2,3,5,4,2,5,2,4,3,2,4,5,4,4,2,3,98.9,-0.816,"High"
"P377",4,3,4,5,5,5,1,5,5,4,3,4,NA,4,4,4,4,4,5,4,3,176.2,0.836,"High"
"P378",3,2,2,1,5,1,5,4,1,1,2,2,1,2,2,2,4,4,4,5,3,335,-1.206,"Low"
"P379",3,1,3,2,3,4,4,1,1,1,1,1,1,5,5,1,1,1,3,5,3,323.7,-1.418,"Low"
"P380",2,4,3,3,4,3,3,3,2,5,5,3,3,3,4,1,2,3,2,1,3,139,0.332,"High"
"P381",5,1,3,2,4,1,3,5,5,4,2,5,5,5,4,1,3,2,3,4,3,277.5,1.672,"High"
"P382",4,2,5,5,3,1,2,2,1,2,2,1,3,4,1,4,3,5,5,2,3,169.1,0.742,"Low"
"P383",1,1,1,1,4,1,4,3,1,1,3,1,1,2,1,4,3,5,4,3,3,156.2,-1.33,"Low"
"P384",5,5,5,5,3,4,1,5,4,2,5,5,2,3,5,2,2,3,2,2,3,233.7,0.854,"High"
"P385",1,1,3,2,1,1,4,2,4,4,5,4,4,4,5,4,2,4,3,5,3,166.7,-0.337,"Low"
"P386",3,5,2,4,4,2,1,4,5,5,5,3,4,4,3,2,5,5,3,2,3,271.5,-0.144,"High"
"P387",1,1,1,1,1,1,5,1,4,1,1,3,3,3,2,3,5,2,3,4,3,213.9,-1.661,"Low"
"P388",1,1,2,1,1,1,4,2,4,1,3,3,1,3,3,3,5,1,3,2,3,122.2,0.068,"Low"
"P389",5,1,1,1,1,2,4,2,5,1,2,2,4,3,1,5,4,4,5,5,3,220.7,-0.57,"Low"
"P390",1,5,3,5,3,2,1,3,4,5,5,3,4,4,1,5,2,5,5,NA,3,370.6,1.939,"Low"
"P391",5,5,4,4,4,NA,2,5,3,5,5,5,5,5,4,5,2,5,5,5,3,142.3,1.138,"High"
"P392",4,1,2,3,2,4,1,5,5,3,5,5,5,5,4,4,3,4,2,1,3,137.8,0.496,"High"
"P393",4,3,4,5,4,5,2,4,3,2,5,2,3,4,2,2,4,5,2,5,3,125,-0.371,"High"
"P394",2,5,4,3,4,2,5,3,2,2,NA,3,1,4,4,4,5,4,4,4,3,139.5,0.206,"High"
"P395",3,3,NA,4,4,3,5,3,2,4,3,4,5,2,2,4,4,2,5,1,3,294.5,1.515,"Low"
"P396",5,NA,2,2,4,3,3,1,2,2,2,3,2,2,5,NA,3,4,1,5,3,205.1,-0.881,"High"
"P397",2,2,2,4,1,3,1,3,2,2,4,3,3,3,1,2,1,3,1,4,3,246.8,-1.259,"Low"
"P398",3,3,1,1,1,2,3,4,4,2,4,4,4,1,4,5,4,1,5,3,3,119.9,-0.628,"Low"
"P399",5,2,4,3,1,3,3,3,1,4,1,2,4,1,5,2,1,2,5,4,3,198.6,0.186,"Low"
"P400",4,3,4,5,5,3,4,5,5,4,4,4,5,3,3,5,5,2,3,4,3,147.6,0.769,"High"
"P401",2,4,2,4,3,1,5,5,3,5,4,5,4,2,1,5,4,5,5,5,3,164.9,0.798,"Low"
"P402",5,5,5,5,5,5,2,3,5,5,2,3,2,1,2,4,2,2,5,5,3,229.5,1.962,"High"
"P403",3,4,3,3,4,3,4,5,5,3,3,3,4,3,3,2,2,1,1,1,3,159.2,0.326,"Low"
"P404",3,5,4,4,3,5,1,NA,1,1,2,2,4,1,2,3,4,3,3,3,3,131.3,1.223,"High"
"P405",5,5,4,3,3,5,1,2,2,5,4,5,5,2,3,3,3,1,2,4,3,114.1,1.158,"High"
"P406",4,4,3,5,3,5,3,5,5,5,5,3,5,4,1,4,4,2,4,5,3,288,2.065,"High"
"P407",1,1,1,1,3,1,5,2,3,2,2,1,1,1,5,1,2,2,1,3,3,200.6,-1.87,"Low"
"P408",2,4,1,2,3,2,5,4,5,3,2,2,1,2,5,1,2,1,2,4,3,199.6,1.659,"High"
"P409",5,5,3,5,5,4,1,3,4,1,4,2,2,1,3,3,2,1,2,1,3,170.2,1.653,"High"
"P410",4,5,5,5,5,5,5,3,3,2,3,4,2,2,3,4,5,4,4,4,3,163.2,0.759,"High"
"P411",4,2,1,4,1,2,4,4,4,4,5,4,5,NA,4,1,2,2,1,1,3,286.4,1.825,"High"
"P412",4,4,4,2,5,3,2,4,3,2,4,4,1,1,4,3,1,5,3,2,3,256.8,1,"Low"
"P413",3,5,2,4,2,4,5,5,2,2,2,1,1,2,3,4,1,4,1,4,3,389.4,-0.369,"Low"
"P414",3,3,1,2,3,3,3,3,1,4,1,3,5,4,3,1,2,NA,3,2,3,193.5,-0.71,"Low"
"P415",4,1,1,2,5,3,2,3,3,5,5,5,5,5,5,1,1,1,4,4,3,145.3,0.521,"High"
"P416",1,1,2,1,2,1,3,4,1,1,2,3,1,4,5,1,1,1,1,2,3,135.3,0.617,"Low"
"P417",3,1,1,2,1,1,5,2,1,4,5,4,1,1,4,3,2,NA,4,5,3,191.3,-0.17,"Low"
"P418",2,3,3,1,4,1,5,5,5,3,4,2,2,4,3,4,4,4,4,2,3,150.6,0.901,"Low"
"P419",1,1,1,2,1,2,5,4,3,1,2,2,2,1,4,3,5,4,2,3,3,164.3,-1.155,"Low"
"P420",3,3,4,4,5,1,3,2,1,4,2,1,1,1,4,4,4,3,5,2,3,226.8,0.263,"High"
"P421",2,1,2,1,1,1,5,5,1,NA,4,4,2,4,4,1,1,2,3,2,3,259.9,-0.503,"Low"
"P422",4,3,5,1,5,5,5,5,3,3,1,2,2,3,1,3,3,4,5,5,3,171.9,-1.75,"High"
"P423",5,3,5,3,4,4,1,2,3,3,3,3,4,2,NA,1,2,1,2,1,3,198.1,0.559,"High"
"P424",3,2,4,3,2,2,1,5,4,3,5,5,4,3,1,5,5,5,3,4,3,126.8,0.373,"High"
"P425",1,1,1,3,3,1,1,4,3,1,2,4,2,1,2,3,5,4,3,2,3,91.7,-1.955,"Low"
"P426",5,5,5,5,2,5,2,4,4,4,4,5,4,4,1,5,4,3,5,5,3,131.4,0.746,"High"
"P427",4,4,5,5,5,4,4,5,5,3,5,5,5,3,5,5,2,5,4,3,3,152.1,0.274,"High"
"P428",1,4,3,2,1,1,5,5,5,4,4,5,4,2,3,5,4,5,5,5,3,177.9,-0.456,"Low"
"P429",5,4,4,4,2,5,2,3,4,5,5,3,1,1,1,5,5,5,4,4,3,166.5,-0.924,"High"
"P430",3,4,1,3,3,1,5,2,5,4,4,2,5,3,5,2,3,1,1,2,3,307.3,-0.341,"Low"
"P431",1,1,2,3,3,1,4,1,1,1,1,1,1,1,5,1,1,1,2,1,3,140.4,-2.051,"Low"
"P432",2,1,3,4,3,3,3,4,3,5,3,5,4,4,2,4,4,3,2,2,3,151.2,0.386,"Low"
"P433",2,4,3,3,2,4,4,1,2,1,1,3,3,4,2,2,1,1,4,1,3,132.6,-0.709,"Low"
"P434",4,5,5,4,5,5,1,5,4,5,5,3,5,5,1,5,4,5,4,5,3,523.6,-0.128,"High"
"P435",1,1,1,4,5,2,5,4,4,3,2,4,3,5,5,3,4,2,4,4,3,108.2,-0.105,"Low"
"P436",4,4,2,4,3,4,4,3,2,5,2,NA,1,2,4,1,1,2,4,3,3,203.9,-1.576,"High"
"P437",5,4,5,5,5,5,1,5,5,3,5,4,5,3,1,4,4,4,5,3,3,206.6,1.15,"High"
"P438",4,4,3,3,4,5,2,5,NA,5,5,5,5,NA,1,5,5,5,4,4,3,192.8,0.931,"High"
"P439",2,1,1,4,1,3,2,5,5,1,5,3,4,2,3,5,4,4,3,4,3,156.6,-2.579,"Low"
"P440",1,1,3,1,3,3,3,3,2,1,3,2,4,2,5,2,1,1,3,1,3,277.1,0.27,"Low"
"P441",5,5,NA,4,2,4,1,1,3,4,3,2,4,5,1,3,3,3,5,5,3,348,1.367,"High"
"P442",4,2,5,2,5,1,3,4,5,3,2,2,4,5,2,5,4,4,3,3,3,84,0.189,"High"
"P443",4,3,3,5,3,3,2,3,1,1,3,4,2,1,5,1,1,2,5,4,3,365.1,0.571,"High"
"P444",4,2,5,5,5,3,2,NA,4,2,4,5,4,3,5,5,3,3,4,2,3,198.7,0.021,"High"
"P445",3,4,2,2,4,5,1,5,5,4,5,5,1,5,NA,NA,3,5,4,5,3,153.8,-1.168,"High"
"P446",3,5,1,1,4,2,1,2,1,2,3,1,3,1,1,3,5,4,5,4,3,148.1,-1.832,"High"
"P447",2,3,1,2,1,2,3,2,1,4,2,3,3,2,5,3,1,3,4,2,3,143.1,-0.476,"Low"
"P448",3,2,4,4,4,1,3,3,2,1,4,5,2,1,1,3,2,5,4,1,3,166.4,-0.03,"Low"
"P449",3,5,1,4,2,5,3,5,5,4,4,3,5,4,1,5,4,4,2,5,3,145.4,-0.001,"Low"
"P450",1,4,3,5,2,2,3,5,5,5,4,5,5,2,1,5,3,5,2,2,3,147.3,0.133,"High"
"P451",3,5,5,4,5,5,3,5,5,5,5,5,5,4,3,5,2,5,5,5,3,464.4,-0.103,"High"
"P452",1,1,1,2,2,1,5,1,3,2,5,2,2,3,4,2,1,2,3,1,3,412,-1.558,"Low"
"P453",1,1,1,2,3,1,5,2,2,1,3,4,2,4,5,2,2,2,1,1,3,263.5,-1.512,"Low"
"P454",4,3,5,4,3,5,3,3,3,2,1,5,1,5,NA,2,4,4,1,3,3,76,0.774,"High"
"P455",1,1,2,4,4,3,4,4,4,4,5,5,2,2,3,1,4,4,2,5,3,37.4,0.853,"Low"
"P456",2,1,2,1,1,1,5,2,1,1,1,4,3,4,3,4,4,2,2,2,3,276.2,-0.106,"Low"
"P457",4,3,3,3,1,5,2,3,1,1,3,4,5,2,3,2,2,3,2,2,3,185.1,-1.165,"High"
"P458",5,2,5,3,4,4,2,3,1,2,4,1,1,2,4,2,3,4,3,3,3,123.9,0.225,"High"
"P459",5,5,5,5,5,5,2,4,3,2,5,2,3,3,1,5,5,5,5,4,3,98.3,1.818,"High"
"P460",1,1,2,1,NA,2,4,1,2,1,1,1,2,3,5,1,1,1,2,1,3,191.1,-1.386,"Low"
"P461",1,3,3,2,4,3,3,2,1,1,1,1,1,1,1,2,5,5,5,4,3,290.9,0.998,"High"
"P462",4,4,4,4,3,1,3,4,4,2,3,2,3,2,3,1,3,3,4,5,3,231.5,-0.146,"High"
"P463",4,4,5,5,5,4,1,3,5,3,4,5,4,4,3,2,1,1,1,4,3,182.1,0.621,"High"
"P464",3,4,4,4,4,3,4,4,3,5,5,2,4,3,1,4,2,1,5,4,3,297.1,0.125,"High"
"P465",4,3,3,4,4,4,3,3,4,3,3,2,4,4,3,5,3,2,3,5,3,342.2,-1.14,"High"
"P466",2,1,1,2,1,2,4,2,1,2,3,1,2,4,5,1,2,1,2,1,3,127.4,-0.006,"Low"
"P467",5,4,5,4,5,4,1,5,5,5,5,4,5,5,5,2,3,2,2,1,3,114.1,0.931,"High"
"P468",4,4,3,3,4,5,3,1,4,4,1,4,5,2,2,4,1,5,5,5,3,247.5,0.208,"High"
"P469",3,2,4,1,1,1,5,1,1,1,2,1,1,1,2,3,3,3,2,3,1,121.6,-0.63,"Low"
"P470",1,1,3,3,1,1,5,3,2,4,1,1,2,5,2,3,3,5,1,4,3,439.2,-1.2,"Low"
"P471",5,5,5,4,5,5,2,5,4,3,2,3,5,3,5,5,4,4,4,5,3,87.3,0.378,"High"
"P472",3,3,3,4,4,1,5,4,5,2,4,5,3,1,4,1,1,5,4,2,3,198.1,-0.178,"Low"
"P473",3,2,1,1,4,5,4,3,3,1,1,4,3,3,1,3,2,3,3,1,3,164.5,1.04,"High"
"P474",2,2,2,1,2,1,5,1,1,1,2,1,1,1,4,1,1,1,2,1,3,181.3,-0.718,"Low"
"P475",4,5,3,5,2,2,2,4,5,5,5,4,5,5,1,5,4,5,3,5,5,267.9,0.115,"High"
"P476",2,4,2,3,4,2,3,2,5,2,1,2,4,4,1,5,5,5,5,5,3,396.8,-0.097,"Low"
"P477",1,1,1,1,1,4,5,2,3,2,4,3,3,2,3,2,1,1,3,1,3,248,-0.723,"Low"
"P478",4,2,1,2,3,1,1,1,4,1,1,3,1,1,1,4,3,2,1,3,3,136.4,-0.556,"Low"
"P479",2,2,5,5,3,5,3,5,3,3,5,4,3,5,4,1,1,4,3,1,3,149.1,1.617,"High"
"P480",2,1,4,3,1,2,5,4,5,5,3,1,4,4,4,4,4,4,4,5,3,199.4,-1.567,"Low"
"P481",2,5,4,4,4,3,4,1,1,1,2,3,5,1,1,4,1,3,4,1,3,289,0.747,"Low"
"P482",5,5,3,4,5,3,3,5,3,5,4,5,5,5,2,4,4,4,4,5,3,300.8,0.994,"High"
"P483",4,3,4,2,4,1,2,4,2,2,3,2,3,2,3,4,2,2,2,2,3,87.7,0.499,"Low"
"P484",1,3,1,1,1,4,3,5,2,4,3,5,2,4,3,4,4,4,4,2,3,174.4,-0.25,"Low"
"P485",1,1,1,1,3,3,5,5,5,5,5,5,5,4,5,1,1,2,1,2,3,215.8,-0.484,"Low"
"P486",NA,3,4,5,3,2,1,5,5,4,3,4,1,5,1,5,5,5,4,4,3,196.8,0.868,"High"
"P487",2,2,4,2,4,1,5,4,4,2,4,2,4,1,5,3,3,3,4,4,3,247.8,-0.736,"Low"
"P488",4,1,4,5,4,5,2,3,1,1,1,1,2,1,2,5,5,4,1,4,3,152.5,1.813,"High"
"P489",5,5,4,5,5,5,1,2,2,1,4,3,1,5,3,3,2,2,4,4,3,154.4,0.558,"High"
"P490",3,2,4,4,4,4,2,4,5,4,2,3,NA,5,4,1,1,4,1,1,3,200.2,-0.459,"High"
"P491",4,3,4,3,5,3,1,4,3,5,2,5,4,5,1,5,5,3,5,2,3,17.1,1.049,"High"
"P492",3,5,3,2,5,3,4,4,4,5,4,4,1,NA,1,2,5,3,3,5,3,97.9,2.034,"High"
"P493",5,5,5,4,4,3,2,3,4,1,1,5,1,2,4,1,3,2,2,4,3,160.3,0.782,"High"
"P494",5,5,5,4,2,4,1,1,1,2,2,1,NA,5,4,2,4,4,3,4,3,226.4,-0.696,"Low"
"P495",3,4,5,2,5,5,3,5,5,5,5,2,3,4,3,3,1,5,5,NA,3,496.2,2.059,"High"
"P496",2,4,1,3,NA,1,5,2,1,1,2,2,1,1,1,5,2,2,2,1,3,185,-0.389,"Low"
"P497",4,5,3,1,3,2,3,1,2,2,1,4,2,1,2,3,5,2,4,3,3,67.1,-0.207,"High"
"P498",1,2,3,1,1,1,5,3,1,1,1,3,1,1,5,3,4,1,4,3,3,300,-2.351,"Low"
"P499",1,3,2,NA,3,4,3,4,2,5,5,4,5,5,2,3,3,5,4,4,3,140.3,-0.411,"High"
"P500",4,5,5,3,4,5,1,5,5,4,2,4,4,3,3,4,3,5,5,4,3,130.8,1.591,"High"
