"participant_id","Item01","Item02","Item03","Item04","Item05","Item06","Item07","Item08","Item09","Item10","Item11","Item12","Item13","Item14","Item15","Item16","criterion","known_group"
"P001",3,3,2,3,3,3,4,4,3,3,4,1,2,3,4,3,0.54,1
"P002",3,2,3,3,3,3,3,2,1,2,3,3,4,3,2,3,-0.63,0
"P003",4,3,4,3,3,4,4,4,4,4,4,4,2,4,4,3,1.26,1
"P004",3,3,4,2,3,3,2,2,3,3,4,4,2,3,2,3,-0.09,0
"P005",1,3,1,1,4,3,1,2,2,2,2,1,5,1,2,2,0.46,0
"P006",3,3,4,4,3,4,4,4,3,4,2,4,3,3,3,2,0.51,1
"P007",2,2,3,1,3,3,1,3,3,3,2,2,4,2,2,2,-2.1,0
"P008",3,4,4,3,3,4,3,3,4,3,3,3,3,3,4,3,-0.09,1
"P009",3,2,2,3,4,2,3,3,2,2,2,2,4,2,2,3,-2.03,0
"P010",3,3,4,4,2,4,3,3,3,4,4,3,2,3,4,4,0.74,1
"P011",4,3,2,3,2,3,2,2,4,3,3,4,4,4,3,4,0.48,1
"P012",4,3,3,3,4,3,3,3,3,3,3,3,3,2,4,2,0.17,1
"P013",3,4,3,3,2,3,3,4,2,3,3,3,3,3,3,3,-0.65,1
"P014",2,2,1,2,4,1,2,4,3,2,2,2,4,4,2,3,-0.61,0
"P015",3,3,3,4,3,2,3,3,3,3,4,4,3,5,3,3,-0.68,1
"P016",3,3,2,3,3,3,3,3,3,3,3,2,3,2,2,2,-1.76,0
"P017",2,2,3,3,3,3,2,3,3,4,3,4,2,3,4,3,-0.2,0
"P018",4,4,4,3,2,4,4,4,4,4,4,4,2,4,5,5,1.88,1
"P019",2,3,2,3,3,3,2,3,2,2,2,1,4,2,4,3,0.12,0
"P020",3,3,3,4,2,3,4,3,2,3,3,3,3,3,3,3,0.39,1
"P021",2,3,4,4,4,2,3,2,2,3,1,3,3,2,2,3,-0.5,0
"P022",3,4,3,4,3,3,3,3,3,3,3,2,3,3,3,2,-0.64,1
"P023",3,4,4,3,3,4,3,3,2,3,3,3,3,3,4,3,-0.09,1
"P024",2,2,2,2,4,2,2,2,3,2,2,2,3,4,3,1,-0.71,0
"P025",3,3,4,4,3,4,3,4,4,3,2,3,4,2,3,3,0.2,1
"P026",3,3,3,4,3,2,3,3,3,4,3,4,1,3,4,3,-0.81,1
"P027",3,4,3,3,4,3,3,4,3,3,3,3,3,3,3,3,0.05,1
"P028",1,2,2,1,4,3,2,1,3,3,3,2,3,4,3,2,-1.3,0
"P029",3,2,2,3,4,2,2,2,2,4,3,3,3,1,3,2,-3.02,0
"P030",3,3,2,3,3,3,3,3,4,4,4,4,3,3,4,4,-1.02,1
"P031",3,3,3,2,4,3,2,4,3,3,3,3,3,2,2,2,-0.27,0
"P032",3,3,3,3,3,2,3,4,4,3,3,4,3,3,4,3,0.68,1
"P033",3,4,3,3,3,1,3,3,2,3,3,2,3,3,3,2,-0.34,0
"P034",2,4,2,3,3,3,3,3,3,3,1,3,3,3,3,3,-1.13,0
"P035",2,3,3,4,4,2,3,2,3,3,2,2,3,2,3,3,-0.3,0
"P036",3,3,4,3,3,3,3,3,3,2,2,2,3,2,2,2,0.49,0
"P037",3,2,2,2,4,2,3,3,2,2,3,2,4,2,2,3,-0.99,0
"P038",5,3,3,3,3,5,3,3,4,4,4,4,2,3,4,3,1,1
"P039",4,3,3,4,2,3,4,3,4,4,4,3,2,4,3,4,0.02,1
"P040",3,2,3,2,2,3,3,2,3,3,3,2,3,4,3,4,1.05,0
"P041",2,3,2,3,2,2,3,4,3,3,3,2,5,2,3,3,0.23,0
"P042",3,2,3,2,3,4,3,2,3,3,2,2,3,2,3,3,-1.84,0
"P043",5,3,2,3,3,3,3,2,4,4,3,3,3,3,3,3,0.87,1
"P044",3,3,2,4,3,4,3,4,4,3,3,2,3,3,2,3,0.82,1
"P045",3,3,3,3,2,3,3,3,2,3,2,2,3,2,3,3,1.41,0
"P046",3,3,3,2,3,4,3,2,3,3,4,3,3,4,3,3,0.13,1
"P047",3,4,3,3,3,4,3,3,4,3,4,3,2,4,4,4,0.4,1
"P048",4,4,5,4,1,4,4,3,4,4,4,3,2,4,4,3,0.15,1
"P049",3,3,2,2,4,3,3,2,3,2,2,3,3,3,2,3,-1.76,0
"P050",4,4,3,3,3,4,3,3,5,4,5,3,2,4,4,4,1.1,1
"P051",2,2,2,3,4,1,3,2,3,2,3,3,4,2,3,3,-0.03,0
"P052",3,2,3,4,4,2,3,2,4,3,2,4,2,2,3,2,0.84,0
"P053",4,3,4,4,3,3,3,4,3,4,3,4,3,4,4,3,1.71,1
"P054",3,3,4,3,4,3,2,2,3,3,3,3,3,3,4,3,0.2,1
"P055",3,2,3,3,3,2,2,2,3,4,4,3,3,3,4,3,-1.56,0
"P056",3,4,3,3,3,3,4,3,2,2,3,4,4,3,3,3,2.15,1
"P057",3,3,2,3,3,2,2,3,3,4,3,4,3,3,4,3,1.03,1
"P058",3,3,3,3,2,2,4,4,3,3,4,2,2,4,3,4,-0.69,1
"P059",2,2,3,3,3,2,2,3,4,5,3,4,1,4,5,4,-1.47,1
"P060",3,4,3,4,2,3,5,4,3,4,4,4,2,3,4,4,0.64,1
"P061",3,4,4,4,3,3,3,3,4,3,3,3,2,4,4,4,0.82,1
"P062",2,3,4,2,3,1,3,2,3,4,4,4,3,3,3,3,-0.05,0
"P063",3,2,3,2,4,2,3,2,3,2,3,3,3,3,2,4,-0.33,0
"P064",4,4,2,4,3,3,3,3,3,4,3,3,4,2,3,4,-0.18,1
"P065",3,3,3,3,4,3,4,2,2,3,2,3,4,2,1,2,-0.67,0
"P066",3,3,3,3,2,3,3,3,4,3,2,3,2,3,4,3,-1.45,0
"P067",2,1,3,3,3,2,2,3,3,2,2,3,3,2,2,3,-1.81,0
"P068",3,2,4,3,3,2,3,1,3,3,3,3,3,3,2,2,-0.68,0
"P069",4,3,3,2,3,3,3,3,3,4,3,3,3,3,3,2,-0.41,1
"P070",3,3,3,4,3,3,3,2,4,4,4,4,2,4,4,3,0.66,1
"P071",3,4,4,3,3,4,4,3,4,2,3,3,4,3,4,3,0.75,1
"P072",3,4,3,4,2,3,3,4,4,3,3,4,4,2,4,3,0.66,1
"P073",3,4,3,3,3,4,3,4,3,3,4,2,3,3,3,3,0.59,1
"P074",4,3,3,4,3,2,3,4,3,4,3,4,3,4,3,4,1.95,1
"P075",3,3,3,2,2,3,3,4,3,4,3,3,3,4,3,4,-0.3,1
"P076",2,2,2,3,4,2,3,3,3,3,2,2,4,3,2,3,-1.93,0
"P077",4,4,4,4,1,5,4,4,3,4,3,3,2,4,4,5,1.61,1
"P078",4,3,3,3,2,2,3,3,3,4,4,3,2,3,2,3,-0.23,0
"P079",4,4,2,4,3,4,3,3,4,3,4,4,2,4,4,4,2.23,1
"P080",3,4,3,3,2,4,3,3,2,3,3,4,3,3,3,4,0.58,1
"P081",4,4,4,3,2,4,3,4,3,3,3,3,3,2,3,3,-1.76,1
"P082",3,3,3,2,3,3,3,4,3,2,3,1,5,3,3,3,-0.54,0
"P083",3,2,4,4,3,4,3,3,3,2,4,2,3,4,1,3,-0.35,1
"P084",3,2,1,3,3,2,2,2,2,3,3,2,3,4,3,4,0.11,0
"P085",3,3,3,3,3,3,3,2,3,2,3,2,4,3,3,3,0.16,0
"P086",3,3,3,3,3,3,4,2,3,2,2,3,4,2,2,2,-1.79,0
"P087",3,3,4,3,2,3,4,3,3,3,3,4,3,4,3,3,-0.21,1
"P088",3,2,4,2,3,3,3,2,3,2,4,3,4,3,3,3,1.06,0
"P089",5,4,4,4,2,3,4,4,4,4,4,5,3,3,4,3,2.12,1
"P090",3,2,3,2,3,2,3,3,4,3,3,3,2,3,3,4,-2.53,0
"P091",2,3,3,4,3,3,3,2,3,3,4,4,2,3,4,3,0.17,1
"P092",2,3,2,3,4,3,3,3,2,2,2,3,2,3,2,2,-1.59,0
"P093",3,2,2,3,3,3,2,2,3,4,3,4,3,5,3,4,0.72,1
"P094",4,3,3,4,2,4,3,3,3,3,4,4,1,4,3,4,0.02,1
"P095",3,3,3,3,3,4,3,3,2,2,3,2,3,1,2,2,-0.38,0
"P096",4,3,3,3,3,3,3,3,3,4,4,4,2,4,4,3,0.31,1
"P097",4,4,3,3,1,5,3,4,3,3,4,4,4,3,4,4,0.83,1
"P098",1,3,2,2,5,2,1,2,4,3,4,4,2,4,4,5,-0.31,1
"P099",3,3,3,4,3,3,4,4,3,3,2,2,3,3,2,2,0.88,0
"P100",4,4,4,3,3,4,4,3,2,3,4,3,3,3,2,4,-0.29,1
"P101",3,5,4,4,3,4,4,4,3,3,3,4,3,3,4,4,1.1,1
"P102",3,2,3,3,4,2,2,3,3,2,3,3,3,3,3,3,-1.01,0
"P103",3,3,3,4,4,3,3,3,3,4,3,3,2,2,3,3,-0.14,1
"P104",3,3,3,3,3,3,3,3,3,2,2,2,3,2,1,2,0.54,0
"P105",3,3,3,3,2,4,3,3,4,4,3,4,3,4,3,3,0.78,1
"P106",3,2,3,3,3,3,3,4,4,3,3,3,2,3,3,2,-0.54,0
"P107",3,3,3,4,3,3,4,3,3,3,3,2,3,3,3,2,0.42,1
"P108",1,1,3,3,4,2,3,2,2,2,3,3,4,2,1,2,-0.83,0
"P109",1,2,3,2,3,2,2,4,4,4,2,3,3,3,4,3,-0.78,0
"P110",3,4,3,4,2,3,3,4,3,3,3,2,3,3,3,3,-0.6,1
"P111",4,4,4,3,1,3,4,4,4,3,4,3,2,3,3,4,1.7,1
"P112",2,2,1,3,4,1,2,2,3,3,3,3,3,3,2,3,1.41,0
"P113",3,2,2,2,3,3,2,2,2,2,2,2,3,2,3,1,-1.69,0
"P114",3,3,3,3,4,2,3,3,2,4,3,4,3,4,3,3,1.23,1
"P115",4,5,4,4,2,4,4,4,4,4,5,3,3,4,4,4,3.25,1
"P116",4,4,3,4,2,3,3,4,3,2,2,4,2,4,3,2,-0.86,1
"P117",2,3,3,4,2,4,3,1,2,4,4,3,3,4,2,3,-0.26,0
"P118",3,3,3,4,3,4,3,3,2,3,2,3,4,2,2,3,0.04,0
"P119",3,4,3,3,3,3,3,3,3,4,4,4,2,4,4,3,0.99,1
"P120",1,2,3,2,4,3,2,2,2,2,3,1,4,2,2,2,-1.23,0
"P121",4,4,4,3,3,4,4,3,2,3,4,4,2,3,3,3,1,1
"P122",3,3,3,4,2,4,3,4,3,4,4,4,3,3,4,3,-0.17,1
"P123",3,2,3,3,3,3,2,3,2,4,3,3,3,4,2,4,-0.02,0
"P124",2,3,2,3,5,3,2,2,4,2,3,3,3,3,3,3,-1.53,0
"P125",2,2,2,2,4,2,2,2,2,3,2,2,3,3,3,2,-1.17,0
"P126",3,3,3,2,2,2,3,2,2,4,3,3,2,2,3,3,-0.91,0
"P127",2,2,2,1,4,3,2,3,2,3,1,2,3,3,2,3,-1.4,0
"P128",3,3,3,3,3,4,3,3,4,3,3,3,4,3,3,3,-0.42,1
"P129",3,3,3,3,3,3,2,3,1,2,1,1,4,2,1,1,-1.76,0
"P130",3,3,3,3,2,2,2,3,2,3,3,3,3,3,3,2,0.57,0
"P131",4,3,4,3,2,3,4,4,3,2,4,3,3,3,2,3,-0.03,1
"P132",3,3,3,4,3,3,3,3,3,3,2,3,3,3,3,3,0.2,1
"P133",2,3,2,3,4,2,2,4,3,3,3,2,3,3,2,3,0.58,0
"P134",4,3,3,2,4,5,3,4,4,3,4,3,3,3,3,2,1.44,1
"P135",4,3,3,2,4,3,3,3,3,3,3,3,2,3,4,3,0.53,1
"P136",3,3,2,2,3,2,3,3,4,5,4,4,2,4,4,5,-0.12,1
"P137",3,4,4,4,2,4,4,5,5,4,4,4,2,4,5,4,0.76,1
"P138",2,3,3,4,4,3,2,3,3,2,3,3,4,3,3,4,0.15,1
"P139",3,2,2,2,3,2,2,3,3,3,2,2,4,3,3,2,-0.59,0
"P140",2,1,2,3,4,2,2,2,3,3,2,2,4,2,3,2,0.26,0
"P141",4,3,4,3,3,4,4,4,4,4,3,3,3,3,3,3,0.71,1
"P142",4,3,3,3,3,4,2,3,2,3,3,5,2,3,4,4,-1.07,1
"P143",3,3,4,3,2,4,4,4,3,3,4,3,3,3,4,2,-0.06,1
"P144",4,5,5,4,1,4,5,3,4,5,4,5,2,4,5,5,1.8,1
"P145",3,4,3,2,3,3,3,2,3,4,3,2,3,3,2,3,-1,0
"P146",3,3,3,2,2,3,3,3,3,3,2,3,3,3,3,3,-0.99,0
"P147",1,2,3,2,3,2,2,2,2,2,3,2,3,2,2,2,-2.21,0
"P148",4,2,4,3,3,3,3,4,3,3,3,3,2,4,4,3,0.79,1
"P149",3,4,4,5,2,3,3,4,4,3,3,3,3,3,3,4,1.04,1
"P150",4,3,4,5,2,5,5,3,4,3,3,3,3,4,4,4,0.65,1
"P151",3,3,4,3,3,3,4,4,3,3,2,4,4,3,4,2,0.53,1
"P152",4,3,4,4,1,4,5,5,3,4,4,3,2,3,4,3,-0.22,1
"P153",2,2,2,2,4,1,1,2,3,2,2,1,4,2,2,3,-3,0
"P154",4,3,4,4,2,4,4,4,3,4,4,3,3,4,4,3,2.87,1
"P155",3,2,3,2,4,2,2,2,2,4,2,2,4,3,3,3,-0.72,0
"P156",3,3,3,3,4,3,3,3,4,4,3,3,3,3,3,4,1.74,1
"P157",2,2,2,3,5,2,2,3,3,4,4,4,2,3,4,3,-1.05,1
"P158",2,2,3,3,4,4,3,2,3,3,3,3,3,3,3,3,0.44,0
"P159",4,3,3,3,3,3,3,2,2,3,3,3,2,2,3,3,-1.12,0
"P160",3,2,3,4,3,3,3,3,5,3,4,4,2,4,4,4,0.34,1
"P161",1,4,3,3,4,4,3,3,3,3,3,2,3,2,4,3,-0.86,1
"P162",4,4,3,3,2,3,3,2,2,3,3,4,3,3,3,2,1.52,0
"P163",5,4,4,4,1,3,4,4,4,5,4,4,3,5,4,3,1.15,1
"P164",3,3,2,3,3,2,3,3,3,2,2,2,4,2,2,3,-0.7,0
"P165",2,2,2,4,4,2,3,2,2,2,3,3,2,2,4,3,-0.73,0
"P166",4,5,3,2,2,2,3,3,3,4,3,4,4,4,3,3,0.7,1
"P167",4,3,3,3,3,3,3,3,4,3,3,3,3,4,4,3,1.02,1
"P168",2,1,2,2,4,3,2,2,3,3,4,3,4,3,3,3,0.7,0
"P169",3,2,3,2,3,2,3,3,4,4,3,3,3,3,4,3,-0.41,1
"P170",3,3,3,3,3,2,2,3,3,3,3,2,3,2,3,4,1.12,0
"P171",2,2,3,3,4,3,3,2,4,3,1,4,4,3,3,2,-0.25,0
"P172",2,3,3,3,3,2,3,4,3,3,3,3,3,3,2,3,-0.33,0
"P173",3,3,3,4,2,3,4,3,4,3,3,3,3,3,4,3,0.99,1
"P174",2,2,3,3,4,3,1,2,3,2,2,3,4,3,2,2,0.05,0
"P175",3,3,3,2,3,2,3,3,2,3,3,3,3,1,3,3,0.52,0
"P176",4,3,3,2,3,3,3,4,3,3,3,3,3,3,3,3,0.42,1
"P177",2,2,2,2,5,2,2,2,2,2,3,3,3,2,3,2,-0.17,0
"P178",4,3,3,3,3,3,3,2,3,3,2,3,4,3,3,3,-0.79,1
"P179",4,3,4,4,3,4,4,3,2,2,2,3,3,2,3,3,-0.28,1
"P180",4,4,3,4,2,3,4,4,3,3,4,4,2,4,4,2,1.28,1
"P181",3,2,3,2,4,2,3,3,2,2,2,2,3,2,3,3,-0.1,0
"P182",3,3,2,2,4,2,2,3,4,3,3,3,2,2,2,2,-0.18,0
"P183",4,4,3,3,4,3,2,2,2,3,3,4,3,5,4,3,0.16,1
"P184",3,2,3,3,4,3,2,3,3,4,4,4,3,3,3,4,1.31,1
"P185",3,5,3,3,3,3,3,2,4,4,3,4,2,3,3,4,-0.04,1
"P186",3,2,3,3,3,3,3,3,4,4,4,3,2,3,3,4,0.8,1
"P187",2,3,2,4,3,2,2,3,2,3,3,3,4,2,3,3,-2.25,0
"P188",1,2,2,3,3,3,3,3,2,2,3,2,4,2,2,2,-1.85,0
"P189",3,3,4,3,3,3,4,3,2,3,3,3,3,3,3,1,-0.82,0
"P190",3,4,3,2,3,2,2,4,3,4,3,4,3,3,3,4,0.25,1
"P191",3,3,3,3,3,3,3,3,1,2,1,2,3,3,2,3,-1.14,0
"P192",3,3,4,3,2,3,4,3,3,3,3,2,3,3,2,3,-1.89,0
"P193",3,4,3,3,3,2,3,2,3,4,2,3,4,3,4,3,0.92,1
"P194",3,4,4,4,3,4,4,3,3,4,4,3,3,4,4,3,-0.57,1
"P195",3,2,2,3,3,3,2,2,2,2,2,2,5,2,1,2,-1.38,0
"P196",3,3,3,2,2,3,3,4,3,3,3,3,4,3,3,2,-1.2,0
"P197",2,3,3,3,2,2,2,3,2,2,2,1,3,1,2,3,-1.49,0
"P198",4,3,3,3,2,3,3,3,3,2,3,3,2,3,3,2,-1.77,0
"P199",1,2,2,2,4,2,2,2,4,3,3,2,2,3,3,3,-1.19,0
"P200",2,3,3,3,2,3,3,3,2,2,2,3,5,2,2,2,-0.06,0
"P201",2,3,3,2,3,3,2,3,2,3,2,2,3,4,2,2,-0.48,0
"P202",3,3,4,4,3,4,2,4,3,4,4,3,4,4,4,4,-0.53,1
"P203",3,2,2,4,3,3,2,2,4,3,2,3,4,2,2,3,-0.51,0
"P204",3,4,3,3,3,3,3,3,3,4,3,4,2,2,3,3,1.35,1
"P205",3,3,3,4,2,3,3,3,3,3,2,3,3,2,4,2,0.53,0
"P206",3,2,3,3,3,4,3,3,4,3,3,2,3,2,2,3,-0.58,0
"P207",3,3,3,3,4,3,3,2,2,2,2,1,4,3,2,2,-2.44,0
"P208",3,3,3,3,3,3,3,2,3,2,2,3,3,2,3,2,-0.21,0
"P209",3,3,3,3,3,3,4,4,4,3,4,4,2,5,4,3,0.96,1
"P210",2,3,1,3,5,3,2,2,1,3,2,1,4,2,2,2,-0.51,0
"P211",2,2,2,2,5,1,2,1,2,2,3,2,4,3,2,2,-0.99,0
"P212",2,2,2,3,3,3,2,4,2,2,3,3,4,3,2,3,-0.15,0
"P213",2,3,2,3,4,1,1,2,3,2,3,3,3,3,3,4,-1.35,0
"P214",3,4,3,3,2,3,3,3,3,4,3,3,2,3,4,4,-0.01,1
"P215",2,3,3,2,3,2,4,2,3,3,4,4,2,3,4,3,-1.9,0
"P216",1,3,2,2,4,3,3,2,2,2,2,2,4,2,2,2,-0.83,0
"P217",3,3,3,3,3,3,3,3,2,2,2,2,4,2,3,3,0.19,0
"P218",3,3,4,4,2,3,4,2,3,4,4,3,3,3,4,4,0.48,1
"P219",5,4,3,2,3,3,4,4,3,2,4,3,3,4,2,3,1,1
"P220",3,2,3,3,3,2,2,3,2,3,2,4,2,2,3,4,-0.75,0
"P221",4,3,3,4,2,3,4,4,3,3,3,4,2,3,2,2,0.87,1
"P222",3,2,3,2,3,3,3,4,3,3,3,3,2,3,3,4,0.48,0
"P223",3,4,3,3,3,4,2,2,3,3,4,3,3,3,4,4,0.58,1
"P224",3,3,3,2,3,3,3,3,3,3,3,3,3,2,2,2,0.56,0
"P225",2,4,4,3,2,3,3,3,3,3,4,3,2,3,2,3,-0.56,0
"P226",3,4,3,3,3,4,3,2,4,4,3,4,2,5,3,3,2.28,1
"P227",3,4,4,4,3,4,3,3,3,3,2,4,3,4,4,4,1.11,1
"P228",4,3,4,3,3,3,3,3,4,3,3,3,3,3,4,3,0.51,1
"P229",1,2,2,3,2,3,3,2,2,2,2,4,4,3,3,2,-1.14,0
"P230",3,3,3,2,3,3,3,4,3,4,3,4,2,3,3,3,0.11,1
"P231",1,3,3,3,2,2,3,3,2,3,3,3,3,4,2,2,-0.95,0
"P232",3,2,2,4,3,2,2,2,3,3,4,4,3,4,3,2,-0.32,0
"P233",3,2,3,3,4,2,3,3,1,2,2,3,5,1,3,2,-0.14,0
"P234",2,2,4,3,4,2,3,2,2,3,2,4,3,3,2,3,0.18,0
"P235",3,3,3,3,2,2,4,4,3,4,4,3,3,3,3,3,-0.5,1
"P236",5,4,4,3,3,3,3,3,2,4,3,2,3,3,3,3,0.53,1
"P237",4,4,3,3,4,5,3,3,3,2,2,3,3,2,3,2,-0.87,1
"P238",3,3,2,3,2,2,2,4,3,2,2,2,3,2,2,2,0.27,0
"P239",3,3,3,4,2,3,2,3,3,2,3,2,4,2,2,3,0.21,0
"P240",3,3,3,3,3,4,3,2,2,2,4,2,4,2,3,2,0.04,0
"P241",3,4,3,4,3,3,4,3,4,2,3,2,2,3,3,3,1.03,1
"P242",3,4,3,4,2,3,3,2,4,3,2,3,3,3,2,4,0.05,1
"P243",4,4,4,3,1,4,4,4,4,3,4,4,4,4,3,4,0.19,1
"P244",3,3,3,3,4,3,3,4,3,1,2,2,5,2,1,2,-1.88,0
"P245",4,3,3,3,4,4,3,3,3,3,3,3,3,3,3,3,-1.7,1
"P246",3,4,3,2,3,3,3,2,2,2,2,1,4,3,3,2,0.95,0
"P247",4,3,3,5,3,4,3,4,3,4,3,3,3,3,3,2,-1.64,1
"P248",2,2,2,2,4,3,3,3,3,3,2,3,3,2,3,3,0.37,0
"P249",3,2,2,3,4,2,3,2,3,3,3,3,5,2,2,2,0.33,0
"P250",3,2,4,5,3,3,4,3,4,4,4,3,3,3,4,4,0.98,1
"P251",3,3,3,3,3,3,3,3,2,2,3,4,4,2,3,2,0.3,0
"P252",4,4,4,3,2,3,4,4,4,5,4,4,2,3,4,4,0.23,1
"P253",5,4,5,4,2,4,5,5,4,4,3,3,3,4,3,4,2.47,1
"P254",3,2,3,3,3,2,2,3,3,2,2,2,2,2,2,3,0.47,0
"P255",2,3,2,3,4,2,2,2,3,3,2,3,3,3,4,3,-1.34,0
"P256",4,4,4,5,1,4,4,4,4,4,4,4,1,5,4,4,1.7,1
"P257",4,3,3,3,4,3,3,2,3,2,3,3,4,4,3,4,1.04,1
"P258",3,3,4,3,3,2,2,3,4,3,3,3,3,3,3,4,0.9,1
"P259",2,2,1,3,4,2,2,3,2,2,2,2,3,2,2,2,-1.18,0
"P260",3,3,3,4,2,3,5,4,2,2,2,3,3,3,2,2,-1.33,0
"P261",4,3,4,3,1,4,5,4,4,4,3,4,3,4,3,4,0.83,1
"P262",3,2,1,2,3,2,1,2,2,2,3,3,4,2,2,3,-1.54,0
"P263",5,3,4,3,2,5,3,3,2,2,3,2,4,2,3,2,-0.66,1
"P264",3,3,4,5,2,3,3,4,5,4,5,5,2,3,4,5,1.68,1
"P265",2,4,4,2,3,4,3,4,2,3,2,3,3,3,1,2,-0.1,0
"P266",3,3,3,3,2,3,3,4,4,4,4,4,2,4,4,5,0.5,1
"P267",4,4,4,3,2,4,4,3,3,3,4,4,3,3,3,3,1.87,1
"P268",3,3,2,2,4,3,3,3,2,3,2,4,4,3,3,2,0.54,0
"P269",2,3,4,3,3,3,4,3,4,2,3,4,3,4,4,3,-0.18,1
"P270",2,3,3,2,3,3,3,3,3,2,3,2,3,3,2,3,0.05,0
"P271",2,3,4,3,3,3,3,2,3,4,4,2,2,4,2,3,-0.63,0
"P272",4,4,4,4,2,3,3,3,4,5,5,4,2,4,3,4,1.39,1
"P273",4,4,4,4,2,4,4,2,3,3,4,3,3,3,3,3,-0.23,1
"P274",2,2,3,2,3,2,4,1,2,3,2,2,4,3,3,3,-1.57,0
"P275",4,3,3,2,3,3,4,3,5,4,4,3,3,4,3,3,0.75,1
"P276",2,2,2,2,4,3,1,2,2,3,3,2,2,2,3,3,-1.9,0
"P277",4,3,3,3,2,4,3,3,3,3,3,4,2,3,3,4,1.14,1
"P278",1,3,2,2,4,3,2,2,2,2,4,4,3,2,2,2,-1.73,0
"P279",2,3,2,3,3,2,3,3,2,3,4,3,3,3,3,3,0.47,0
"P280",2,3,3,2,3,3,3,3,3,2,4,3,3,3,3,3,0,0
"P281",3,3,3,3,3,3,3,3,3,3,4,2,3,4,4,3,-0.12,1
"P282",4,2,2,4,2,3,3,3,4,3,3,4,3,4,3,3,0.67,1
"P283",3,2,3,2,4,2,3,2,4,3,2,3,2,4,3,4,-0.07,0
"P284",4,5,5,4,1,5,4,4,4,3,4,4,2,4,4,3,0.11,1
"P285",5,2,3,2,2,3,4,4,4,4,4,4,3,4,5,2,-0.63,1
"P286",3,4,3,4,4,3,3,3,3,3,3,4,3,5,4,3,-0.58,1
"P287",3,3,2,3,2,3,3,4,3,4,3,2,3,4,3,3,-0.18,1
"P288",3,3,3,3,4,3,2,2,3,4,4,3,3,3,3,3,-0.18,1
"P289",3,2,3,4,4,3,2,3,2,4,3,3,3,3,3,3,-0.7,1
"P290",3,2,1,1,3,1,2,3,3,3,2,3,3,3,3,3,1.54,0
"P291",3,3,2,2,3,3,3,3,4,3,3,3,3,3,2,3,-0.01,0
"P292",2,2,3,2,4,3,2,3,3,2,2,3,3,3,2,2,-1.68,0
"P293",3,2,3,3,3,3,3,2,3,3,3,4,3,2,4,3,1.05,0
"P294",3,4,4,3,3,2,4,3,5,4,3,3,3,4,4,3,-0.12,1
"P295",2,3,3,3,3,2,3,3,2,3,2,3,4,2,2,3,-0.43,0
"P296",4,3,4,3,4,2,3,3,3,2,3,3,3,3,2,2,-0.77,0
"P297",2,2,1,2,4,2,2,2,3,2,2,4,3,2,2,2,-0.15,0
"P298",2,3,3,2,4,3,3,4,2,3,3,3,3,3,3,4,0.54,1
"P299",2,3,3,4,4,3,3,3,3,2,3,3,4,3,3,3,0,1
"P300",3,4,4,4,1,4,4,4,3,3,3,2,2,3,4,3,0.74,1
"P301",3,3,2,4,3,4,4,2,4,3,3,4,4,4,4,4,-0.36,1
"P302",3,2,2,3,5,3,2,1,3,3,2,3,4,3,2,3,0.16,0
"P303",3,2,1,3,4,3,3,2,3,4,2,1,2,3,2,3,-1.2,0
"P304",4,3,3,4,4,4,3,4,2,3,2,2,3,3,4,3,1.42,1
"P305",4,4,4,4,2,3,4,5,2,3,4,4,3,4,4,3,2.35,1
"P306",2,3,2,2,3,3,1,2,1,3,3,3,3,2,3,3,-1.2,0
"P307",3,3,2,3,4,3,3,1,3,3,3,3,3,3,4,2,-0.38,0
"P308",4,5,5,3,2,4,4,3,4,3,4,3,3,2,3,3,0.41,1
"P309",3,3,4,4,3,2,3,3,3,4,4,4,2,2,4,3,-0.17,1
"P310",3,2,2,2,4,3,2,3,4,3,2,2,3,3,3,4,-0.77,0
"P311",3,3,3,2,4,2,3,4,3,2,3,3,3,3,3,2,0.01,0
"P312",3,3,1,3,3,3,2,3,2,3,2,2,3,2,2,2,-0.26,0
"P313",3,4,3,4,2,3,3,4,4,3,3,3,3,3,3,2,0.17,1
"P314",3,3,4,4,3,2,4,3,1,1,1,2,5,2,1,2,-0.37,0
"P315",3,3,3,3,4,3,2,4,4,3,3,2,3,3,3,3,0.18,1
"P316",2,3,3,4,3,3,3,2,3,3,3,3,3,3,3,2,1.2,0
"P317",3,4,4,4,3,3,3,4,4,3,3,3,3,3,3,3,0.88,1
"P318",2,3,3,3,4,2,3,4,2,2,1,3,3,3,2,3,-1.64,0
"P319",3,4,4,3,2,5,4,3,4,4,3,4,2,4,4,4,1.07,1
"P320",3,4,3,3,3,3,3,3,2,3,2,1,3,3,2,3,-0.72,0
"P321",4,4,5,5,2,4,4,3,2,4,4,4,3,3,3,2,1.19,1
"P322",1,2,2,1,4,3,2,2,3,3,2,3,3,3,3,3,0.42,0
"P323",3,3,3,4,5,4,3,3,3,3,2,4,3,3,2,4,-0.29,1
"P324",4,4,4,4,2,3,4,3,3,4,3,4,3,4,4,4,1.03,1
"P325",3,3,3,3,3,2,4,2,2,3,3,2,4,2,3,2,-0.04,0
"P326",2,3,3,3,3,4,3,4,3,3,3,3,3,3,2,2,-2.35,0
"P327",3,3,4,4,4,2,2,2,1,3,2,2,3,4,3,3,-0.66,0
"P328",3,3,2,3,3,2,2,2,2,2,2,3,4,2,3,3,-0.26,0
"P329",3,3,3,4,3,3,3,2,1,2,4,2,3,1,1,2,-2.59,0
"P330",3,3,2,2,3,4,3,4,3,3,3,3,4,3,3,2,-0.85,1
"P331",3,3,4,4,2,3,4,4,3,3,3,4,3,3,2,4,2.39,1
"P332",3,4,3,3,3,3,3,4,3,3,3,2,3,3,4,3,1.35,1
"P333",3,2,2,2,3,2,2,3,2,3,3,1,3,3,3,2,-1.18,0
"P334",3,3,4,4,3,4,4,3,3,3,2,2,3,1,2,2,0.9,0
"P335",3,2,4,3,3,4,3,3,2,3,2,2,4,4,4,3,-0.02,1
"P336",3,2,3,2,3,3,2,3,3,2,2,3,3,3,2,3,-0.54,0
"P337",3,3,4,3,2,3,3,2,3,3,2,3,3,2,3,3,0.05,0
"P338",3,3,3,3,3,4,5,3,3,4,3,4,2,4,5,3,1.18,1
"P339",3,2,4,2,3,3,3,4,2,3,4,4,3,3,4,3,0,1
"P340",3,2,3,3,3,3,2,2,2,3,3,3,3,2,3,3,-0.26,0
"P341",2,3,2,3,4,2,3,3,3,4,3,4,3,3,2,4,0.09,1
"P342",4,3,3,3,2,3,2,3,3,4,4,4,1,3,5,5,0.7,1
"P343",3,3,3,3,3,2,3,3,3,4,3,2,3,4,3,5,0.44,1
"P344",3,3,4,5,3,4,3,3,4,4,4,3,3,3,3,4,1.4,1
"P345",2,3,3,2,3,3,3,4,3,3,3,3,3,3,2,1,-1.01,0
"P346",3,3,3,2,3,3,2,1,4,3,3,3,2,3,3,3,-0.48,0
"P347",2,2,3,3,3,3,2,2,2,2,1,2,3,2,2,2,-1.48,0
"P348",2,3,2,3,4,2,3,3,3,4,3,3,2,3,3,3,-0.92,0
"P349",4,4,4,4,2,3,4,4,3,5,3,4,3,3,3,4,1.38,1
"P350",2,3,1,2,3,3,2,3,3,3,3,2,3,3,2,2,-0.34,0
"P351",2,2,2,4,5,1,2,2,2,2,3,3,4,3,2,2,0.55,0
"P352",1,1,2,2,4,2,2,3,2,2,3,2,4,2,2,2,-1.13,0
"P353",3,2,2,1,4,2,2,2,3,4,3,3,3,3,3,3,-1.05,0
"P354",4,4,4,3,2,3,4,4,3,3,3,4,3,4,3,2,2.44,1
"P355",4,4,5,3,2,3,3,3,3,3,2,4,3,3,2,4,0.3,1
"P356",3,3,2,4,4,4,3,4,2,3,2,4,3,4,3,3,0.61,1
"P357",2,3,3,3,3,2,3,3,3,4,3,2,4,3,3,4,1.51,1
"P358",4,3,4,3,2,5,4,4,2,3,3,3,3,2,3,2,0.42,1
"P359",4,3,2,3,3,3,3,2,3,3,3,3,4,3,2,2,-0.51,0
"P360",3,4,3,2,4,3,3,3,2,3,2,2,3,2,2,2,-1.88,0
"P361",2,4,3,2,3,3,2,3,2,2,2,2,4,3,3,4,0.1,0
"P362",2,2,2,4,4,2,3,3,2,2,2,3,4,2,3,3,0.68,0
"P363",4,2,3,4,3,3,3,3,4,4,4,3,3,4,3,4,1.75,1
"P364",3,4,4,3,2,3,3,3,4,3,3,3,3,3,4,4,-0.25,1
"P365",3,2,2,3,5,2,2,3,3,4,2,3,3,4,2,4,1.47,0
"P366",5,4,4,3,3,5,4,4,3,4,3,4,3,3,2,3,1.83,1
"P367",2,2,2,4,4,3,2,1,3,3,3,3,4,2,3,4,-0.21,0
"P368",4,2,3,3,3,3,2,4,3,3,3,2,2,3,3,3,-0.95,0
"P369",3,4,3,1,3,3,4,2,2,2,2,2,4,2,3,3,-1.23,0
"P370",3,3,2,3,3,2,2,3,2,3,3,3,3,2,3,3,-0.21,0
"P371",4,4,3,3,3,4,3,4,3,3,2,3,3,3,3,3,-0.28,1
"P372",2,1,2,1,5,3,1,3,3,3,3,3,3,3,2,4,-2.18,0
"P373",3,2,3,2,3,1,1,2,1,2,2,3,4,2,3,2,-1.19,0
"P374",4,4,5,3,3,4,4,3,3,3,4,3,3,4,3,3,0.54,1
"P375",2,2,3,4,3,3,2,3,3,3,2,3,4,3,3,2,0.02,0
"P376",3,3,4,4,2,4,4,5,4,4,5,3,2,4,3,4,0.52,1
"P377",3,4,3,3,2,3,4,4,2,2,3,2,4,2,2,3,-0.46,0
"P378",2,4,3,3,2,3,3,4,3,3,3,3,4,3,3,2,0.12,1
"P379",3,4,4,4,2,4,4,3,4,3,2,3,2,3,2,3,0.3,1
"P380",3,3,2,3,4,3,2,2,4,4,3,4,2,4,4,3,0.26,1
"P381",4,4,3,3,2,3,3,3,3,3,2,2,4,4,4,3,-0.36,1
"P382",5,4,5,5,2,4,4,4,3,4,3,2,3,3,4,3,2.08,1
"P383",3,3,3,2,3,2,3,3,2,2,3,3,3,3,2,1,0.85,0
"P384",2,3,2,2,3,2,1,4,3,2,2,3,4,3,2,2,0.17,0
"P385",3,3,2,2,4,3,3,2,2,1,2,2,5,2,2,2,-1.07,0
"P386",3,2,3,4,2,3,3,3,2,3,2,3,3,4,4,4,-1.12,1
"P387",4,3,3,3,1,4,4,5,4,3,3,4,2,3,3,4,0.76,1
"P388",2,2,3,2,4,2,2,2,3,2,3,3,4,3,3,3,1.98,0
"P389",4,4,2,3,3,4,3,3,3,2,2,2,4,2,1,2,0.37,0
"P390",3,3,3,3,2,5,3,4,2,3,2,3,2,3,2,3,-0.78,0
"P391",2,3,2,3,4,2,2,3,2,2,1,3,3,2,2,3,-0.43,0
"P392",2,2,2,3,4,2,2,2,2,2,2,2,4,2,2,3,-0.98,0
"P393",3,3,4,4,2,4,4,4,3,2,3,4,3,2,3,4,-0.01,1
"P394",3,3,3,2,4,3,2,4,3,2,2,3,3,3,2,3,-0.19,0
"P395",4,4,4,4,2,3,3,3,4,3,4,4,2,4,3,3,1.81,1
"P396",2,3,3,4,4,2,2,3,2,1,2,2,3,2,3,2,-0.24,0
"P397",2,3,3,3,3,3,3,4,2,2,2,3,3,3,3,3,-0.54,0
"P398",4,4,3,3,2,4,4,4,4,4,4,4,3,4,4,4,0.95,1
"P399",3,3,3,4,2,4,3,3,3,2,3,2,4,3,4,4,-1.99,1
"P400",3,3,4,3,3,3,4,5,2,2,3,2,3,2,3,2,-0.45,0
