"participant_id","Item01","Item02","Item03","Item04","Item05","Item06","Item07","Item08","Item09","Item10","Item11","Item12","Item13","Item14","Item15","Item16","Item17","Item18","Item19","Item20","attention_check","response_time_sec"
"P001",3,2,3,4,3,4,3,4,3,3,3,4,4,4,3,3,4,3,4,3,3,437
"P002",3,4,3,3,3,2,3,4,4,3,3,4,3,4,4,3,4,4,3,3,3,508
"P003",1,3,4,NA,2,3,NA,3,2,NA,3,NA,3,2,1,2,3,NA,2,NA,3,284
"P004",3,3,3,3,3,2,3,3,3,2,3,4,2,3,4,3,3,3,4,2,3,413
"P005",3,3,4,3,2,2,3,3,3,3,3,3,3,2,3,2,2,2,2,2,3,249
"P006",2,3,4,2,2,2,2,1,2,3,4,2,3,2,3,3,2,2,3,3,3,338
"P007",2,3,3,2,2,3,3,2,3,4,3,3,2,3,2,3,4,3,3,3,3,310
"P008",4,4,3,3,3,4,4,3,3,3,4,3,3,4,4,3,3,4,3,3,3,404
"P009",5,5,5,5,1,1,5,5,1,5,1,1,5,5,1,5,5,1,5,1,3,343
"P010",3,3,4,3,2,2,3,3,3,2,2,2,3,3,3,3,2,NA,3,3,4,37
"P011",1,1,1,1,1,1,1,1,1,1,1,1,1,1,1,1,1,1,1,1,3,249
"P012",2,3,3,3,3,3,3,2,2,3,3,2,2,2,1,2,3,2,3,3,3,299
"P013",2,2,3,4,4,2,4,3,3,2,2,2,4,2,2,2,2,2,3,2,3,230
"P014",3,3,2,3,3,3,3,3,2,4,4,2,2,3,1,3,4,2,4,3,3,38
"P015",2,2,2,2,2,2,2,2,2,2,2,2,2,2,2,2,2,2,2,2,3,9
"P016",3,2,4,2,3,3,2,3,2,3,4,2,2,2,3,1,2,2,2,4,3,221
"P017",5,5,5,5,5,5,5,5,5,5,5,5,5,5,5,5,5,5,5,5,3,284
"P018",3,4,3,3,3,4,4,3,4,3,3,4,3,3,2,3,3,4,5,3,3,303
"P019",2,2,3,3,1,3,2,2,3,1,3,3,2,3,2,2,3,2,3,3,2,324
"P020",4,4,1,4,4,3,4,4,4,3,1,4,3,3,3,4,5,3,4,3,3,413
"P021",2,2,4,3,2,3,3,3,3,2,4,3,3,2,3,2,1,3,4,3,3,14
"P022",1,2,4,2,2,1,2,2,2,2,5,2,1,2,2,3,2,2,1,2,3,200
"P023",3,3,3,3,2,3,3,4,2,3,4,3,3,3,4,4,3,2,3,3,3,384
"P024",3,3,4,3,3,2,3,3,2,2,4,2,3,3,4,2,3,3,3,2,3,17
"P025",4,4,2,3,3,4,4,3,3,3,2,4,3,3,4,3,4,4,4,3,3,351
"P026",1,1,1,5,5,5,5,5,5,5,5,1,1,5,1,1,5,5,1,1,3,110
"P027",3,3,3,3,3,4,3,2,3,3,4,4,3,3,4,2,3,4,4,2,3,346
"P028",3,3,2,2,3,2,3,3,2,3,3,2,2,2,2,2,3,4,2,3,4,504
"P029",4,3,3,3,4,3,3,3,3,4,3,3,3,2,4,4,3,1,3,3,3,365
"P030",2,3,4,2,2,2,3,2,3,2,2,2,4,3,3,2,2,2,1,3,3,14
"P031",3,2,3,2,4,3,3,2,4,3,4,3,3,4,3,4,3,2,3,4,3,264
"P032",2,2,4,2,2,2,2,3,2,2,4,2,1,2,3,2,2,3,2,2,3,385
"P033",3,4,3,4,3,4,3,3,4,4,3,3,4,3,3,2,3,3,3,3,3,202
"P034",4,3,3,4,3,2,3,4,2,4,3,3,3,4,3,3,2,3,4,2,3,432
"P035",4,4,4,3,3,3,4,3,NA,3,3,3,3,4,2,3,5,3,4,3,3,301
"P036",2,3,4,3,3,3,4,4,2,3,3,2,3,4,2,3,3,3,3,4,3,11
"P037",1,1,1,1,1,1,1,1,1,1,1,1,1,1,1,1,1,1,1,1,3,370
"P038",2,3,3,3,4,2,2,4,3,3,3,3,4,2,3,4,3,4,3,2,3,75
"P039",2,3,4,2,3,2,3,3,4,4,3,3,3,3,3,2,2,3,3,4,5,440
"P040",3,3,5,NA,3,1,1,2,2,2,3,4,3,2,2,2,2,3,3,2,2,341
"P041",3,3,2,2,3,4,3,3,3,3,4,3,4,3,3,3,4,4,3,4,3,483
"P042",1,3,4,2,3,2,2,2,2,1,4,3,2,2,2,2,2,3,1,2,3,508
"P043",4,4,2,4,3,4,4,3,4,3,2,3,3,3,4,4,3,3,4,3,3,368
"P044",3,3,2,2,3,3,3,3,4,4,3,4,3,3,3,3,3,3,4,4,3,280
"P045",3,2,3,3,3,2,2,2,3,3,3,2,4,NA,3,2,2,3,2,3,3,199
"P046",4,2,3,3,4,5,3,3,4,4,4,4,4,3,3,3,4,2,3,3,3,280
"P047",4,2,1,3,4,3,3,3,3,3,3,3,3,3,4,2,3,3,5,3,3,18
"P048",3,3,3,NA,2,4,3,3,2,3,4,3,3,3,3,3,4,3,3,3,3,162
"P049",3,4,3,NA,4,4,4,4,4,3,2,3,4,4,3,3,3,4,3,4,3,285
"P050",3,3,NA,NA,1,NA,3,3,2,3,NA,3,3,2,2,3,3,NA,NA,3,3,221
"P051",3,2,3,3,2,3,3,3,2,1,3,3,3,3,3,3,3,3,3,2,5,14
"P052",2,3,4,4,4,4,4,3,4,4,2,4,3,3,3,3,3,3,2,3,3,433
"P053",3,4,4,NA,3,3,NA,3,NA,NA,4,3,NA,3,4,3,NA,3,3,3,3,359
"P054",2,1,NA,3,1,NA,3,3,2,NA,4,3,2,NA,2,3,2,NA,NA,3,3,381
"P055",3,3,3,4,2,4,3,4,4,3,3,3,2,3,2,3,2,3,3,3,3,361
"P056",2,3,4,3,2,2,NA,2,3,2,NA,4,NA,3,NA,3,NA,NA,3,4,3,158
"P057",2,2,4,2,3,3,2,2,2,2,4,2,3,2,2,2,3,1,2,2,3,284
"P058",3,2,3,2,2,2,3,3,3,2,4,1,3,3,3,2,3,3,2,3,3,455
"P059",NA,3,2,4,4,4,NA,3,5,NA,3,NA,3,NA,3,5,4,3,3,NA,3,373
"P060",3,4,3,3,2,3,3,3,NA,3,4,4,3,3,3,3,4,3,3,3,3,366
"P061",4,3,4,3,4,3,3,3,3,3,2,3,2,3,3,4,3,3,3,3,3,345
"P062",2,4,3,3,3,3,3,4,3,3,2,4,4,4,4,4,2,3,2,3,2,325
"P063",2,4,2,4,2,3,2,2,4,3,2,4,4,3,3,3,3,3,3,3,3,422
"P064",4,2,3,3,3,4,2,3,3,3,3,3,2,NA,3,3,2,4,2,3,3,474
"P065",4,4,3,3,3,3,3,4,3,3,2,3,4,4,3,4,4,3,4,3,3,460
"P066",3,3,2,4,3,3,4,3,NA,3,3,3,3,4,3,2,3,3,3,3,3,332
"P067",3,3,4,3,3,3,2,4,4,3,4,2,4,3,3,4,4,3,2,3,3,370
"P068",5,5,5,5,5,5,5,5,5,5,5,5,5,5,5,5,5,5,5,5,3,132
"P069",3,3,3,3,4,2,4,4,4,2,3,2,3,3,2,3,4,3,3,3,3,470
"P070",3,4,3,3,4,3,4,4,3,3,3,4,3,3,4,3,3,3,2,3,3,222
"P071",3,3,3,3,3,3,3,3,3,4,4,3,3,3,2,2,2,3,4,2,3,43
"P072",3,2,2,3,3,3,3,3,3,4,3,3,3,3,3,4,3,3,4,4,3,327
"P073",3,3,4,2,3,4,3,2,4,3,3,3,4,3,4,3,3,3,4,4,3,327
"P074",2,3,2,3,4,3,3,3,3,3,3,3,4,3,2,3,2,4,3,4,3,252
"P075",2,2,3,3,3,2,2,2,3,3,3,2,2,3,2,3,3,2,2,3,1,410
"P076",3,3,4,2,2,3,3,2,2,2,3,3,2,2,3,2,3,2,2,2,3,125
"P077",5,1,1,5,5,5,5,5,1,5,5,1,1,5,1,5,5,5,5,5,3,626
"P078",1,2,4,NA,3,2,3,2,2,2,3,2,3,2,2,3,3,2,2,2,3,416
"P079",4,4,2,4,3,4,3,4,NA,4,3,4,4,NA,4,4,3,3,3,4,3,282
"P080",3,4,3,4,3,4,3,4,3,4,3,4,4,3,3,3,4,4,3,3,3,304
"P081",2,2,4,3,3,3,3,2,2,2,4,3,3,2,2,3,2,3,2,3,3,243
"P082",2,3,3,4,3,2,3,2,2,3,4,2,3,3,2,3,3,1,2,2,3,219
"P083",2,1,4,2,3,3,1,3,3,1,4,1,2,2,1,2,2,2,3,2,3,178
"P084",4,3,2,3,3,3,3,3,3,3,3,3,3,3,3,4,4,3,3,3,5,381
"P085",2,2,3,2,NA,NA,2,3,3,2,3,NA,3,2,NA,NA,NA,2,2,2,3,266
"P086",4,4,3,3,4,4,3,4,4,4,3,3,4,4,5,3,3,3,3,4,3,342
"P087",3,3,3,NA,2,2,3,3,3,2,3,3,3,3,3,3,3,3,3,2,3,358
"P088",3,4,4,3,4,3,3,2,4,4,3,3,4,3,3,2,3,2,3,3,3,429
"P089",2,3,3,2,3,3,3,3,3,2,3,3,2,2,2,2,3,2,3,3,3,225
"P090",2,3,2,3,3,3,2,3,4,3,3,3,3,3,3,3,3,3,3,4,3,263
"P091",3,3,2,4,4,3,3,3,3,3,3,3,3,3,3,3,3,3,3,2,3,488
"P092",3,4,2,2,4,4,3,3,3,4,2,3,4,2,4,3,3,3,2,3,4,28
"P093",4,5,2,3,4,4,4,3,3,4,2,4,4,3,4,3,3,3,3,3,3,247
"P094",3,3,3,NA,3,2,2,2,3,3,3,2,2,2,3,3,2,2,2,2,3,270
"P095",2,2,3,3,3,2,3,3,2,3,3,2,2,2,2,3,3,4,2,2,3,330
"P096",3,4,2,3,2,2,4,3,3,2,2,3,3,4,4,3,3,4,3,3,3,401
"P097",3,3,3,3,4,3,3,3,2,3,4,3,3,3,4,2,4,3,4,3,3,301
"P098",3,3,2,3,2,2,2,2,2,3,3,2,3,4,3,2,2,3,2,3,3,377
"P099",2,1,4,NA,3,2,2,3,2,3,3,2,2,2,3,2,3,3,2,2,3,418
"P100",3,4,3,4,3,4,3,4,4,4,3,3,4,4,2,4,3,3,3,4,4,186
"P101",3,3,3,2,1,3,3,3,3,2,3,3,3,3,2,3,3,2,3,2,3,316
"P102",3,4,3,4,3,4,3,3,4,3,2,4,3,3,5,4,3,2,4,2,3,236
"P103",3,3,2,3,2,NA,3,3,2,3,NA,NA,3,3,2,NA,NA,NA,3,3,3,247
"P104",3,3,2,3,5,3,4,3,4,3,2,3,4,3,3,3,4,5,3,4,3,15
"P105",2,2,3,3,1,3,2,2,3,3,3,2,2,3,3,2,3,3,2,3,3,22
"P106",4,3,3,4,4,4,4,4,3,4,3,4,4,3,3,4,3,4,3,3,3,312
"P107",3,4,3,2,2,2,2,3,4,2,4,3,3,2,2,2,2,3,2,3,3,197
"P108",2,4,2,3,3,4,4,3,4,2,3,3,3,4,3,3,4,4,3,3,3,406
"P109",3,3,3,4,4,4,4,4,4,3,3,3,4,4,4,3,3,3,3,3,3,313
"P110",2,3,3,2,2,2,2,2,3,2,3,2,2,2,2,2,2,2,1,2,3,332
"P111",5,5,2,5,4,5,4,4,4,4,1,4,4,NA,5,4,4,5,4,4,3,26
"P112",1,1,1,1,1,1,1,1,1,1,1,1,1,1,1,1,1,1,1,1,3,670
"P113",3,3,2,2,4,2,3,3,3,3,3,3,3,3,3,3,4,3,4,3,3,334
"P114",1,3,4,3,3,2,2,3,3,2,3,1,2,2,2,1,2,2,2,3,3,381
"P115",4,4,4,4,4,4,4,4,4,4,4,4,4,NA,4,4,4,4,4,4,2,211
"P116",3,1,4,1,3,2,3,2,2,3,4,4,2,2,3,3,2,3,2,2,3,363
"P117",5,1,5,1,5,1,5,5,1,5,1,5,1,5,1,1,1,1,5,1,3,471
"P118",2,2,2,4,3,3,3,4,3,3,1,2,3,3,3,3,3,3,3,3,3,269
"P119",4,2,3,3,3,3,3,4,3,4,3,4,3,4,3,4,3,3,3,3,2,311
"P120",4,4,2,4,3,3,3,5,4,4,2,3,3,4,4,4,3,4,4,3,3,186
"P121",4,3,2,3,4,3,4,3,3,3,4,4,3,3,3,3,3,3,4,3,4,303
"P122",4,3,2,2,3,2,3,2,NA,3,4,2,3,2,3,3,3,3,3,2,3,444
"P123",3,3,NA,4,2,2,3,NA,3,2,3,NA,NA,NA,3,2,2,4,3,NA,3,194
"P124",3,3,3,4,4,4,4,3,2,4,3,3,3,3,3,4,4,3,4,3,3,250
"P125",2,3,5,3,2,3,2,3,2,2,3,2,3,2,2,2,3,1,3,3,3,299
"P126",3,5,1,4,4,4,4,5,4,4,2,4,3,4,5,4,4,4,4,4,3,136
"P127",3,4,3,3,2,3,3,2,3,3,4,3,3,2,3,3,3,2,4,2,3,310
"P128",3,4,3,3,3,3,4,4,5,3,3,5,3,3,4,3,4,4,4,4,3,481
"P129",4,2,4,4,2,3,2,3,3,3,4,3,2,3,3,3,3,NA,3,2,3,276
"P130",4,4,2,4,4,4,4,4,3,4,2,4,4,3,4,3,3,2,3,4,3,415
"P131",3,3,3,2,2,1,4,2,2,2,3,3,3,3,2,2,2,2,2,2,1,429
"P132",4,3,4,2,3,2,2,3,3,3,3,3,3,3,3,2,3,2,3,3,3,525
"P133",4,4,3,4,3,3,4,4,4,4,2,4,5,4,4,4,5,4,3,4,3,155
"P134",3,1,5,2,2,3,1,2,2,2,4,2,1,2,2,2,1,3,2,1,3,483
"P135",3,3,3,3,3,4,3,3,3,4,3,4,2,NA,1,3,3,3,2,3,3,418
"P136",3,2,2,3,3,3,1,2,3,3,3,3,3,3,3,3,2,2,3,4,5,384
"P137",3,4,2,3,3,4,3,3,4,3,2,4,4,4,4,3,3,4,4,4,3,538
"P138",3,4,2,3,2,3,4,4,3,3,2,2,4,3,3,3,3,3,2,3,3,184
"P139",3,4,3,4,4,3,3,3,3,4,1,3,3,4,3,3,3,4,3,4,3,327
"P140",1,5,1,1,5,5,1,5,5,5,5,5,5,1,1,1,5,NA,1,5,3,656
"P141",3,3,3,4,4,3,2,4,3,4,3,5,3,NA,4,2,5,3,3,4,3,337
"P142",2,1,3,3,1,3,1,3,3,3,4,4,2,3,2,2,3,1,2,3,3,415
"P143",3,3,4,2,2,2,4,3,3,2,5,3,4,3,2,3,3,2,3,3,3,26
"P144",3,3,3,4,4,3,3,2,NA,3,3,4,5,3,4,3,3,4,4,3,3,385
"P145",4,4,2,5,3,4,3,4,NA,5,3,4,4,4,3,5,4,4,4,4,3,377
"P146",3,2,3,3,3,3,3,4,1,3,3,2,3,3,3,4,4,2,4,3,3,340
"P147",4,4,2,4,4,2,4,3,2,4,3,3,4,4,4,4,4,4,3,4,3,173
"P148",2,2,4,2,1,2,1,1,1,1,4,1,1,1,1,2,2,1,2,2,3,308
"P149",3,3,2,4,4,3,3,4,4,3,2,4,4,3,4,2,4,3,2,4,3,327
"P150",3,4,3,3,4,4,4,4,3,5,3,4,3,3,3,4,4,4,3,4,3,384
"P151",2,3,5,3,2,2,1,2,2,2,4,2,2,1,1,2,2,2,3,1,3,394
"P152",3,3,2,3,4,3,3,3,2,2,3,3,4,NA,3,3,3,3,2,3,3,255
"P153",3,3,3,2,3,3,3,3,4,4,3,2,3,2,3,2,3,4,2,3,3,485
"P154",4,5,3,5,3,4,3,4,3,3,1,5,5,4,3,4,4,4,4,5,3,423
"P155",3,4,3,2,3,4,3,3,3,2,3,3,3,2,3,2,2,3,4,4,3,252
"P156",4,3,1,3,3,3,4,3,4,3,3,5,4,4,3,3,3,3,4,4,3,417
"P157",4,4,4,3,3,4,3,3,4,2,3,3,3,4,3,3,2,3,3,4,3,173
"P158",5,1,5,5,1,5,5,5,5,1,5,1,1,5,5,1,1,1,1,5,3,403
"P159",3,2,3,2,2,3,2,1,3,2,3,3,2,3,3,1,3,2,2,3,3,13
"P160",3,4,2,2,4,3,3,3,3,3,3,3,3,3,3,4,4,3,3,3,3,359
"P161",2,2,5,2,2,2,3,2,3,2,4,2,3,3,3,2,2,3,2,2,3,325
"P162",3,4,3,3,3,3,2,3,2,2,2,3,4,3,2,2,3,3,5,2,3,162
"P163",1,1,5,2,2,1,2,2,1,2,5,1,1,1,1,1,1,1,2,2,1,405
"P164",3,3,2,3,3,3,3,3,2,3,3,2,3,3,4,4,2,3,3,3,3,316
"P165",3,2,4,3,3,3,4,2,2,2,3,3,2,2,2,3,2,2,3,3,3,170
"P166",4,4,2,4,4,3,4,4,4,4,3,4,2,4,4,4,3,4,4,5,3,259
"P167",1,1,5,1,1,1,1,1,1,5,5,1,1,5,5,5,1,1,1,5,3,392
"P168",3,3,3,3,4,4,3,3,3,3,2,2,3,3,4,3,3,NA,3,3,3,313
"P169",4,2,3,4,3,4,3,3,3,3,4,2,4,3,3,4,4,3,4,1,3,12
"P170",3,3,3,2,2,3,2,3,4,3,3,3,3,3,3,2,3,NA,3,2,3,278
"P171",2,3,3,3,3,3,3,4,4,4,3,2,3,3,3,3,3,3,4,3,3,245
"P172",1,5,1,5,1,1,5,5,5,1,5,5,5,1,1,5,5,5,1,1,3,259
"P173",3,4,3,4,3,3,3,3,3,3,3,3,2,3,3,4,2,3,3,3,3,418
"P174",4,3,2,3,3,3,4,4,4,5,3,2,4,4,4,4,4,3,5,3,3,35
"P175",5,4,1,5,3,4,4,5,4,4,1,4,4,4,4,4,4,4,3,4,3,322
"P176",3,3,3,4,3,4,3,3,3,4,3,2,2,3,3,3,3,3,4,2,3,452
"P177",3,4,3,3,5,3,3,3,3,3,3,3,3,4,3,3,2,2,3,3,3,308
"P178",3,3,2,3,3,3,2,3,3,3,4,2,3,3,3,3,3,3,2,3,3,230
"P179",3,3,3,2,3,3,3,4,3,2,3,3,4,4,4,3,3,4,3,2,3,226
"P180",3,4,2,3,4,3,3,3,4,4,2,4,4,3,3,3,4,4,3,3,3,469
"P181",3,2,4,3,3,3,3,3,3,3,3,3,3,4,2,3,4,2,3,3,3,30
"P182",5,3,3,3,3,3,3,4,2,4,3,3,3,3,2,3,2,3,4,3,3,256
"P183",3,4,3,4,3,4,4,3,4,2,3,3,4,3,4,3,4,4,4,3,3,236
"P184",3,4,3,3,4,3,4,3,4,2,2,3,4,3,3,3,3,4,3,3,3,230
"P185",3,3,3,4,4,3,4,5,2,3,3,2,3,3,4,4,3,4,3,4,3,191
"P186",3,3,3,3,3,3,3,3,3,3,3,3,3,3,3,3,3,3,3,3,3,314
"P187",4,4,4,4,4,4,4,4,4,4,4,4,4,4,4,4,4,4,4,4,3,479
"P188",3,2,4,2,2,1,2,3,2,1,3,1,2,2,2,2,1,2,2,2,3,262
"P189",3,3,3,4,3,4,3,3,3,2,3,4,3,3,3,3,4,3,3,3,3,522
"P190",4,2,3,3,3,3,2,3,3,3,3,5,2,3,4,3,4,3,4,2,3,43
"P191",4,4,4,4,5,3,4,3,4,2,3,3,4,3,4,4,4,3,2,3,3,336
"P192",2,3,4,2,2,2,2,2,NA,2,4,2,3,2,3,2,2,3,2,1,3,436
"P193",3,1,4,2,2,3,3,3,2,2,3,2,2,2,2,2,2,3,3,3,3,155
"P194",4,4,4,4,4,4,4,4,4,4,4,4,4,4,4,4,4,4,4,4,3,177
"P195",1,1,5,5,5,1,5,5,1,1,5,1,5,1,1,1,1,5,1,5,3,357
"P196",3,4,4,2,1,3,2,3,2,1,4,1,1,3,2,3,2,3,2,2,5,232
"P197",2,2,4,2,2,1,2,2,1,1,5,1,2,2,1,1,2,2,3,2,2,208
"P198",4,4,3,3,3,4,3,3,4,3,3,3,4,3,4,5,3,4,3,4,3,308
"P199",2,3,4,1,2,3,2,2,3,2,5,3,2,2,2,1,2,2,2,3,2,161
"P200",3,2,3,NA,2,3,3,3,4,4,3,3,3,NA,3,2,3,4,3,3,3,266
"P201",3,3,2,3,3,2,3,4,2,2,3,2,4,3,4,1,2,3,3,3,3,36
"P202",3,2,3,3,2,2,2,3,3,3,3,3,3,2,4,3,2,2,3,3,3,13
"P203",3,3,4,2,3,2,2,3,3,2,3,2,3,2,2,2,1,1,3,3,3,12
"P204",4,4,2,3,3,4,3,4,4,3,4,3,4,4,3,4,3,3,3,3,3,301
"P205",2,4,3,4,3,3,4,5,3,4,4,3,3,4,3,3,3,3,3,3,3,160
"P206",3,3,2,3,3,2,3,2,2,3,3,3,3,3,3,3,4,4,3,4,3,174
"P207",2,3,4,3,3,4,3,4,3,4,3,4,4,2,3,3,3,2,2,3,3,256
"P208",2,3,3,2,2,2,3,3,3,2,4,2,1,2,2,3,2,3,2,2,3,398
"P209",2,3,4,4,3,2,3,4,3,3,2,3,3,3,2,4,3,3,3,3,3,240
"P210",2,3,3,2,3,3,2,3,2,3,4,3,3,2,2,3,2,3,3,2,1,269
"P211",1,1,1,1,1,1,1,1,1,1,1,1,1,1,1,1,1,1,1,1,3,438
"P212",3,3,4,4,4,4,4,2,4,3,3,2,4,3,4,4,4,4,4,4,3,392
"P213",4,3,3,4,4,2,4,2,4,3,3,2,3,3,2,3,3,2,2,4,3,208
"P214",4,3,4,4,3,3,4,3,3,4,3,4,3,3,4,3,3,3,3,4,3,419
"P215",4,3,4,4,3,4,4,4,4,2,2,4,3,2,3,4,3,2,4,3,3,28
"P216",3,3,3,2,2,3,4,4,3,2,3,2,3,3,4,3,3,3,3,3,3,233
"P217",3,2,3,1,3,3,3,2,3,4,3,3,3,3,3,3,1,2,3,2,3,307
"P218",3,4,3,4,4,3,4,3,4,4,1,4,4,3,3,4,3,3,5,3,3,256
"P219",3,3,4,3,3,2,4,2,1,2,3,4,2,3,2,3,3,3,2,3,3,546
"P220",4,4,3,4,3,3,3,4,4,3,3,4,4,4,3,2,4,4,2,4,3,452
"P221",3,3,2,4,3,3,4,4,4,3,2,2,3,2,4,4,3,3,3,4,3,330
"P222",2,2,2,2,2,2,2,2,2,2,2,2,2,2,2,2,2,2,2,2,3,446
"P223",4,3,3,NA,4,4,5,NA,4,3,2,NA,4,4,3,NA,NA,4,4,NA,3,225
"P224",2,2,4,3,2,2,2,3,3,2,2,2,2,2,3,4,3,3,3,3,3,507
"P225",2,3,4,2,2,NA,NA,NA,2,3,4,2,3,2,NA,NA,2,2,NA,2,3,280
"P226",3,3,3,3,3,3,3,3,3,3,4,3,3,4,3,2,2,3,3,3,3,348
"P227",4,3,3,3,3,4,3,4,4,4,3,3,4,3,3,4,3,4,3,3,3,60
"P228",1,1,5,1,1,1,1,1,2,2,5,1,2,1,3,2,1,1,2,1,1,15
"P229",3,3,3,4,3,3,3,3,4,2,3,2,3,3,3,3,3,4,4,2,3,239
"P230",3,1,3,3,3,2,2,3,2,2,4,2,2,2,2,3,2,3,2,2,3,402
"P231",3,4,3,3,3,4,3,4,3,3,2,4,4,3,4,4,3,4,3,4,3,223
"P232",3,3,3,3,4,3,2,3,3,3,3,3,3,4,2,3,3,3,4,4,3,380
"P233",1,1,1,1,1,1,1,1,1,1,1,1,1,1,1,1,1,1,1,1,3,391
"P234",2,2,4,2,2,3,3,2,3,3,5,2,2,3,2,1,3,2,2,2,3,373
"P235",4,4,3,4,3,3,3,4,4,4,2,3,3,3,4,4,3,4,3,4,3,237
"P236",4,4,3,5,4,4,4,3,4,3,2,3,3,5,4,3,3,3,5,4,3,305
"P237",4,4,3,4,5,4,5,5,4,5,1,4,4,4,4,4,4,5,4,4,3,309
"P238",3,3,4,4,4,3,5,3,NA,3,3,3,3,4,4,4,3,3,2,3,2,403
"P239",2,1,5,1,1,1,2,1,1,1,5,2,2,1,1,1,1,1,2,1,3,221
"P240",3,3,4,2,2,3,3,2,2,2,2,3,2,3,3,3,4,3,2,4,3,247
"P241",3,3,2,1,4,3,3,3,3,3,3,4,1,3,4,3,3,3,2,4,3,280
"P242",3,4,3,2,3,2,3,3,3,3,2,4,2,1,3,3,2,3,4,4,3,14
"P243",3,3,3,3,2,4,3,2,3,3,4,3,1,3,3,3,3,3,3,2,3,34
"P244",4,4,3,4,4,3,2,3,3,4,2,2,3,4,4,4,4,NA,4,3,3,224
"P245",2,2,3,2,3,3,3,2,2,3,3,2,2,2,3,2,2,3,2,2,3,417
"P246",4,4,2,4,4,4,5,4,5,4,1,4,4,5,5,4,5,5,3,5,3,113
"P247",4,3,2,NA,4,3,3,4,2,3,2,4,5,3,3,3,4,4,4,4,3,327
"P248",2,4,4,3,3,3,2,3,3,3,3,4,3,2,3,2,2,3,3,3,3,351
"P249",3,2,3,3,4,2,2,2,3,3,4,3,3,3,2,2,2,3,2,3,3,449
"P250",4,3,3,3,3,3,3,3,NA,3,4,4,2,3,3,2,4,3,3,4,3,389
"P251",2,3,4,3,2,3,2,3,2,3,4,2,2,3,3,2,3,3,2,2,3,248
"P252",2,5,2,4,4,4,4,3,3,3,3,3,4,3,2,4,3,4,3,4,3,480
"P253",3,4,3,3,2,3,3,2,3,2,3,2,2,2,2,2,3,3,3,3,3,350
"P254",3,3,3,4,3,3,2,2,4,2,3,3,3,2,2,3,3,2,3,3,3,30
"P255",3,3,3,3,3,4,4,3,2,3,4,3,2,3,3,3,4,2,3,3,5,474
"P256",2,NA,3,3,2,3,NA,3,3,3,3,NA,3,3,2,NA,NA,4,NA,4,3,493
"P257",3,3,3,NA,2,4,2,3,2,2,3,3,4,3,3,3,4,3,3,2,3,9
"P258",2,2,2,2,2,2,2,2,2,2,2,2,2,2,2,2,2,2,2,2,3,505
"P259",3,4,3,5,4,3,4,3,4,3,2,3,3,4,4,5,4,3,3,3,3,493
"P260",3,2,3,3,2,2,3,2,3,3,4,3,4,2,3,2,4,3,2,3,2,250
"P261",4,3,2,3,2,4,4,4,4,3,2,4,4,4,4,3,4,4,3,2,3,416
"P262",4,3,4,2,3,3,2,3,3,3,4,3,1,3,3,1,2,3,3,3,3,175
"P263",3,3,4,3,1,2,3,2,2,3,4,3,2,2,3,3,3,2,2,3,3,555
"P264",3,2,3,2,2,2,3,3,3,3,3,3,3,2,3,2,2,3,3,3,3,204
"P265",3,4,3,3,3,3,3,4,2,4,3,3,4,2,3,3,4,3,3,3,3,10
"P266",3,4,2,5,5,3,3,3,4,4,2,3,3,4,4,5,5,4,4,4,3,347
"P267",2,4,2,3,3,3,3,4,4,3,2,2,2,4,3,3,3,4,3,3,3,40
"P268",3,3,3,3,3,3,3,3,3,3,3,3,3,3,3,3,3,3,3,3,3,485
"P269",2,3,4,3,3,2,3,3,2,3,3,3,3,3,2,2,3,3,2,4,3,485
"P270",3,4,4,3,2,3,2,3,3,4,3,4,3,3,3,3,3,3,4,3,3,375
"P271",5,4,2,4,5,3,4,4,3,3,1,4,3,4,3,3,4,4,4,4,3,135
"P272",NA,4,4,NA,2,NA,2,NA,2,NA,4,4,3,2,2,2,NA,2,NA,3,3,383
"P273",3,3,3,3,4,3,3,4,NA,4,2,4,4,4,3,4,3,3,3,4,3,94
"P274",4,3,3,4,3,4,4,4,3,4,3,3,4,3,4,3,2,3,4,4,3,56
"P275",3,4,3,2,3,3,2,3,2,3,4,2,3,2,2,3,2,4,3,2,3,385
"P276",3,3,4,4,3,3,3,2,3,2,3,3,3,3,3,3,4,3,3,2,3,447
"P277",3,3,1,3,2,3,2,4,4,5,4,2,4,3,3,3,4,3,3,4,3,319
"P278",2,3,3,2,4,3,3,2,5,4,3,3,4,3,4,4,3,2,4,4,3,19
"P279",3,2,3,2,4,3,3,3,3,3,3,3,3,3,3,3,3,3,3,4,3,577
"P280",3,3,2,3,3,2,3,3,4,4,3,4,2,2,4,5,3,3,4,3,5,327
"P281",1,3,3,3,3,2,3,3,2,1,3,4,3,2,2,4,3,3,2,2,3,310
"P282",3,3,3,3,3,2,2,3,4,3,3,3,3,3,3,3,3,3,3,3,3,357
"P283",4,3,3,4,3,4,4,4,4,3,2,4,4,NA,4,4,4,4,4,4,3,356
"P284",NA,2,4,2,2,NA,1,NA,3,2,3,3,3,NA,3,2,1,2,NA,NA,3,358
"P285",3,3,4,2,4,3,2,2,4,2,4,2,3,2,3,2,3,3,2,2,3,220
"P286",3,3,3,3,3,3,3,3,3,3,3,3,3,3,3,3,3,3,3,3,3,526
"P287",3,3,3,3,4,3,3,3,3,3,3,2,3,4,4,4,4,3,4,4,3,415
"P288",5,5,2,4,5,5,4,5,3,5,1,4,3,5,3,4,4,3,3,4,3,271
"P289",2,2,3,NA,2,2,1,2,2,2,3,2,3,2,2,2,2,2,3,2,3,282
"P290",4,4,2,4,4,4,5,4,5,5,2,4,5,4,4,5,4,4,5,5,3,319
"P291",3,2,3,2,3,1,3,1,1,2,4,1,1,1,2,2,2,3,3,2,3,451
"P292",3,3,2,3,2,3,3,1,3,3,3,3,2,3,2,3,4,3,2,3,3,390
"P293",4,3,5,2,4,2,3,3,2,3,3,3,3,2,3,3,3,2,2,2,3,9
"P294",1,1,1,1,1,1,1,1,1,1,1,1,1,1,1,1,1,1,1,1,3,241
"P295",4,3,3,3,3,3,2,3,5,3,3,3,3,3,3,3,3,3,3,4,2,226
"P296",3,3,NA,4,1,4,NA,3,2,3,2,3,3,NA,2,NA,NA,3,3,NA,3,156
"P297",2,3,3,3,3,2,3,3,3,3,3,3,3,3,3,3,4,4,3,3,3,453
"P298",2,2,4,2,2,2,2,2,3,2,5,2,2,3,3,2,2,3,2,1,3,109
"P299",3,3,3,3,4,2,3,2,2,4,3,4,3,3,3,2,2,4,3,3,3,307
"P300",3,3,4,4,3,2,4,3,3,3,3,2,3,2,3,3,2,3,2,3,2,198
"P301",3,3,2,4,3,4,3,4,2,4,3,3,4,3,2,4,3,4,3,3,3,340
"P302",4,4,3,2,3,2,3,3,2,3,3,4,3,3,4,4,4,4,2,4,5,379
"P303",3,3,2,3,1,3,4,3,3,3,3,4,3,3,3,3,3,4,2,3,3,332
"P304",2,2,3,3,3,3,3,3,3,2,3,3,3,3,3,2,3,3,2,2,1,330
"P305",4,4,2,5,5,4,4,4,3,4,4,4,3,3,5,5,3,5,4,4,3,165
"P306",3,2,3,4,3,3,2,3,2,2,4,2,3,3,3,2,4,3,3,3,3,239
"P307",3,3,2,3,4,2,3,2,2,3,3,3,3,2,3,2,2,3,3,2,3,323
"P308",3,2,4,3,2,3,3,2,3,2,3,3,3,3,3,2,3,3,1,3,4,251
"P309",3,3,3,3,3,3,4,3,4,3,2,3,3,3,2,3,3,2,4,3,3,280
"P310",3,3,3,4,3,3,4,4,3,4,3,3,3,3,3,3,3,4,4,4,3,196
"P311",4,3,4,3,2,3,2,4,3,3,2,3,2,3,3,4,4,4,3,3,3,425
"P312",3,3,3,3,3,3,2,4,4,3,4,3,4,4,4,4,3,4,3,2,3,400
"P313",3,3,3,3,3,4,3,4,3,3,3,3,4,3,4,2,4,3,4,4,3,353
"P314",4,3,2,4,4,3,3,5,3,3,3,4,5,3,2,3,3,4,3,4,3,327
"P315",4,3,3,3,3,4,4,4,3,3,3,3,4,4,3,4,4,4,3,3,3,417
"P316",3,3,3,3,3,3,3,3,3,2,4,2,3,1,3,3,2,3,3,3,3,254
"P317",1,NA,3,NA,NA,NA,3,NA,2,2,4,3,4,4,NA,4,3,3,2,3,3,264
"P318",4,3,3,3,3,3,2,3,3,3,3,4,3,2,4,3,3,2,3,3,3,326
"P319",2,3,4,3,3,3,2,3,2,1,3,2,3,2,2,3,3,3,1,2,3,381
"P320",3,4,2,5,4,3,4,4,4,5,2,4,4,3,4,4,4,5,5,4,3,329
"P321",3,3,4,3,3,3,2,3,3,3,3,3,2,3,3,3,2,3,4,3,4,310
"P322",2,3,4,3,2,3,3,2,3,2,4,2,2,1,3,3,2,2,3,3,3,294
"P323",2,2,4,2,3,3,3,3,NA,2,4,3,2,1,2,2,2,2,3,2,3,174
"P324",1,2,4,2,2,2,3,1,2,2,5,2,1,1,3,2,2,2,2,2,3,312
"P325",2,3,4,2,3,2,2,2,2,2,4,2,2,1,2,2,3,2,3,2,3,463
"P326",3,2,4,2,2,2,2,3,2,3,3,2,2,2,3,2,3,3,3,2,3,309
"P327",4,4,2,4,3,4,4,4,2,4,3,3,3,4,4,4,5,4,4,4,5,478
"P328",3,4,3,3,2,3,3,4,2,3,2,3,4,2,3,4,3,3,2,4,3,490
"P329",3,3,4,3,4,3,4,3,3,2,3,2,4,4,4,2,3,4,3,3,3,505
"P330",3,2,3,3,3,3,3,5,3,3,3,4,2,2,2,3,3,2,3,2,3,275
"P331",1,1,1,1,1,1,1,1,1,1,1,1,1,1,1,1,1,1,1,1,3,382
"P332",2,2,3,3,3,2,3,2,2,3,4,2,1,2,3,3,2,NA,3,2,3,334
"P333",3,4,3,3,3,3,4,4,3,2,3,5,4,4,3,3,3,4,4,3,3,42
"P334",5,4,2,4,3,4,4,4,4,4,2,3,3,3,4,5,3,5,4,4,3,190
"P335",3,3,3,3,3,4,3,3,3,2,2,4,3,2,3,3,4,2,3,4,3,442
"P336",4,2,4,3,2,3,3,2,3,3,2,3,3,4,4,3,4,2,3,3,3,668
"P337",2,3,3,3,3,2,2,2,2,4,4,2,3,3,3,2,3,2,3,3,3,531
"P338",3,2,5,3,2,2,4,3,3,2,3,2,2,4,3,3,3,2,4,3,1,254
"P339",2,5,3,3,3,3,4,2,3,4,3,4,3,3,2,3,3,3,3,3,3,307
"P340",4,3,4,3,3,3,2,3,2,4,2,3,3,3,4,4,2,3,3,3,3,330
"P341",3,4,2,4,4,3,4,4,4,4,3,3,3,4,4,4,4,4,4,3,3,242
"P342",4,2,3,3,3,2,3,3,1,3,3,4,2,3,3,3,3,NA,3,3,3,273
"P343",2,3,2,3,3,4,4,5,4,4,3,3,3,5,5,3,4,4,4,3,3,390
"P344",3,3,3,3,3,4,3,4,3,3,3,3,3,3,3,3,3,2,3,4,3,285
"P345",4,3,4,1,3,3,3,3,3,3,4,3,2,3,3,4,4,3,3,3,3,314
"P346",4,5,4,5,4,3,5,3,4,3,3,4,4,4,4,4,3,3,3,3,3,17
"P347",4,5,2,4,4,4,3,5,5,4,2,5,4,4,2,4,3,5,4,4,3,286
"P348",4,4,2,3,4,4,3,3,4,4,2,4,4,4,2,5,3,4,4,4,3,391
"P349",3,4,3,4,4,4,3,4,3,3,3,2,5,4,3,3,3,4,3,3,3,240
"P350",4,4,2,4,5,3,4,4,4,4,2,4,4,3,3,4,4,4,3,4,3,507
"P351",3,3,3,4,3,4,3,4,2,4,2,2,2,4,4,3,3,4,3,2,1,128
"P352",2,4,4,2,1,2,3,2,3,4,4,2,2,3,3,2,3,1,2,3,3,364
"P353",3,3,2,NA,NA,NA,4,3,4,NA,2,4,5,4,5,3,3,NA,NA,4,3,443
"P354",3,3,3,3,4,4,2,3,4,2,3,3,3,2,3,2,2,3,3,4,3,253
"P355",4,5,3,3,3,4,3,3,2,4,3,3,4,4,3,3,3,4,4,2,3,616
"P356",2,2,5,2,2,2,2,1,2,1,5,1,1,1,2,1,1,3,1,2,3,361
"P357",4,3,3,4,3,3,4,3,3,4,3,2,3,1,3,4,3,3,3,3,3,120
"P358",4,4,2,3,3,3,3,4,4,3,2,4,3,4,4,5,3,3,4,4,3,222
"P359",2,3,2,2,3,3,3,3,3,2,3,2,2,2,2,2,2,3,3,3,3,460
"P360",3,2,2,3,3,5,4,4,4,4,3,3,3,3,3,3,3,4,2,3,3,328
"P361",3,3,3,4,4,3,4,2,NA,4,2,3,3,3,4,4,2,4,3,3,3,460
"P362",3,3,4,NA,3,3,4,2,4,4,NA,NA,3,2,NA,3,NA,3,NA,3,3,256
"P363",2,3,4,2,4,4,2,3,3,2,4,4,2,NA,3,2,3,2,3,2,3,255
"P364",4,4,2,5,3,5,4,3,4,4,2,3,5,4,3,4,4,3,3,4,3,189
"P365",4,2,3,3,2,3,3,3,3,3,3,3,3,3,3,3,4,2,2,4,3,362
"P366",3,3,3,3,3,3,4,3,3,3,3,3,4,3,4,3,3,3,3,3,3,157
"P367",2,1,4,3,2,3,2,3,2,4,4,3,3,3,4,3,2,3,3,2,3,365
"P368",2,3,4,2,2,4,3,4,NA,3,2,3,2,3,2,4,3,3,3,3,5,174
"P369",3,4,3,4,5,4,3,4,3,3,2,2,5,NA,5,4,4,3,4,4,3,278
"P370",4,3,3,3,4,4,4,3,2,3,3,2,3,NA,3,3,2,3,4,3,3,31
"P371",3,3,3,5,2,3,3,3,3,3,2,3,3,3,3,3,2,3,4,4,3,238
"P372",3,3,3,3,4,3,3,3,4,4,3,3,2,3,3,3,4,3,3,3,3,319
"P373",3,3,3,4,3,3,3,3,3,3,3,2,3,3,3,2,4,2,2,3,3,433
"P374",2,2,5,2,2,2,1,1,1,1,4,3,2,2,2,1,1,1,2,2,3,493
"P375",2,3,3,3,4,3,3,3,3,4,3,2,3,3,4,3,4,3,3,3,3,422
"P376",2,3,4,3,2,3,3,3,2,2,3,2,3,2,3,2,3,3,4,3,3,548
"P377",3,3,4,2,2,3,3,1,2,3,2,3,2,3,2,2,4,3,3,2,3,215
"P378",2,3,4,2,2,2,2,3,2,1,3,4,3,3,2,3,2,2,2,3,3,20
"P379",3,2,3,2,2,1,3,1,2,2,4,1,3,2,2,2,2,2,2,3,3,280
"P380",4,4,2,3,3,3,4,3,3,4,3,4,4,4,3,4,3,3,3,3,3,400
"P381",2,3,3,2,4,2,2,3,3,3,3,4,3,3,3,3,3,2,3,2,3,17
"P382",2,2,4,1,3,3,2,1,2,4,4,3,2,2,3,3,1,3,4,3,3,284
"P383",2,1,3,3,5,2,2,3,2,3,4,3,2,2,3,2,2,3,3,3,3,205
"P384",NA,3,NA,4,3,3,3,3,4,NA,3,4,2,2,3,NA,NA,2,3,NA,3,376
"P385",2,4,2,4,4,3,3,4,4,3,2,3,3,4,3,3,2,4,3,3,3,571
"P386",1,5,1,1,5,5,1,1,5,5,1,5,1,1,5,1,5,1,5,5,3,285
"P387",4,2,3,3,3,4,4,3,3,4,3,3,3,4,3,3,4,2,3,4,3,279
"P388",5,5,5,5,5,5,5,5,5,5,5,5,5,5,5,5,5,5,5,5,3,143
"P389",3,2,2,3,3,3,3,3,3,2,3,2,2,3,2,2,3,2,4,3,3,493
"P390",3,3,3,2,2,2,3,4,2,3,3,3,3,3,3,3,3,3,3,4,3,195
"P391",2,2,2,2,2,2,2,2,2,2,2,2,2,2,2,2,2,NA,2,2,3,378
"P392",3,2,3,4,3,3,2,2,4,3,2,3,3,4,3,4,1,3,4,3,3,419
"P393",2,3,4,3,3,4,3,2,2,2,3,2,3,2,3,3,3,NA,3,1,3,97
"P394",3,3,2,2,2,3,2,4,3,4,3,2,3,4,3,2,3,3,3,3,3,245
"P395",4,4,3,3,3,4,4,4,4,4,3,4,4,3,2,3,3,4,3,3,3,278
"P396",4,3,4,4,4,3,3,4,4,3,3,3,4,3,3,4,3,3,3,5,3,353
"P397",4,3,2,4,3,4,4,4,4,3,3,4,3,4,4,4,4,3,4,3,3,182
"P398",2,3,3,3,3,2,3,2,2,3,4,2,1,3,2,3,2,3,2,2,3,439
"P399",3,4,3,3,2,3,4,4,3,4,3,4,4,4,3,3,4,3,3,3,4,241
"P400",3,3,3,3,2,3,2,4,2,3,3,2,3,2,2,3,1,2,2,4,3,29
"P401",3,3,3,2,2,3,3,2,2,3,4,3,3,2,3,4,3,3,2,3,3,269
"P402",3,4,3,4,3,3,3,3,2,4,2,4,3,3,3,4,2,4,3,4,3,449
"P403",3,2,4,2,3,3,3,3,4,3,3,3,4,5,3,3,4,3,3,4,3,248
"P404",4,4,2,4,4,3,3,2,3,3,3,3,4,4,4,3,3,3,3,3,3,388
"P405",3,3,3,3,3,3,3,4,4,4,2,2,3,3,3,4,4,2,4,3,3,243
"P406",2,3,3,3,2,3,2,3,3,3,3,3,3,2,2,3,3,3,3,4,3,356
"P407",5,1,1,5,1,5,5,5,5,1,5,1,5,NA,1,5,1,1,1,5,3,327
"P408",5,1,5,1,1,5,1,5,1,1,1,1,5,5,5,1,1,1,1,1,3,362
"P409",3,3,3,3,4,3,4,2,2,3,3,3,3,2,3,2,3,3,3,3,3,24
"P410",2,3,3,4,3,3,2,3,3,3,4,3,4,4,4,3,4,4,4,3,3,298
"P411",3,4,4,3,3,2,3,3,3,3,3,3,1,3,4,4,2,3,2,2,3,299
"P412",4,4,3,3,3,4,5,3,3,3,3,3,4,3,4,4,4,2,4,3,3,81
"P413",3,2,3,2,4,3,4,4,3,4,3,3,2,1,2,4,3,2,4,3,3,363
"P414",2,2,3,2,2,2,2,2,2,3,4,3,3,2,2,3,2,3,3,2,3,274
"P415",4,4,1,4,4,5,4,4,5,4,1,4,4,4,5,4,5,3,4,4,3,381
"P416",3,4,3,5,3,4,4,3,4,4,2,4,3,4,4,4,4,4,4,5,3,262
"P417",3,3,4,NA,2,3,3,3,3,2,3,2,2,3,3,3,3,3,3,3,3,207
"P418",3,4,2,3,3,3,3,4,2,3,2,3,3,3,3,3,3,3,3,3,3,209
"P419",5,4,3,3,4,4,3,4,4,4,2,5,4,3,3,4,3,3,4,3,3,24
"P420",3,3,4,3,3,3,2,3,2,3,4,3,3,3,2,2,3,3,3,2,3,131
"P421",3,3,4,4,3,4,4,3,3,3,3,2,2,2,3,3,3,4,3,2,3,489
"P422",4,3,1,3,4,3,3,4,4,2,3,3,3,4,3,3,4,3,2,3,3,207
"P423",3,3,3,3,3,3,4,3,4,3,3,3,4,3,3,3,2,3,2,4,3,301
"P424",3,2,3,3,3,3,3,3,3,4,3,3,3,2,2,3,3,3,4,2,3,267
"P425",3,4,3,4,4,3,3,3,4,2,3,3,4,3,3,2,4,2,2,4,3,356
"P426",4,4,4,4,4,4,4,4,4,4,4,4,4,4,4,4,4,4,4,4,3,409
"P427",4,3,3,4,3,3,4,4,3,4,3,3,4,4,4,4,4,4,4,3,3,359
"P428",3,2,4,2,4,4,3,2,3,2,4,2,3,4,3,4,2,2,2,2,3,14
"P429",1,2,4,2,2,1,2,2,2,3,3,2,2,2,2,3,2,2,1,2,3,361
"P430",3,4,2,4,4,4,4,4,5,4,3,4,4,3,4,4,3,4,3,4,3,162
"P431",3,2,3,4,4,3,2,4,3,3,3,3,4,4,3,4,2,3,3,3,3,387
"P432",NA,3,3,NA,3,2,3,3,3,NA,NA,2,NA,3,3,3,NA,3,3,3,3,210
"P433",3,3,4,3,3,2,2,4,3,3,4,2,3,3,4,3,3,3,3,3,3,8
"P434",3,4,4,3,4,3,3,2,1,3,3,3,3,4,3,3,3,3,3,3,3,308
"P435",4,3,3,4,4,4,4,4,4,4,2,5,3,5,5,3,5,3,4,4,3,287
"P436",2,2,3,3,2,3,2,2,3,3,3,1,3,3,3,2,3,1,3,2,3,238
"P437",3,3,3,3,4,3,3,3,4,4,3,3,3,3,4,4,3,4,4,4,3,289
"P438",3,3,2,3,2,3,3,3,4,1,3,3,1,3,2,2,3,3,2,3,3,484
"P439",3,3,3,3,3,3,5,3,3,3,3,3,3,2,4,3,4,4,2,3,3,293
"P440",3,NA,3,2,NA,3,NA,3,3,2,3,4,3,3,3,NA,3,NA,3,NA,3,236
"P441",2,2,4,2,2,1,2,3,3,2,4,2,3,2,2,3,3,1,2,3,3,331
"P442",2,3,4,2,3,3,4,3,2,3,3,3,2,3,3,2,3,4,3,4,3,388
"P443",2,3,3,2,4,3,3,2,3,3,4,2,3,2,3,3,2,NA,3,3,3,9
"P444",1,3,3,3,2,1,2,3,1,2,3,2,2,2,3,1,3,3,2,1,3,424
"P445",2,2,4,2,1,2,2,2,2,2,5,1,1,1,3,2,2,2,1,2,3,389
"P446",1,1,1,1,1,1,1,1,1,1,1,1,1,1,1,1,1,1,1,1,3,205
"P447",3,3,4,3,3,3,2,2,3,3,3,4,2,3,2,2,2,2,2,3,3,542
"P448",3,3,3,3,3,3,4,3,3,4,3,4,3,4,4,4,2,2,3,2,1,341
"P449",3,3,3,2,3,3,3,2,2,3,4,2,4,4,2,4,3,3,3,3,3,433
"P450",3,2,3,3,2,3,3,3,3,3,3,4,2,2,4,3,3,3,4,2,3,168
"P451",3,3,2,2,4,3,5,5,4,4,3,4,3,3,4,2,3,4,3,4,3,503
"P452",4,4,3,4,2,3,3,3,3,2,2,4,2,4,3,3,2,3,3,3,3,247
"P453",2,2,5,2,3,1,1,2,2,1,4,2,2,2,2,2,1,1,2,1,3,376
"P454",NA,2,3,3,3,NA,3,NA,NA,NA,3,3,3,3,3,3,NA,3,4,3,3,272
"P455",3,3,3,2,4,2,3,2,2,2,3,3,3,3,2,3,3,3,2,3,3,42
"P456",4,3,3,2,3,4,3,2,2,3,4,3,3,3,2,3,3,3,4,3,3,256
"P457",5,5,1,1,5,1,1,5,5,1,5,5,5,1,5,5,5,5,1,1,3,97
"P458",3,4,3,2,4,4,3,4,3,3,3,3,4,3,4,4,3,3,2,3,3,16
"P459",4,2,3,4,4,3,3,3,3,3,2,5,3,NA,3,4,4,4,4,3,3,291
"P460",2,3,4,3,3,3,2,2,3,3,4,3,2,4,4,3,2,2,2,3,2,25
"P461",3,2,4,3,2,3,3,3,3,2,3,2,2,2,3,2,2,2,2,3,3,153
"P462",2,2,4,2,2,1,1,2,2,2,5,1,2,2,3,2,2,1,2,1,3,160
"P463",2,2,5,1,2,2,2,3,2,2,4,2,3,2,3,2,3,3,2,3,3,209
"P464",3,3,3,3,3,4,3,4,3,3,3,4,4,2,3,4,2,4,3,3,3,253
"P465",3,4,2,4,3,4,3,4,3,2,2,2,4,3,5,3,4,4,4,3,3,246
"P466",4,5,2,3,4,4,4,4,4,4,2,5,4,5,4,4,3,4,3,4,3,173
"P467",4,4,2,4,3,4,4,4,4,3,2,4,3,4,4,3,4,4,4,4,4,241
"P468",4,4,2,3,2,3,4,3,2,3,3,2,3,3,2,2,3,4,3,3,3,408
"P469",3,3,2,3,4,3,3,4,3,2,3,3,4,4,2,2,3,3,3,3,3,280
"P470",1,2,4,2,1,3,2,3,2,3,3,2,3,2,2,3,1,3,2,2,5,364
"P471",2,2,3,3,3,2,2,3,2,2,4,2,1,3,3,3,2,2,3,2,3,375
"P472",5,5,5,5,5,5,5,5,5,5,5,5,5,5,5,5,5,NA,5,5,3,394
"P473",2,3,3,3,3,2,3,3,3,2,3,3,2,2,4,3,3,3,4,3,3,265
"P474",3,3,4,3,2,2,3,3,3,3,3,2,3,2,3,4,2,3,2,2,3,468
"P475",2,3,3,3,3,2,3,3,3,3,4,3,3,3,3,2,4,3,3,2,3,172
"P476",2,2,2,2,2,2,2,2,2,2,2,2,2,2,2,2,2,2,2,2,3,339
"P477",2,3,3,NA,2,NA,2,3,3,2,4,2,NA,NA,3,3,NA,2,3,NA,4,9
"P478",NA,3,2,2,3,NA,3,NA,2,NA,4,3,2,2,2,2,3,3,NA,NA,3,269
"P479",4,3,2,4,3,5,3,3,3,4,2,4,3,3,3,3,4,4,3,3,3,290
"P480",2,1,3,3,2,3,3,3,3,2,4,3,2,3,1,2,2,2,2,3,3,389
"P481",4,4,3,4,5,4,2,3,4,3,3,4,4,3,3,4,2,4,4,3,3,282
"P482",2,3,3,3,2,3,3,3,2,2,4,2,3,2,1,2,4,2,3,2,3,296
"P483",3,3,2,4,3,3,3,3,3,3,4,3,2,3,3,3,3,3,2,3,3,397
"P484",4,5,3,5,4,4,4,4,NA,3,3,4,4,NA,4,4,4,4,3,4,3,473
"P485",4,3,2,5,4,4,5,4,5,4,1,4,4,4,4,4,4,4,3,3,3,323
"P486",4,3,3,3,3,3,2,3,2,4,3,3,4,3,2,3,3,3,3,3,3,8
"P487",3,5,3,4,4,4,4,4,4,4,2,4,4,4,4,4,4,5,5,3,3,323
"P488",3,2,3,3,2,2,4,2,3,4,3,3,2,3,3,3,2,3,2,4,3,378
"P489",3,2,4,3,3,3,3,1,3,3,4,3,2,3,3,1,3,3,3,2,3,427
"P490",4,3,2,4,4,4,3,3,4,4,2,4,4,3,4,4,4,3,4,3,3,345
"P491",3,3,4,3,2,3,3,4,2,3,3,3,4,4,4,3,2,3,5,3,3,256
"P492",4,4,4,4,4,4,4,4,4,4,4,4,4,4,4,4,4,4,4,4,3,351
"P493",3,4,3,2,3,3,3,3,4,3,3,2,3,4,3,3,3,3,2,3,3,64
"P494",4,4,1,5,4,4,4,5,4,4,2,5,5,4,4,4,4,4,4,5,3,14
"P495",2,4,3,3,3,2,2,3,3,3,3,2,3,3,3,4,3,3,4,4,3,44
"P496",2,3,3,3,3,3,3,2,3,2,3,4,3,2,2,3,2,2,3,3,3,428
"P497",3,3,3,1,3,3,4,2,2,3,3,3,3,2,2,2,3,3,3,3,3,122
"P498",2,3,3,4,3,3,4,3,3,3,2,3,3,3,4,4,4,3,3,3,3,499
"P499",4,3,3,3,4,3,4,5,NA,3,2,3,3,3,4,4,4,3,4,4,3,346
"P500",4,4,3,2,2,3,2,2,2,2,3,4,3,2,3,3,1,3,2,3,3,285
"P501",3,2,3,3,3,3,3,2,3,4,3,4,3,3,3,2,2,3,2,2,3,432
"P502",2,2,3,3,3,2,3,3,3,3,4,3,3,3,3,2,2,2,2,3,3,394
"P503",4,2,2,4,2,4,3,4,3,3,3,3,4,4,3,4,3,3,3,3,3,20
"P504",3,3,5,2,3,3,3,3,3,1,4,4,2,NA,3,3,2,2,3,3,3,208
"P505",3,3,3,4,3,4,4,4,4,3,2,4,3,4,4,5,3,5,4,3,3,38
"P506",3,3,4,3,2,2,3,3,3,3,3,3,2,2,3,4,2,1,2,3,3,374
"P507",2,2,2,2,2,2,2,2,2,2,2,2,2,2,2,2,2,2,2,2,2,345
"P508",2,3,3,3,4,4,3,3,3,3,4,3,3,3,4,3,2,2,3,4,3,529
"P509",3,3,4,3,2,2,3,3,2,2,5,2,2,3,4,3,2,3,2,3,3,432
"P510",2,3,4,3,3,4,2,2,3,3,3,3,3,3,4,3,2,3,3,3,3,279
"P511",3,3,3,4,4,2,3,4,3,3,3,3,4,3,3,2,3,3,4,3,3,158
"P512",3,3,4,3,3,2,3,2,3,3,3,3,3,3,4,4,2,3,4,3,3,208
"P513",3,3,4,3,4,3,3,4,3,5,3,3,3,3,3,2,4,4,2,4,3,279
"P514",3,4,3,3,3,2,2,4,2,3,3,3,3,3,4,4,3,NA,3,4,3,363
"P515",3,4,3,3,4,3,3,3,4,3,3,2,3,4,3,3,3,3,2,4,3,506
"P516",3,3,4,3,2,3,2,3,3,3,3,3,3,3,3,3,2,3,3,2,3,402
"P517",3,3,3,3,3,3,3,3,3,3,3,3,3,3,3,3,3,3,3,3,3,205
"P518",3,3,4,3,2,3,3,2,2,3,3,3,3,3,2,3,4,2,2,3,3,415
"P519",5,5,5,5,5,1,1,5,1,5,5,5,5,1,1,1,5,5,1,5,3,203
"P520",3,4,3,4,3,3,4,3,3,3,3,2,3,3,4,4,3,3,3,3,3,41
"P521",2,4,4,2,3,3,1,3,2,3,3,3,2,3,3,2,3,2,2,3,3,430
"P522",3,4,3,4,3,4,3,4,4,4,4,2,4,3,3,3,2,3,3,4,3,190
"P523",4,3,4,4,4,3,2,4,2,4,3,3,3,3,3,3,2,3,3,3,1,348
"P524",5,4,1,4,4,3,4,4,4,3,3,5,5,3,4,4,4,4,4,4,3,238
"P525",3,2,4,2,2,1,2,3,3,4,4,3,2,3,2,3,3,2,2,3,3,166
"P526",3,2,4,3,3,2,3,3,2,3,4,2,3,3,3,3,3,3,2,2,3,340
"P527",4,3,2,4,2,3,3,2,4,4,3,3,4,3,4,4,3,4,3,3,3,336
"P528",2,2,3,3,2,3,3,3,3,3,3,3,3,3,2,3,2,2,2,3,3,205
"P529",4,4,2,2,3,3,3,3,4,3,2,3,4,3,4,3,3,3,3,3,3,237
"P530",1,3,5,3,3,2,2,2,2,2,5,1,3,2,2,2,1,1,2,2,3,276
"P531",4,4,2,4,3,3,3,3,5,3,2,3,3,4,4,3,4,3,3,4,3,310
"P532",3,4,2,3,3,3,5,3,3,4,2,3,4,3,4,4,4,4,3,4,3,99
"P533",3,3,3,4,3,3,4,2,2,3,2,4,4,4,4,4,3,3,3,3,3,21
"P534",2,3,3,NA,3,3,2,2,3,3,2,3,3,3,3,2,2,3,2,2,3,295
"P535",1,1,1,1,1,1,1,1,1,1,1,1,1,1,1,1,1,1,1,1,3,239
"P536",3,3,3,3,3,3,3,3,3,3,3,3,3,3,3,3,3,3,3,3,3,461
"P537",3,2,3,NA,NA,3,3,4,4,4,NA,NA,3,3,2,4,NA,NA,3,3,3,595
"P538",3,3,4,2,2,4,3,1,2,4,4,2,3,3,3,3,3,2,2,2,3,198
"P539",3,4,2,4,3,3,3,4,3,3,4,3,4,3,3,2,3,3,4,4,3,306
"P540",3,3,3,4,4,3,4,4,4,4,2,4,4,4,5,3,2,4,3,4,3,239
"P541",4,4,3,NA,3,4,4,3,3,3,3,4,3,4,2,2,4,4,3,3,4,197
"P542",3,4,3,3,3,4,3,3,3,4,2,3,3,3,2,4,3,3,4,3,3,183
"P543",1,1,5,1,5,1,5,1,1,5,5,5,1,5,5,5,5,1,1,5,3,384
"P544",3,4,3,4,4,4,4,3,3,4,3,3,3,3,4,3,4,3,3,4,3,303
"P545",1,5,1,5,5,1,5,1,5,5,1,1,1,5,1,5,1,1,1,1,3,283
"P546",4,3,4,2,3,3,2,2,3,3,4,2,2,2,3,2,3,2,4,3,1,449
"P547",3,3,3,3,2,3,4,3,2,2,4,3,3,3,3,3,2,4,3,3,3,418
"P548",3,3,3,4,3,3,3,4,4,4,2,4,3,3,3,3,3,2,4,3,3,446
"P549",4,3,2,2,2,2,4,3,3,4,3,4,3,3,4,3,3,2,3,3,3,469
"P550",NA,3,2,3,NA,4,3,3,3,3,4,NA,NA,3,3,4,NA,3,2,NA,3,14
"P551",4,3,2,4,4,3,3,4,3,4,3,4,4,4,3,4,2,4,4,4,3,378
"P552",5,1,NA,5,5,5,5,5,5,1,5,NA,NA,1,1,5,NA,NA,1,NA,3,350
"P553",5,5,5,5,5,5,5,5,5,5,5,5,5,5,5,5,5,5,5,5,3,9
"P554",5,1,5,5,5,1,5,5,5,5,5,1,5,1,5,5,1,5,1,1,3,389
"P555",2,3,3,2,3,3,4,3,4,4,3,4,3,3,3,4,4,3,3,3,3,416
"P556",3,3,2,4,4,3,4,4,3,3,4,4,3,3,4,4,3,4,3,4,3,365
"P557",4,3,3,3,3,3,4,4,4,3,3,3,3,3,3,4,3,4,3,3,3,21
"P558",3,2,2,3,3,3,3,3,3,3,4,3,3,3,4,3,3,3,4,4,3,205
"P559",3,4,3,3,2,3,2,4,3,3,2,4,3,3,4,3,2,3,3,4,3,448
"P560",3,3,3,3,3,2,4,3,2,3,3,3,4,4,4,4,3,4,2,3,3,9
"P561",3,3,3,3,3,2,2,3,3,3,3,3,3,3,4,2,4,3,4,3,3,33
"P562",NA,NA,1,NA,3,5,4,4,NA,NA,3,3,4,4,NA,4,4,4,3,4,3,350
"P563",3,3,3,3,4,2,3,4,3,4,3,3,5,NA,2,4,4,3,4,3,3,445
"P564",3,2,4,3,3,2,2,2,3,3,3,4,2,3,3,3,3,NA,3,2,3,314
"P565",NA,3,NA,NA,3,2,3,NA,2,NA,4,4,3,3,NA,3,3,3,1,3,3,197
"P566",3,4,3,4,4,3,3,3,4,4,3,3,3,3,3,2,3,3,3,3,3,381
"P567",4,2,3,3,4,2,2,2,3,3,3,4,3,3,3,3,3,2,3,3,1,312
"P568",3,2,4,2,2,1,2,2,3,2,4,2,2,2,2,2,1,3,2,3,3,213
"P569",4,3,3,3,3,4,4,3,4,4,3,3,4,3,3,2,3,3,4,4,3,458
"P570",3,2,3,3,4,3,2,3,3,2,2,3,2,4,2,3,3,3,3,2,2,37
"P571",2,3,3,2,1,3,2,2,2,2,3,2,2,3,2,3,3,2,3,2,3,594
"P572",3,2,2,4,4,2,4,3,2,3,3,3,4,3,3,4,3,3,3,3,3,264
"P573",3,3,3,2,3,2,3,2,3,2,2,4,3,3,3,3,3,2,3,3,3,238
"P574",3,2,2,4,4,4,3,2,3,3,4,2,3,2,2,3,4,4,2,2,3,377
"P575",4,3,2,3,3,4,3,3,4,4,2,3,4,2,3,3,3,3,4,2,3,13
"P576",4,2,3,3,4,4,3,3,3,3,2,3,4,3,3,3,3,3,2,3,3,232
"P577",3,1,3,3,3,1,3,3,2,2,4,2,2,2,3,2,2,3,2,2,3,238
"P578",3,2,3,4,4,4,3,3,3,3,3,3,3,3,3,2,3,3,3,3,3,515
"P579",3,3,3,3,1,2,3,2,2,2,3,3,4,1,2,2,4,3,4,3,3,152
"P580",3,3,2,3,4,4,3,3,4,3,3,3,3,3,3,2,3,3,3,2,3,454
"P581",3,2,3,3,3,3,3,2,NA,4,3,3,3,3,3,3,3,3,2,3,3,474
"P582",3,2,4,NA,1,3,2,2,NA,3,3,3,1,3,3,3,3,3,2,3,3,310
"P583",2,3,4,2,2,2,3,2,2,4,3,2,3,2,3,3,3,NA,3,3,3,329
"P584",3,4,3,3,3,4,2,1,2,3,4,3,3,3,3,2,3,3,2,2,3,334
"P585",2,3,4,3,3,3,3,3,3,3,3,3,3,4,4,3,2,4,3,2,3,374
"P586",3,3,2,4,4,3,4,3,2,4,2,4,2,4,2,4,4,3,3,3,3,302
"P587",2,2,3,2,1,2,1,3,2,4,4,2,2,3,1,2,2,3,3,2,3,396
"P588",2,2,3,2,3,2,3,2,2,3,3,4,2,3,2,3,1,3,2,2,3,361
"P589",2,3,3,2,3,3,3,3,2,2,3,1,1,3,2,2,2,3,3,3,3,165
"P590",3,4,3,3,3,3,4,2,2,2,2,3,3,3,3,3,5,4,3,3,3,348
"P591",3,3,4,2,1,3,3,3,3,2,4,2,3,2,3,2,2,3,2,2,3,175
"P592",3,2,3,3,3,3,2,3,3,3,3,3,3,3,3,4,3,NA,2,3,3,238
"P593",3,3,3,4,3,3,3,3,5,2,3,4,3,3,4,3,3,3,2,3,3,344
"P594",3,3,3,3,NA,4,NA,NA,3,NA,3,4,3,2,3,1,NA,2,3,NA,3,264
"P595",2,2,4,4,3,2,3,3,3,3,4,3,3,3,3,3,3,3,3,2,3,291
"P596",4,3,3,3,3,3,2,2,4,4,3,3,4,4,3,3,3,2,2,2,3,427
"P597",2,2,4,2,2,2,2,2,1,1,4,2,2,2,3,2,2,2,2,2,3,313
"P598",2,2,3,3,2,2,3,2,3,2,4,3,3,2,3,2,3,3,3,2,3,28
"P599",2,2,4,3,3,2,2,2,2,3,3,3,3,2,2,3,2,3,2,3,3,247
"P600",3,3,4,3,2,2,3,2,2,2,3,3,2,4,2,2,4,2,3,4,3,434
