"participant_id","Item01","Item02","Item03","Item04","Item05","Item06","Item07","Item08","Item09","Item10","Item11","Item12","Item13","Item14","Item15","Item16","Item17","Item18"
"P001",3,2,2,2,3,3,4,3,3,3,3,3,3,4,5,4,4,4
"P002",2,2,3,2,3,2,2,2,2,4,3,3,3,3,2,3,3,3
"P003",2,3,4,4,3,3,3,3,3,3,2,3,3,3,4,4,4,4
"P004",3,2,2,2,3,2,2,3,3,3,4,3,3,2,3,3,3,3
"P005",4,4,3,4,5,4,3,3,3,4,3,4,3,4,3,4,3,3
"P006",3,3,5,4,3,4,4,3,3,3,2,4,3,2,3,4,3,3
"P007",3,3,3,3,4,3,3,4,3,3,3,2,5,2,3,3,2,3
"P008",3,2,3,3,3,3,3,3,4,4,3,3,4,3,4,4,4,4
"P009",2,2,2,3,2,2,4,3,4,4,4,3,3,4,3,2,3,3
"P010",2,2,2,2,3,2,3,2,3,2,4,3,3,3,3,2,3,3
"P011",3,4,2,2,3,3,3,4,3,3,4,3,4,3,4,3,4,3
"P012",4,3,4,4,3,3,4,4,3,2,4,3,2,2,3,3,2,2
"P013",4,3,3,4,3,3,2,2,3,2,3,2,2,3,3,2,2,3
"P014",3,2,2,1,3,3,4,3,3,3,4,3,4,3,4,2,2,2
"P015",3,3,3,4,3,4,3,4,3,3,3,2,3,3,3,3,2,3
"P016",4,4,4,4,4,4,2,2,2,1,2,3,4,2,3,3,3,3
"P017",3,3,3,3,3,2,4,3,4,3,4,3,4,3,3,3,3,3
"P018",3,3,3,2,2,2,3,3,3,2,3,3,3,4,3,3,3,3
"P019",3,5,4,3,3,3,4,3,3,3,2,4,1,3,2,2,4,3
"P020",2,3,3,3,3,2,3,4,3,4,3,3,2,3,4,3,3,3
"P021",3,2,2,3,2,2,4,4,4,4,4,4,2,4,3,4,3,4
"P022",2,2,2,2,2,2,2,1,3,2,3,3,3,3,2,2,3,4
"P023",3,3,4,3,3,3,3,2,2,3,2,3,3,2,3,3,3,3
"P024",3,3,2,2,3,4,4,5,4,5,4,4,5,4,5,4,4,4
"P025",3,2,2,3,3,3,3,3,3,3,3,3,4,5,3,4,3,3
"P026",3,2,3,3,2,2,3,3,2,3,4,3,2,2,3,3,2,2
"P027",4,3,3,4,3,3,5,4,4,4,4,4,3,3,3,2,3,3
"P028",4,2,2,3,3,3,3,3,3,2,2,2,5,3,5,4,4,3
"P029",3,3,3,2,3,3,3,3,3,3,3,3,3,3,3,3,3,3
"P030",2,3,3,1,2,2,3,3,2,3,2,3,3,3,3,3,3,4
"P031",4,3,4,3,4,4,4,3,3,3,2,3,3,3,4,3,3,3
"P032",3,3,3,3,3,3,3,3,3,3,2,2,3,4,3,3,2,4
"P033",2,4,3,3,3,3,2,2,3,3,2,2,3,3,3,3,3,3
"P034",2,2,3,2,3,2,4,3,2,3,4,3,2,2,2,3,3,3
"P035",3,3,2,2,2,3,3,3,3,2,4,4,3,3,4,4,5,3
"P036",5,3,4,5,5,3,3,3,3,4,4,4,3,2,3,3,4,4
"P037",3,2,3,3,3,3,3,3,3,2,2,3,1,1,2,2,2,2
"P038",5,4,4,4,4,4,2,1,1,2,2,1,4,3,2,3,3,3
"P039",4,3,4,4,4,3,3,4,3,2,3,2,3,3,3,3,3,2
"P040",3,1,2,3,2,2,3,2,3,2,3,3,5,3,4,4,4,3
"P041",3,2,1,2,2,1,3,2,3,2,3,4,3,3,4,2,4,3
"P042",4,5,4,4,4,3,3,3,4,2,3,3,2,3,2,3,4,2
"P043",3,3,4,3,3,3,4,4,2,3,3,3,4,4,3,3,4,4
"P044",3,3,5,3,4,3,3,3,3,3,3,2,3,3,3,3,4,2
"P045",4,5,3,3,4,3,3,3,4,4,3,3,3,3,2,3,3,3
"P046",3,3,4,4,3,4,3,3,4,3,3,4,3,3,3,2,2,2
"P047",4,3,3,4,3,4,2,3,3,3,3,3,4,4,4,4,4,4
"P048",3,3,2,2,2,3,4,3,4,3,3,3,4,4,3,3,3,4
"P049",3,3,4,4,3,3,4,4,5,3,4,4,3,3,4,3,4,1
"P050",3,4,4,4,3,3,3,3,4,4,4,4,3,4,3,4,4,4
"P051",3,5,3,3,3,4,5,5,5,3,5,4,4,3,3,4,3,3
"P052",2,3,3,2,4,2,3,2,2,2,3,2,3,2,3,2,3,4
"P053",4,3,4,4,3,4,2,2,2,1,2,1,3,3,4,3,3,3
"P054",2,3,2,2,2,2,3,2,1,1,2,2,1,3,2,2,2,3
"P055",2,3,2,3,2,3,4,4,4,3,4,3,4,5,3,5,4,4
"P056",3,4,3,2,4,4,4,4,4,3,3,3,4,3,3,4,3,4
"P057",3,2,3,4,3,3,3,3,3,4,3,4,3,5,4,4,4,4
"P058",2,3,3,3,3,3,4,4,4,4,4,4,3,3,3,3,4,2
"P059",4,4,3,3,3,3,4,4,3,4,3,3,2,2,2,2,3,3
"P060",3,4,3,4,4,3,3,4,3,3,4,5,3,3,3,3,3,3
"P061",3,4,3,3,2,3,3,3,2,2,3,3,4,3,3,3,3,3
"P062",2,2,1,1,1,2,3,3,4,3,4,3,3,3,2,3,2,2
"P063",2,2,3,4,3,2,3,4,4,3,3,4,4,4,2,4,4,5
"P064",3,3,4,3,4,3,4,4,4,5,4,4,3,3,3,2,2,3
"P065",2,2,2,2,1,2,4,4,4,3,3,4,3,4,3,4,3,3
"P066",1,2,1,2,1,2,3,3,3,3,3,4,3,3,4,3,4,3
"P067",2,3,2,2,2,3,3,3,3,4,4,2,4,4,3,3,3,3
"P068",4,5,4,4,4,4,2,3,3,4,3,2,3,3,3,3,2,3
"P069",4,4,3,3,3,4,3,3,3,3,4,2,3,2,4,3,4,4
"P070",4,3,3,4,4,4,2,2,1,2,2,2,4,3,2,3,3,3
"P071",3,3,3,2,3,3,2,3,4,2,2,3,3,4,2,2,3,3
"P072",4,4,4,4,4,3,3,3,4,3,3,2,3,4,4,3,3,4
"P073",3,3,4,3,3,3,1,2,1,3,2,2,2,2,1,1,2,2
"P074",3,3,3,3,3,2,3,1,2,1,2,2,4,4,4,5,3,4
"P075",4,3,3,3,3,3,3,2,3,3,3,2,3,4,3,2,3,4
"P076",4,3,4,4,4,4,3,2,3,3,2,2,4,4,2,4,4,3
"P077",3,3,2,2,3,2,4,4,4,4,3,3,3,4,4,4,5,3
"P078",2,3,3,3,3,4,3,3,4,4,2,2,3,3,3,3,3,4
"P079",2,3,2,4,3,2,3,2,4,4,3,3,3,3,3,3,3,2
"P080",3,4,4,3,3,3,3,4,4,4,5,2,4,3,3,2,2,4
"P081",3,2,3,3,3,4,3,3,3,3,3,3,3,3,4,3,3,3
"P082",4,4,3,4,3,3,2,1,3,3,2,3,3,2,3,3,3,3
"P083",3,3,3,3,3,4,2,3,1,1,2,1,4,4,2,4,4,3
"P084",3,2,2,2,3,3,3,3,4,3,4,4,3,2,4,4,3,4
"P085",2,2,2,2,3,2,3,4,3,4,3,2,2,3,3,2,3,3
"P086",2,3,3,3,3,2,4,4,3,3,3,5,3,3,3,3,3,3
"P087",2,2,3,3,2,3,4,5,4,4,3,3,3,3,4,4,4,3
"P088",4,4,4,4,4,4,3,3,3,2,3,3,3,4,4,2,3,3
"P089",3,4,3,3,3,3,2,2,3,2,2,2,3,3,2,2,3,2
"P090",3,3,4,4,4,3,3,3,3,4,2,3,3,4,4,5,4,4
"P091",4,3,3,2,3,3,3,3,2,2,2,3,3,1,3,3,3,1
"P092",3,4,3,2,3,3,3,3,3,3,3,3,1,2,2,1,2,2
"P093",3,2,3,3,2,3,3,3,4,2,4,4,1,2,2,2,2,2
"P094",3,3,2,3,3,3,3,4,4,4,4,3,3,3,3,3,3,4
"P095",2,3,2,2,4,3,4,2,2,2,2,3,4,4,4,4,4,3
"P096",4,3,2,3,4,2,3,3,4,2,4,3,3,3,3,4,3,3
"P097",3,2,3,3,3,4,4,2,4,3,4,4,3,2,2,2,2,4
"P098",3,3,4,3,3,2,3,3,3,3,2,3,2,4,3,2,3,4
"P099",3,3,3,3,3,3,3,3,3,3,4,2,4,3,3,3,3,3
"P100",2,1,1,2,1,3,2,1,2,2,2,1,4,4,4,4,4,3
"P101",3,3,3,4,4,4,3,3,3,3,4,3,3,3,4,4,4,3
"P102",2,2,4,4,4,3,3,3,4,3,3,3,3,3,4,3,3,2
"P103",4,4,4,4,3,4,2,3,3,3,3,2,3,3,2,3,3,4
"P104",3,3,4,2,3,4,3,4,4,5,4,3,2,3,2,2,3,3
"P105",3,3,3,2,3,4,3,3,3,3,3,3,3,2,3,3,2,3
"P106",4,3,3,3,3,3,3,3,3,3,4,3,3,3,3,2,3,3
"P107",2,2,2,3,2,2,2,2,3,4,2,2,4,3,3,4,3,3
"P108",4,3,4,3,3,3,3,2,3,2,3,3,3,3,3,3,3,2
"P109",3,3,3,3,4,2,5,4,4,3,3,2,3,4,3,3,2,3
"P110",3,4,4,3,4,3,2,2,2,2,2,3,4,3,3,4,3,4
"P111",3,4,3,4,5,4,2,2,2,2,2,2,3,4,4,4,2,2
"P112",3,4,4,3,4,4,3,4,3,3,3,3,4,3,4,3,3,2
"P113",2,3,2,4,3,3,3,3,3,3,3,3,4,2,3,3,2,3
"P114",2,3,2,3,2,2,2,3,3,3,2,4,1,3,3,3,3,3
"P115",4,4,4,3,3,4,3,3,3,2,3,4,3,3,3,2,3,4
"P116",2,2,1,2,2,2,3,3,3,4,2,3,2,3,2,2,2,3
"P117",1,4,2,2,3,3,4,2,4,4,3,3,2,3,3,2,2,2
"P118",3,2,2,3,2,4,4,4,5,3,4,4,3,3,3,2,4,3
"P119",4,3,3,4,4,4,3,2,2,3,3,2,4,4,4,3,4,4
"P120",2,3,2,3,2,3,3,3,3,4,4,4,3,3,4,3,3,3
"P121",4,4,4,3,3,3,4,3,4,4,3,3,3,3,3,3,4,3
"P122",3,4,4,4,4,4,4,4,3,3,4,4,3,3,2,3,3,2
"P123",4,2,3,3,3,2,3,3,3,3,3,3,2,3,4,4,2,3
"P124",3,2,2,2,3,2,3,3,2,1,3,3,3,4,3,3,3,3
"P125",3,2,3,4,3,3,3,4,4,2,3,4,2,3,2,2,3,3
"P126",3,3,2,4,3,4,3,2,1,1,2,3,2,3,3,2,2,3
"P127",4,3,4,4,4,4,3,3,3,3,3,5,4,3,4,3,4,3
"P128",3,3,3,4,4,2,4,4,4,5,4,3,3,3,4,3,4,3
"P129",3,3,2,3,2,3,2,2,3,4,4,3,3,3,4,3,3,4
"P130",1,2,1,2,1,1,4,4,4,4,5,4,5,3,4,5,4,4
"P131",3,3,3,2,2,2,5,4,4,3,3,3,4,5,3,4,4,3
"P132",2,2,2,2,2,2,2,2,2,2,2,3,3,4,4,3,3,3
"P133",3,2,3,3,3,3,4,5,4,4,3,4,4,4,3,4,3,2
"P134",3,3,4,3,2,2,4,3,3,3,3,4,3,3,3,3,2,4
"P135",3,2,3,1,3,3,3,3,2,3,2,3,2,3,2,3,2,2
"P136",2,3,3,3,3,3,3,3,5,3,5,3,3,4,2,3,3,3
"P137",3,3,4,4,4,3,3,3,3,4,3,2,3,4,3,2,3,4
"P138",3,2,2,2,2,4,3,2,2,2,3,3,3,3,2,3,2,3
"P139",4,2,4,4,4,4,4,2,3,4,3,3,2,4,4,3,3,4
"P140",3,4,2,4,4,3,3,3,3,3,2,2,3,2,2,3,3,3
"P141",3,3,3,4,2,3,4,3,2,2,3,3,4,3,4,3,4,2
"P142",3,4,4,4,3,4,3,3,2,3,3,3,4,4,5,4,4,4
"P143",4,3,4,5,4,4,4,3,4,3,3,3,2,2,2,3,2,2
"P144",4,3,4,3,4,4,4,3,3,4,3,4,1,3,2,2,1,3
"P145",3,3,4,4,3,4,3,3,3,3,3,2,5,4,4,5,4,5
"P146",2,3,2,3,2,2,4,3,2,3,3,3,2,2,2,3,2,2
"P147",2,2,3,3,3,3,3,2,2,2,2,3,3,4,4,2,2,3
"P148",3,4,3,2,3,3,3,2,3,2,3,3,2,3,3,3,3,3
"P149",4,4,3,4,3,3,3,2,2,3,3,3,1,2,3,3,2,2
"P150",3,3,2,2,2,3,3,4,4,4,4,3,2,1,3,3,3,3
"P151",3,4,4,4,4,4,4,3,4,3,4,3,3,4,4,5,3,4
"P152",4,4,4,4,4,4,3,3,4,4,2,2,3,2,2,3,3,3
"P153",4,4,4,5,4,5,5,3,4,3,3,4,2,2,2,3,2,2
"P154",3,3,4,2,4,3,2,2,2,3,2,3,2,3,3,2,3,2
"P155",3,4,3,4,3,4,4,4,4,4,4,4,3,3,3,2,2,2
"P156",2,1,2,2,2,1,3,3,3,4,3,3,3,3,3,3,3,3
"P157",2,3,3,3,2,2,4,4,4,4,4,4,3,3,4,4,3,4
"P158",2,2,2,3,3,2,4,3,3,3,4,3,2,1,3,2,2,2
"P159",3,3,3,3,2,3,3,2,3,4,3,3,4,4,4,3,3,4
"P160",4,4,3,4,4,3,2,3,2,3,4,3,3,3,3,3,3,3
"P161",4,3,3,4,3,4,3,3,3,2,3,2,5,3,3,4,5,5
"P162",3,2,3,2,3,3,3,3,4,3,3,3,4,3,3,3,3,3
"P163",3,3,3,2,2,4,5,4,4,3,3,2,3,3,2,2,2,3
"P164",2,2,2,2,2,2,2,3,2,2,2,2,4,4,3,2,3,3
"P165",4,3,4,4,3,4,3,2,2,3,3,4,4,3,3,4,3,3
"P166",4,3,3,3,4,5,4,3,4,4,4,4,2,3,4,3,4,3
"P167",4,4,4,3,3,3,2,1,2,1,2,2,4,3,4,4,2,4
"P168",3,4,3,3,3,4,2,3,3,3,4,3,3,4,3,4,3,2
"P169",2,3,3,3,4,3,2,3,3,3,3,3,3,3,5,4,3,2
"P170",3,2,2,3,1,1,2,3,2,3,3,3,5,5,4,5,4,5
"P171",2,3,3,3,3,3,2,3,3,3,3,2,5,4,5,4,3,3
"P172",3,3,3,2,3,3,3,2,4,4,2,3,3,3,3,3,4,3
"P173",4,3,3,2,3,3,2,2,1,2,2,3,3,3,3,3,3,2
"P174",3,3,3,4,4,3,2,2,3,3,3,2,4,4,3,4,4,3
"P175",3,4,3,3,3,4,3,3,3,4,4,3,4,4,2,4,3,3
"P176",4,3,4,4,5,3,3,3,3,3,2,2,3,2,3,2,2,3
"P177",2,2,3,3,3,2,3,3,2,3,2,2,4,2,3,3,4,4
"P178",3,3,4,3,4,3,1,2,2,3,3,3,3,2,3,2,3,2
"P179",4,3,3,3,2,3,3,4,4,3,3,3,2,4,3,3,2,3
"P180",2,2,4,3,3,4,4,4,4,4,3,4,3,3,3,2,3,3
"P181",4,3,4,3,5,4,3,3,4,3,3,3,4,3,3,3,3,2
"P182",2,2,3,1,1,3,2,2,2,3,1,2,1,1,2,1,1,2
"P183",3,3,4,4,3,4,2,4,3,4,2,4,3,2,3,2,2,2
"P184",3,3,3,4,3,2,3,3,4,3,3,3,4,3,4,4,3,3
"P185",4,3,4,3,5,4,3,4,3,4,5,3,3,4,3,5,4,3
"P186",3,3,4,3,2,3,4,3,4,4,3,3,2,3,3,3,3,4
"P187",3,3,3,4,4,3,3,3,4,3,4,2,2,3,3,2,3,2
"P188",4,3,3,2,3,2,3,3,3,3,3,2,3,3,3,3,3,3
"P189",4,3,4,3,5,4,3,4,3,4,3,3,3,3,3,3,1,3
"P190",2,3,2,3,2,2,2,2,3,2,2,1,3,3,3,3,2,3
"P191",2,3,2,2,3,3,2,2,2,3,2,4,3,3,2,3,2,3
"P192",3,3,2,2,3,3,3,2,2,3,3,3,4,4,3,3,3,4
"P193",3,3,1,2,2,3,4,4,4,3,3,3,2,3,2,2,3,2
"P194",3,4,5,5,4,3,4,4,4,4,4,4,3,3,3,3,4,3
"P195",2,3,3,4,4,3,2,3,3,3,3,3,3,4,4,3,3,4
"P196",3,3,3,2,2,3,4,4,4,3,3,3,3,3,3,3,3,2
"P197",4,3,4,1,4,3,3,3,4,3,3,3,4,5,4,4,5,5
"P198",3,3,2,2,3,3,4,4,3,3,3,3,2,1,1,3,2,2
"P199",4,5,3,4,3,5,4,4,4,5,4,4,2,2,2,2,1,1
"P200",4,4,4,3,4,4,2,2,3,2,4,3,3,2,3,3,2,3
"P201",2,3,2,3,2,2,2,2,4,2,2,3,2,2,2,2,2,2
"P202",3,2,2,3,3,3,3,3,3,3,2,2,3,3,2,3,3,3
"P203",3,3,3,3,3,2,3,3,4,4,2,2,4,4,4,4,4,3
"P204",2,3,2,3,3,2,3,3,4,3,2,4,4,2,4,4,3,3
"P205",3,3,3,4,3,4,3,3,3,3,3,2,2,2,2,2,2,3
"P206",2,3,3,3,3,4,4,4,4,4,3,4,4,4,4,4,3,4
"P207",2,3,3,3,3,3,2,2,2,3,3,1,2,3,3,2,3,3
"P208",1,2,2,3,1,2,4,4,5,4,4,4,4,3,3,4,4,3
"P209",3,2,3,2,2,3,3,2,3,1,3,3,3,2,3,3,3,3
"P210",3,3,4,4,4,3,4,4,4,5,3,4,3,4,4,3,3,4
"P211",3,2,3,4,3,4,3,4,3,2,5,3,3,3,3,4,4,4
"P212",3,3,4,3,3,3,3,4,4,3,3,3,4,3,3,3,3,2
"P213",3,3,3,4,4,5,2,3,3,5,2,4,1,2,3,2,2,2
"P214",2,3,2,2,3,3,3,2,1,4,3,3,3,2,2,2,3,4
"P215",3,3,2,3,3,2,3,4,3,2,3,4,2,3,3,3,3,3
"P216",3,2,1,4,1,2,3,3,4,4,4,5,3,3,2,3,2,3
"P217",2,1,2,2,2,3,2,4,3,3,3,2,4,4,3,4,3,3
"P218",2,3,2,3,3,3,3,2,2,2,2,3,2,2,2,3,3,3
"P219",3,4,3,3,3,4,3,3,3,3,3,3,4,3,4,3,5,4
"P220",3,3,4,3,3,3,4,3,4,3,4,2,3,3,4,3,4,4
"P221",3,2,4,4,2,2,4,4,4,4,4,3,3,2,2,3,3,3
"P222",3,4,3,4,3,4,4,4,3,4,3,3,3,2,3,3,5,3
"P223",3,2,3,2,2,2,3,4,3,4,3,4,3,2,3,2,2,2
"P224",3,4,3,4,3,4,3,3,3,3,3,3,3,3,2,3,2,3
"P225",3,3,3,2,4,4,3,3,3,4,2,2,2,3,4,3,3,4
"P226",3,3,3,2,4,3,4,3,4,3,3,4,3,4,4,3,5,5
"P227",4,4,5,3,4,4,4,3,3,4,4,5,4,3,3,3,3,3
"P228",3,3,3,1,2,3,3,2,2,3,3,3,3,3,3,3,3,3
"P229",3,4,4,4,3,3,3,3,4,3,4,3,4,3,3,4,4,4
"P230",3,3,3,3,3,3,3,2,3,3,3,3,3,4,3,3,3,3
"P231",4,3,4,3,4,4,5,4,4,4,4,3,3,3,3,3,3,2
"P232",3,3,3,3,3,3,2,2,2,2,2,2,5,4,3,4,4,4
"P233",3,3,4,2,4,2,3,2,2,3,3,3,2,3,2,3,3,3
"P234",3,3,4,3,3,3,3,4,4,4,3,3,2,3,3,3,3,3
"P235",3,3,3,4,4,3,2,3,3,3,3,2,4,4,3,4,3,4
"P236",3,3,3,2,3,2,2,2,2,2,2,2,3,3,2,4,3,3
"P237",2,3,3,3,2,2,4,3,3,3,4,4,3,2,4,3,2,3
"P238",3,2,2,3,2,3,4,4,3,4,4,4,3,4,4,4,3,4
"P239",4,4,4,3,4,4,3,4,2,2,3,3,1,2,3,2,2,2
"P240",5,4,4,4,4,4,3,3,3,3,3,3,3,3,3,3,3,2
"P241",3,3,3,3,3,3,3,3,4,4,3,3,1,3,3,2,2,3
"P242",4,3,4,3,4,4,4,4,3,2,3,3,3,3,2,3,3,3
"P243",2,2,2,3,3,3,2,4,3,2,3,2,5,3,4,4,3,3
"P244",3,2,3,3,2,3,2,2,2,4,2,2,4,4,4,5,4,3
"P245",3,2,3,3,2,3,3,3,2,4,4,4,3,4,3,3,4,4
"P246",2,2,2,2,2,3,2,2,2,2,2,2,3,1,1,2,1,3
"P247",2,3,3,2,3,2,4,3,3,3,4,3,2,2,3,3,2,3
"P248",4,2,2,3,3,3,3,2,2,3,3,2,3,2,2,2,2,3
"P249",3,2,3,3,3,3,3,3,3,3,4,3,4,3,5,3,3,3
"P250",4,4,3,2,3,3,3,3,4,3,2,4,2,2,3,2,2,2
"P251",3,3,3,2,3,3,2,2,2,2,2,4,3,3,2,3,2,3
"P252",3,3,3,4,4,3,3,3,2,2,2,3,3,2,4,2,2,3
"P253",3,3,3,4,2,3,4,4,4,4,5,4,2,1,2,2,2,1
"P254",2,2,3,3,4,1,2,2,3,3,3,3,3,3,3,3,4,3
"P255",4,4,2,3,3,3,3,2,3,4,2,3,2,2,2,3,3,2
"P256",3,3,3,3,3,3,4,3,3,4,3,3,1,3,2,3,3,3
"P257",2,2,3,3,2,3,4,3,3,4,2,3,3,4,3,4,4,3
"P258",2,3,3,3,3,3,2,2,2,2,2,3,3,3,4,3,3,3
"P259",2,4,2,3,3,2,5,4,3,4,5,4,3,3,3,3,3,3
"P260",3,3,4,3,3,4,2,2,3,2,2,3,4,4,2,3,3,3
"P261",3,4,3,4,4,4,4,4,3,3,4,3,2,2,2,2,2,1
"P262",3,3,3,3,2,2,3,4,3,4,2,4,2,3,4,3,4,3
"P263",3,4,3,2,3,4,2,1,1,3,1,2,4,3,3,4,4,4
"P264",4,3,2,4,3,4,4,3,4,3,2,2,2,3,2,3,2,3
"P265",2,2,3,2,2,2,3,2,2,2,3,3,3,3,3,3,3,3
"P266",2,3,2,2,2,2,3,4,3,4,4,3,2,3,3,2,3,3
"P267",4,3,3,3,3,4,1,1,1,2,2,1,3,4,3,4,4,3
"P268",2,2,3,3,2,2,3,3,3,3,3,2,3,4,3,3,2,4
"P269",4,4,3,3,3,2,3,3,2,3,3,2,2,3,2,3,3,3
"P270",2,3,3,3,3,3,4,3,4,3,2,3,1,3,3,3,2,3
"P271",2,4,3,3,3,3,2,2,2,2,2,3,3,2,3,3,4,4
"P272",3,2,2,2,3,2,3,3,3,3,2,2,4,4,4,5,3,3
"P273",3,3,2,2,2,2,3,2,3,3,4,3,3,2,2,3,3,3
"P274",4,3,4,4,3,3,3,2,2,4,4,1,3,3,3,3,2,2
"P275",2,3,1,1,3,2,4,3,3,3,3,2,3,3,3,3,2,3
"P276",3,2,4,3,4,3,2,3,3,3,3,4,2,2,3,2,3,2
"P277",5,4,3,4,4,4,4,4,4,5,4,3,3,3,3,3,2,2
"P278",4,4,3,4,4,4,3,3,3,2,3,3,4,3,3,3,2,2
"P279",2,3,1,2,2,2,4,3,4,3,2,4,3,3,2,3,2,2
"P280",2,3,2,3,2,2,4,4,4,4,3,3,2,2,1,2,2,2
"P281",3,3,3,2,3,3,3,3,2,2,2,2,3,3,3,4,3,3
"P282",3,3,3,4,4,3,3,2,3,2,3,2,3,3,3,3,3,2
"P283",3,4,4,4,3,4,3,3,3,3,2,4,3,1,1,2,2,2
"P284",3,4,3,3,3,3,4,4,4,4,4,3,2,2,2,3,3,3
"P285",3,4,4,3,3,4,4,3,3,4,3,3,2,2,2,2,2,3
"P286",4,3,2,3,3,2,3,2,2,2,4,3,4,3,2,4,4,3
"P287",3,3,2,2,4,3,4,4,4,3,4,4,3,4,4,3,2,3
"P288",3,3,3,3,3,2,4,2,2,2,3,3,2,3,2,2,4,3
"P289",4,3,3,3,3,3,3,2,2,2,3,3,3,3,3,2,3,3
"P290",2,2,2,2,3,3,4,4,4,4,5,4,2,3,3,2,2,2
"P291",3,3,2,4,3,3,3,3,3,3,3,4,3,2,3,3,3,2
"P292",2,3,5,3,3,3,2,3,3,2,2,4,2,2,4,3,3,3
"P293",3,3,2,3,2,3,3,3,2,4,4,3,2,4,2,2,2,3
"P294",3,2,3,3,4,3,2,2,1,3,2,2,1,2,2,2,2,3
"P295",3,3,4,3,4,2,2,3,3,2,3,4,5,3,4,5,5,4
"P296",4,3,3,1,3,4,4,3,3,3,4,4,3,4,4,4,5,4
"P297",3,3,3,3,3,3,3,4,3,3,3,3,2,3,3,3,2,3
"P298",2,1,2,1,1,1,2,3,2,4,4,4,5,4,5,4,4,3
"P299",3,4,4,3,3,3,3,4,4,3,3,3,3,3,3,2,4,3
"P300",4,3,3,3,3,3,3,4,3,4,4,4,3,3,3,3,4,3
"P301",3,2,3,3,3,3,3,3,3,3,3,3,2,2,1,2,2,3
"P302",3,4,3,4,3,4,4,4,3,3,4,3,3,3,2,1,3,3
"P303",3,1,2,1,3,1,5,3,3,4,4,4,3,3,2,2,2,2
"P304",2,3,3,3,3,4,4,3,2,3,4,4,2,3,3,2,3,2
"P305",3,3,4,3,3,3,3,3,3,4,3,3,2,3,4,3,2,5
"P306",4,4,4,3,4,3,3,3,3,3,3,3,4,3,3,3,4,3
"P307",4,3,2,1,4,3,2,3,3,3,3,3,3,2,2,1,2,2
"P308",2,4,3,4,3,2,3,4,3,3,2,3,2,2,4,3,4,3
"P309",4,3,4,3,4,3,4,5,4,3,3,3,3,4,3,4,3,2
"P310",3,2,3,3,3,2,4,2,3,3,3,2,3,3,2,2,3,3
"P311",4,4,5,4,4,4,2,2,2,2,3,2,3,3,2,3,4,3
"P312",2,4,1,2,2,3,4,3,3,4,3,3,2,3,3,3,3,4
"P313",3,4,4,3,4,3,3,2,2,2,3,2,2,3,2,3,3,2
"P314",3,2,4,3,3,4,2,3,1,2,3,2,2,2,3,2,3,2
"P315",2,1,1,2,2,3,3,3,2,3,3,3,3,3,2,2,2,2
"P316",4,2,4,3,3,3,2,2,2,3,2,3,3,3,2,3,4,4
"P317",4,3,2,4,4,3,4,2,3,4,4,3,3,3,3,3,5,3
"P318",2,3,2,2,2,2,3,4,3,4,4,4,4,4,4,2,3,3
"P319",2,2,3,2,2,2,3,3,2,2,3,3,3,3,3,3,3,4
"P320",4,3,2,3,3,3,2,2,2,2,3,3,3,2,3,3,3,3
"P321",4,3,4,3,3,3,3,3,3,2,3,3,2,2,1,2,1,2
"P322",4,1,4,4,4,3,3,4,3,3,3,4,4,3,4,4,4,3
"P323",4,4,3,3,4,4,2,2,2,3,3,3,4,3,3,5,4,4
"P324",3,4,2,2,2,2,3,3,2,3,3,3,3,3,3,3,4,3
"P325",2,3,3,2,4,2,3,4,3,4,3,4,3,3,4,3,4,4
"P326",3,2,2,2,3,3,3,3,2,3,4,4,4,3,3,4,3,4
"P327",3,3,2,3,3,2,3,4,2,2,3,3,3,2,1,2,3,2
"P328",2,2,1,2,2,2,2,3,2,2,1,3,3,4,3,2,3,3
"P329",4,3,3,4,3,3,3,3,3,3,3,3,3,3,2,3,2,3
"P330",3,3,4,4,3,3,4,3,4,3,4,2,3,3,2,2,3,2
"P331",3,3,3,3,3,3,4,4,3,2,3,4,3,3,3,2,2,3
"P332",3,2,3,4,3,4,4,4,4,4,3,4,3,4,2,3,3,2
"P333",4,3,5,4,4,4,3,3,2,3,2,2,2,2,3,2,3,3
"P334",4,4,4,4,4,4,4,3,4,4,3,3,1,2,2,1,2,2
"P335",3,3,3,3,3,4,3,4,4,3,2,3,4,3,5,4,3,4
"P336",3,3,3,3,3,4,3,3,4,3,3,3,4,4,3,2,2,2
"P337",4,4,4,3,3,4,2,2,2,2,2,3,3,4,3,3,3,2
"P338",3,2,3,3,3,3,3,2,4,3,3,3,2,3,3,2,2,2
"P339",4,4,3,4,3,3,3,3,4,4,3,2,1,2,2,3,3,3
"P340",4,3,4,4,5,4,2,3,3,3,3,3,3,3,2,3,3,3
"P341",5,4,5,3,4,5,2,3,3,2,3,3,4,4,2,3,4,5
"P342",4,4,3,2,4,4,3,2,2,3,1,2,3,3,3,3,3,3
"P343",2,2,3,3,3,3,3,3,4,3,3,3,2,2,3,3,3,3
"P344",3,3,4,2,3,4,4,4,4,5,4,4,3,4,3,4,3,4
"P345",3,4,4,4,4,4,2,2,3,2,3,2,4,5,3,4,2,3
"P346",3,4,4,5,4,4,4,4,5,4,4,3,2,2,3,2,2,3
"P347",3,4,3,3,4,3,3,2,3,3,3,3,3,3,2,3,1,3
"P348",1,3,2,3,2,3,2,3,3,2,2,1,2,4,3,3,3,4
"P349",4,4,2,4,4,4,3,2,3,1,2,3,2,2,2,2,2,2
"P350",3,2,1,3,2,2,4,3,3,4,3,3,3,4,4,3,4,4
"P351",4,5,4,3,3,2,3,3,3,4,3,4,2,2,3,3,3,2
"P352",1,2,2,2,2,2,5,4,4,3,3,4,3,2,3,4,3,3
"P353",2,3,3,4,3,3,4,4,4,4,3,4,4,4,4,4,5,4
"P354",2,4,3,3,3,3,4,4,4,3,4,4,3,3,3,2,3,3
"P355",2,1,2,3,2,3,3,2,3,4,4,3,3,3,3,3,4,2
"P356",4,4,4,3,4,4,3,3,3,4,3,5,4,4,4,2,4,2
"P357",3,2,2,2,2,3,4,3,4,4,4,2,4,4,3,3,4,3
"P358",5,3,2,4,4,5,2,4,4,2,3,3,3,3,3,3,3,3
"P359",5,5,4,4,4,3,3,3,3,3,3,3,4,3,3,3,3,2
"P360",3,3,4,4,3,3,2,3,3,3,4,2,4,3,3,3,3,3
"P361",4,4,4,5,3,4,3,2,2,2,2,2,4,4,3,4,4,3
"P362",2,3,2,3,2,2,4,4,5,3,4,4,3,3,3,3,2,4
"P363",2,3,2,3,3,2,2,3,3,4,3,3,2,2,3,2,3,2
"P364",3,3,3,3,3,4,3,2,2,2,3,2,2,3,4,3,2,3
"P365",4,3,2,3,3,3,3,3,2,3,3,3,4,4,2,4,4,4
"P366",2,3,2,3,3,2,3,4,3,3,3,3,3,3,4,3,2,3
"P367",3,3,3,3,3,3,3,4,3,2,4,3,2,2,2,2,3,3
"P368",2,4,3,4,4,3,4,4,3,4,3,3,4,3,3,3,2,3
"P369",3,2,2,3,3,3,2,3,3,2,3,3,3,4,4,4,3,3
"P370",3,3,2,4,4,4,4,3,4,2,3,4,3,3,4,3,3,4
"P371",2,3,2,3,2,3,3,4,2,3,2,2,4,3,3,4,3,3
"P372",2,1,3,3,3,4,4,3,3,3,2,4,3,3,3,3,4,3
"P373",1,2,2,2,2,1,3,3,3,2,3,2,1,3,3,3,4,3
"P374",3,1,2,3,2,3,4,3,3,2,3,2,4,3,4,3,3,3
"P375",3,4,4,3,3,3,2,3,3,4,4,3,3,3,4,4,3,4
"P376",3,2,2,4,3,2,3,3,3,4,2,3,3,3,4,4,3,3
"P377",3,4,3,3,3,3,3,3,4,3,4,3,3,2,3,4,3,3
"P378",3,4,3,4,3,4,3,4,4,3,4,4,5,4,3,3,4,4
"P379",2,4,3,3,3,3,3,3,3,4,3,3,3,2,3,2,2,3
"P380",3,4,4,4,4,3,2,3,2,2,2,3,3,3,4,4,3,3
"P381",2,1,4,3,3,2,2,2,4,3,2,3,3,2,1,2,2,3
"P382",1,1,2,3,2,2,2,4,3,3,3,3,3,3,2,3,4,3
"P383",3,3,4,2,2,3,4,3,4,3,3,5,3,4,4,4,4,4
"P384",2,2,2,2,2,2,5,4,4,4,3,3,2,3,4,3,2,3
"P385",3,3,2,4,3,3,1,1,1,2,3,3,3,3,3,3,4,3
"P386",2,3,3,2,3,3,1,3,2,2,2,3,3,4,3,4,4,3
"P387",3,4,4,3,2,2,3,3,3,3,4,3,2,3,3,3,3,3
"P388",3,2,3,3,3,4,3,4,3,2,3,4,3,3,1,3,3,3
"P389",3,2,3,4,3,3,3,4,3,3,4,4,2,3,2,3,3,3
"P390",3,3,3,4,4,4,2,3,3,3,3,3,2,2,2,2,2,2
"P391",3,3,2,3,4,3,4,4,3,4,4,3,4,5,4,4,5,4
"P392",4,2,2,4,2,2,3,3,2,2,2,3,3,3,3,3,2,4
"P393",3,3,3,2,3,2,3,2,2,1,1,3,3,2,1,3,2,4
"P394",3,3,2,3,2,3,2,3,2,2,4,3,3,3,3,2,3,4
"P395",2,3,3,4,3,3,3,3,3,3,3,4,3,3,3,2,2,3
"P396",2,2,2,1,3,3,2,3,2,3,4,3,2,3,3,3,3,4
"P397",3,3,2,2,3,3,4,3,4,3,3,5,3,3,3,3,4,4
"P398",4,3,3,3,4,3,3,4,3,3,3,3,2,3,3,3,3,2
"P399",3,4,4,3,3,3,2,2,3,3,3,2,4,3,3,2,3,3
"P400",3,3,3,3,4,4,3,4,3,3,3,4,3,3,2,2,4,2
"P401",3,4,4,3,3,2,3,4,4,3,4,3,4,4,3,4,4,3
"P402",2,3,3,3,3,3,4,4,4,3,3,4,3,3,3,3,3,3
"P403",2,1,2,2,1,1,2,3,3,2,2,2,5,4,3,5,5,3
"P404",4,3,3,2,4,4,3,3,4,4,2,4,4,3,4,4,3,4
"P405",3,2,3,2,3,2,3,3,3,4,3,3,4,2,3,3,3,3
"P406",3,4,3,4,4,3,3,4,4,4,2,3,3,3,3,4,4,3
"P407",4,3,3,3,3,3,4,4,4,3,4,5,4,3,4,4,4,4
"P408",4,4,4,4,4,5,3,3,3,4,3,3,4,3,3,4,4,4
"P409",4,3,5,4,4,3,3,2,1,2,1,2,3,4,3,4,3,2
"P410",4,4,5,3,3,4,3,3,4,3,3,3,3,2,2,2,2,2
"P411",2,3,2,3,3,3,3,4,3,3,3,3,3,4,3,3,3,4
"P412",3,4,4,4,5,5,3,3,4,3,4,3,3,2,4,3,3,3
"P413",2,3,4,4,4,3,4,2,4,2,3,3,2,2,3,3,3,2
"P414",2,3,3,4,2,3,4,3,3,2,2,4,3,3,3,3,3,4
"P415",4,4,4,5,3,3,3,3,2,2,2,3,3,4,2,4,3,3
"P416",5,4,5,3,4,4,3,3,3,2,3,3,3,4,5,3,3,3
"P417",3,3,3,3,4,3,3,2,2,3,3,2,3,4,3,4,3,3
"P418",3,3,3,3,4,3,2,3,3,2,4,3,4,4,3,3,4,3
"P419",4,4,3,4,4,5,3,3,3,4,3,3,2,4,4,3,3,3
"P420",3,3,5,4,3,4,3,3,4,2,4,3,3,4,3,3,3,3
"P421",2,3,3,4,2,3,3,4,3,3,2,3,4,4,3,4,3,4
"P422",3,4,4,4,2,4,4,3,3,3,3,3,2,3,3,3,3,4
"P423",2,3,3,4,3,3,2,3,4,4,2,3,3,3,3,2,3,3
"P424",2,2,3,2,2,2,3,4,4,3,3,2,3,3,4,4,3,3
"P425",4,4,3,3,3,3,3,3,3,3,3,4,4,3,3,2,3,2
"P426",3,3,3,2,4,4,3,4,4,3,3,4,3,4,3,3,2,3
"P427",3,2,3,2,3,3,4,3,5,4,4,3,2,3,3,2,3,3
"P428",4,4,3,3,3,4,3,3,3,2,4,2,4,4,5,4,4,3
"P429",3,3,3,3,3,2,4,3,4,3,2,4,2,1,3,3,4,3
"P430",3,3,3,3,3,2,2,2,2,1,2,2,3,3,3,4,4,3
"P431",1,2,2,2,2,1,3,4,2,4,4,3,3,3,4,3,4,4
"P432",4,3,4,3,4,3,3,3,4,4,4,4,5,4,4,4,4,3
"P433",3,3,3,2,2,2,3,4,5,3,4,3,4,3,3,4,4,3
"P434",3,5,5,3,5,5,3,2,2,2,2,3,3,2,3,3,3,3
"P435",4,3,3,3,3,3,3,3,4,4,3,2,2,4,4,3,3,4
"P436",2,2,1,1,2,2,4,4,3,4,4,4,3,2,2,3,3,3
"P437",4,3,3,4,4,4,4,4,3,4,3,4,4,3,3,4,4,4
"P438",2,3,2,1,2,3,2,3,4,3,2,3,4,3,3,3,3,4
"P439",5,4,5,4,4,4,3,4,2,3,2,2,3,3,3,3,3,3
"P440",2,2,2,4,3,4,3,2,3,3,2,3,3,2,3,2,3,3
"P441",4,3,4,3,3,3,2,2,3,3,3,2,3,3,4,3,4,4
"P442",4,2,3,3,3,3,3,3,2,2,3,2,3,4,4,3,2,3
"P443",3,3,2,3,3,3,1,2,2,2,3,2,2,4,4,4,3,4
"P444",3,3,3,3,2,2,2,3,2,3,4,3,2,3,2,2,3,3
"P445",3,3,4,4,2,3,3,3,2,3,4,3,3,3,4,4,4,4
"P446",2,1,2,3,3,2,2,2,2,2,2,2,3,3,4,4,4,3
"P447",4,5,4,4,4,5,2,4,3,4,3,4,3,3,2,2,4,2
"P448",3,3,5,5,4,4,4,4,3,3,5,3,3,2,2,3,3,3
"P449",2,1,3,2,4,2,3,3,3,2,4,2,4,4,4,2,3,4
"P450",3,3,3,3,2,3,3,4,3,2,4,4,3,4,4,4,4,3
"P451",3,3,3,5,4,3,2,2,1,2,2,3,2,2,2,2,2,3
"P452",2,1,3,3,3,2,3,2,2,4,2,4,4,3,4,4,4,4
"P453",3,4,3,3,3,3,3,4,5,3,4,3,2,3,3,3,2,3
"P454",4,3,3,3,3,4,4,4,4,4,2,5,2,4,3,4,3,4
"P455",2,3,3,3,3,3,3,3,2,3,3,3,3,3,3,4,3,3
"P456",4,3,3,4,4,4,2,3,3,3,5,4,4,5,3,3,4,4
"P457",4,4,4,4,4,4,3,4,3,3,3,3,4,4,2,4,4,3
"P458",3,4,4,2,3,3,3,4,4,4,3,3,2,3,3,3,2,2
"P459",4,4,3,3,4,4,4,4,3,3,4,3,4,2,2,2,2,3
"P460",3,3,3,3,3,2,3,4,2,3,2,2,3,3,3,2,3,1
"P461",3,3,3,4,3,3,4,3,3,2,5,4,4,4,4,4,4,3
"P462",2,1,2,2,3,3,3,3,4,3,3,4,2,2,1,2,2,4
"P463",2,4,2,4,3,2,4,3,3,3,3,3,4,3,4,4,5,3
"P464",3,3,3,4,3,3,2,3,3,2,3,4,2,4,3,2,2,2
"P465",2,3,3,2,3,3,4,2,3,3,3,3,3,3,3,2,2,3
"P466",5,3,3,4,4,3,3,3,4,2,3,2,4,4,4,3,3,3
"P467",3,2,2,2,2,3,3,3,3,3,3,3,2,2,3,2,2,2
"P468",2,2,4,2,3,2,4,3,4,4,3,2,3,3,4,3,3,3
"P469",2,2,3,2,2,2,2,2,2,3,2,2,3,3,4,3,3,3
"P470",3,3,3,2,2,2,4,4,4,3,5,3,3,4,3,3,4,2
"P471",4,4,4,4,3,4,4,4,3,4,3,3,4,4,4,4,2,5
"P472",3,3,3,3,3,4,2,3,2,2,2,3,2,2,3,2,2,2
"P473",3,2,1,3,3,3,3,3,2,3,3,3,4,4,5,4,5,4
"P474",3,3,3,4,4,3,4,4,3,4,3,3,3,4,3,4,4,4
"P475",3,2,3,2,2,2,2,4,4,4,3,3,3,2,2,3,4,2
"P476",3,4,3,3,2,2,2,2,2,1,3,3,3,3,3,4,3,4
"P477",3,3,3,3,2,2,3,3,2,3,4,2,4,4,3,3,3,4
"P478",3,2,4,3,2,2,3,2,3,2,3,3,3,3,3,3,3,3
"P479",3,2,3,3,2,2,2,3,2,2,3,2,3,3,3,3,2,4
"P480",4,3,4,3,5,3,4,3,4,4,4,3,2,2,3,2,2,2
"P481",3,3,4,3,3,3,4,4,5,4,4,3,3,3,3,3,2,2
"P482",3,3,3,3,3,3,2,2,2,3,2,3,3,3,4,4,3,3
"P483",4,3,5,3,4,4,4,4,4,3,4,3,3,4,4,4,5,4
"P484",4,4,4,4,4,4,3,3,3,3,4,3,2,3,2,3,3,2
"P485",2,3,4,4,3,3,3,3,3,3,3,2,2,4,4,4,3,3
"P486",2,2,2,2,2,2,4,3,4,4,3,3,3,2,3,3,3,4
"P487",3,3,4,4,2,4,2,4,2,2,1,3,3,3,2,3,3,2
"P488",2,3,3,3,2,3,2,3,2,2,4,3,5,4,4,4,3,4
"P489",3,3,5,2,4,3,3,3,4,2,4,3,3,2,4,3,2,3
"P490",3,4,2,3,4,2,2,3,4,3,3,3,3,3,3,4,3,3
"P491",2,4,3,3,4,3,3,2,3,3,3,2,2,2,3,2,2,3
"P492",4,2,3,3,3,3,3,3,3,3,3,3,3,2,3,3,2,3
"P493",2,4,4,3,2,4,2,3,3,3,2,2,2,3,3,3,2,3
"P494",3,4,4,4,3,3,3,4,3,3,3,3,4,3,4,3,4,3
"P495",2,3,1,2,2,3,3,3,3,3,5,3,2,2,2,2,4,1
"P496",3,4,3,4,3,3,3,3,3,3,2,4,2,3,2,2,3,4
"P497",3,4,4,2,4,4,3,2,2,2,1,1,2,4,3,2,2,2
"P498",2,3,3,3,2,2,5,2,4,3,2,3,5,4,3,4,4,5
"P499",4,4,4,3,3,4,2,3,2,2,4,3,4,4,3,4,4,4
"P500",4,3,3,3,3,4,3,4,4,2,3,3,4,3,3,3,3,3
