"participant_id","Item01","Item02","Item03","Item04","Item05","Item06","Item07","Item08","Item09","Item10","Item11","Item12","Item13","Item14","Item15","Item16","Item17","Item18","Item19","Item20"
"P001",0,1,0,0,1,1,1,1,0,0,1,0,1,1,0,0,0,1,1,0
"P002",0,0,0,0,0,1,1,1,0,0,0,0,0,1,0,0,0,0,1,1
"P003",0,1,0,0,1,1,1,1,0,0,1,1,0,0,0,0,1,1,0,1
"P004",1,1,0,1,1,1,1,1,0,1,1,1,1,1,1,1,1,1,1,1
"P005",1,1,0,0,1,0,1,0,0,0,1,1,1,0,0,0,0,1,0,0
"P006",0,1,0,0,1,1,0,0,1,0,1,1,1,0,0,1,1,1,0,1
"P007",1,1,0,0,1,0,1,0,1,0,1,1,1,1,0,1,0,1,1,1
"P008",1,1,0,0,1,1,1,1,1,0,1,1,0,1,0,0,0,1,1,0
"P009",0,1,0,1,1,0,1,0,0,0,1,1,1,1,0,0,0,1,1,1
"P010",0,1,0,0,0,0,1,1,1,0,1,1,1,1,0,0,1,0,0,1
"P011",0,0,0,1,1,1,1,1,1,1,1,0,1,1,0,1,0,1,0,1
"P012",1,0,0,0,1,0,1,0,0,0,0,0,0,0,0,0,0,1,0,0
"P013",1,0,0,1,1,0,1,0,0,1,1,0,1,1,1,0,1,1,1,1
"P014",0,0,0,0,1,1,1,0,0,0,0,0,0,1,0,0,0,0,0,0
"P015",1,1,0,0,1,0,0,0,0,0,0,0,0,0,0,0,0,0,0,0
"P016",1,1,0,1,1,0,1,0,1,1,0,0,0,1,0,1,0,1,1,0
"P017",1,0,0,0,0,0,1,0,0,0,1,0,0,1,0,0,0,0,0,0
"P018",1,1,1,0,1,0,1,0,0,0,0,1,1,1,1,0,0,1,0,0
"P019",0,1,0,1,1,0,1,0,1,0,1,0,1,1,0,1,0,1,0,0
"P020",1,1,0,1,1,1,1,0,1,1,1,1,1,0,1,0,1,1,1,0
"P021",0,0,0,1,1,0,0,0,1,0,1,0,0,1,0,0,0,0,0,0
"P022",1,1,0,0,1,1,1,0,0,1,1,0,0,1,0,1,0,0,0,0
"P023",1,1,0,0,1,0,1,1,0,0,1,0,1,1,0,0,0,0,0,0
"P024",1,1,1,0,1,1,1,0,1,0,1,1,0,1,0,0,1,1,1,0
"P025",0,1,0,1,1,0,1,1,0,0,1,0,0,1,0,0,0,1,0,0
"P026",1,1,1,1,1,1,1,0,1,0,1,1,1,1,1,1,0,1,1,1
"P027",0,1,0,0,1,0,0,0,0,1,1,0,0,0,0,1,0,1,1,0
"P028",1,1,0,0,1,0,0,0,1,0,1,0,1,1,0,0,0,1,1,0
"P029",0,1,0,0,1,1,1,0,1,0,1,0,0,1,0,0,1,0,0,1
"P030",0,1,1,1,1,1,1,1,1,0,1,0,1,1,0,0,1,1,1,0
"P031",0,1,0,0,0,0,1,0,1,0,1,0,0,1,1,0,0,1,1,1
"P032",1,1,0,1,0,0,1,0,0,0,1,0,0,1,0,0,1,0,0,0
"P033",0,0,0,0,1,0,1,0,0,0,1,0,0,0,0,1,0,1,0,0
"P034",1,1,0,0,1,1,1,0,1,0,1,1,1,1,0,1,0,1,1,1
"P035",0,0,0,0,1,0,1,0,0,0,1,0,0,1,0,0,0,0,0,0
"P036",0,0,0,0,1,1,1,0,0,0,1,0,0,1,0,0,0,0,0,1
"P037",0,1,0,0,1,1,1,1,1,0,1,0,0,1,1,0,1,1,0,0
"P038",1,1,0,1,0,0,1,1,1,0,1,1,0,1,1,1,1,1,1,1
"P039",1,1,0,0,1,0,1,1,1,0,1,0,1,1,1,1,1,1,0,1
"P040",0,0,0,0,0,0,1,0,0,0,1,0,0,0,0,0,0,1,0,0
"P041",1,1,0,0,1,1,1,0,1,0,1,1,1,1,0,1,0,1,0,0
"P042",0,0,0,0,1,0,0,0,0,0,1,0,0,0,0,0,0,0,0,0
"P043",1,1,0,0,1,0,1,0,1,1,1,0,1,1,0,0,0,1,1,0
"P044",1,1,0,0,1,0,1,0,0,0,0,0,0,1,0,0,0,0,1,0
"P045",1,0,0,0,1,0,0,1,0,0,1,0,0,0,0,1,0,1,1,0
"P046",1,1,0,1,1,0,1,0,1,0,1,1,1,1,0,1,0,1,1,1
"P047",0,1,0,0,1,0,1,0,0,0,1,0,1,0,0,0,0,0,0,0
"P048",1,0,0,0,1,1,1,0,0,0,0,0,1,1,0,1,0,1,0,0
"P049",1,1,0,1,1,0,1,0,0,0,1,0,0,0,0,0,0,0,0,0
"P050",0,0,0,0,0,0,1,1,0,0,1,0,0,0,0,0,0,0,0,0
"P051",1,1,0,1,1,0,1,0,0,0,1,1,0,1,0,0,0,1,1,0
"P052",1,0,0,0,1,1,1,0,1,0,1,1,1,1,0,1,0,1,1,1
"P053",0,1,0,0,1,1,0,0,0,0,1,0,0,0,0,0,0,1,0,0
"P054",0,1,0,0,1,0,0,0,0,1,1,0,0,1,0,0,0,0,1,0
"P055",1,0,0,0,1,1,1,1,1,0,1,0,0,1,0,1,0,1,1,0
"P056",0,1,0,0,1,0,1,1,1,0,1,0,0,1,0,0,0,1,1,0
"P057",1,1,0,0,0,0,0,0,0,0,1,0,0,0,0,0,0,0,0,0
"P058",0,0,0,0,0,0,1,1,0,0,1,0,0,0,0,1,0,0,0,0
"P059",1,1,0,1,1,0,1,1,1,0,1,1,1,1,0,1,0,1,1,1
"P060",1,0,0,0,0,0,0,0,0,0,0,0,0,1,0,0,1,0,0,0
"P061",1,0,0,1,0,1,0,0,0,1,1,0,0,0,0,0,0,1,1,0
"P062",1,1,0,0,1,0,1,0,0,1,0,0,0,1,0,0,0,1,1,1
"P063",0,0,0,1,1,0,1,1,1,0,1,1,0,1,0,0,1,1,1,0
"P064",0,0,0,0,1,0,0,0,0,0,0,0,0,0,0,0,1,0,0,0
"P065",1,0,0,1,1,0,1,0,1,0,1,1,1,1,0,1,1,1,0,0
"P066",1,0,0,0,1,0,1,0,1,0,1,1,0,1,1,1,1,1,1,0
"P067",0,1,0,0,1,0,1,0,0,0,1,0,0,1,0,0,0,1,0,0
"P068",1,1,0,1,1,1,1,0,1,1,1,1,1,1,0,1,1,1,1,1
"P069",1,1,0,0,1,1,1,0,1,0,1,1,1,1,1,1,1,1,1,0
"P070",0,1,0,0,1,0,1,0,0,0,1,1,1,1,0,1,0,1,0,0
"P071",0,0,0,0,1,1,1,0,0,0,0,0,1,0,0,1,0,0,0,0
"P072",1,1,0,1,1,1,1,0,1,1,1,1,1,1,1,1,0,1,1,0
"P073",0,1,0,0,1,1,1,0,1,0,1,1,1,0,0,0,0,1,1,1
"P074",1,0,0,0,1,1,1,1,0,0,1,0,1,0,0,0,0,0,0,1
"P075",1,1,0,1,1,1,1,1,1,1,1,1,1,1,1,0,0,1,1,0
"P076",0,0,0,0,0,1,1,0,0,0,1,0,0,0,0,0,0,0,0,0
"P077",1,1,0,0,0,1,0,0,0,0,1,0,0,1,0,0,0,0,0,0
"P078",1,1,0,1,1,1,0,1,1,1,1,1,0,1,1,1,1,1,1,0
"P079",1,0,0,0,1,0,1,0,1,0,1,0,1,1,0,0,0,1,0,0
"P080",1,1,0,0,1,1,0,1,1,1,1,0,1,1,0,0,0,1,0,0
"P081",1,1,0,0,1,1,1,0,1,0,1,1,1,1,0,1,0,1,1,1
"P082",1,1,0,0,1,1,1,0,1,0,1,1,1,1,0,0,0,1,0,1
"P083",1,1,0,0,1,0,1,0,0,0,1,1,1,1,0,0,0,1,1,0
"P084",0,1,0,1,1,1,1,1,1,0,1,1,0,1,0,1,0,1,1,0
"P085",0,1,0,1,1,1,1,0,0,0,1,0,0,1,0,1,0,1,0,0
"P086",0,1,1,0,1,0,1,0,1,0,1,0,0,1,0,1,0,1,1,1
"P087",1,1,0,1,1,0,1,0,1,0,1,1,1,1,0,1,1,1,1,0
"P088",1,1,0,1,0,0,1,0,1,0,1,1,1,1,0,1,1,0,0,1
"P089",0,1,0,1,0,1,1,0,0,0,1,0,1,1,0,0,0,1,0,1
"P090",1,1,1,1,1,1,1,1,1,0,1,1,1,1,0,1,0,1,1,1
"P091",1,1,0,0,0,0,1,1,0,0,1,0,1,1,0,0,0,1,1,0
"P092",1,1,0,0,1,1,1,1,1,0,1,1,0,1,1,1,1,1,1,0
"P093",1,1,0,0,1,1,1,1,1,0,1,1,1,1,0,1,0,1,1,1
"P094",1,1,0,1,1,1,1,1,1,0,1,0,1,1,1,1,0,1,1,1
"P095",1,1,1,0,1,1,1,0,1,1,1,1,1,1,0,1,1,1,1,0
"P096",1,1,0,0,1,0,1,0,1,0,1,1,1,1,0,1,0,1,0,0
"P097",0,0,0,0,1,1,0,0,0,0,0,0,0,1,0,1,0,0,1,1
"P098",1,1,0,0,1,1,1,1,1,0,1,1,0,0,0,0,1,1,1,1
"P099",1,1,0,1,1,1,1,1,0,0,1,1,0,1,1,1,0,1,1,0
"P100",0,1,0,0,0,0,0,0,0,0,0,0,0,1,0,0,0,0,1,0
"P101",1,1,0,1,0,1,1,1,0,0,1,0,0,1,0,1,0,1,0,1
"P102",0,0,0,1,1,1,1,0,0,0,1,1,0,1,0,1,0,1,1,0
"P103",0,1,0,1,1,0,1,0,1,0,1,0,0,1,0,0,0,1,0,0
"P104",1,1,1,0,1,1,1,1,1,1,1,1,0,1,1,1,1,1,1,1
"P105",0,1,0,0,1,0,1,1,0,0,0,0,0,0,0,0,1,0,1,0
"P106",1,1,0,1,1,1,1,0,1,0,0,0,0,1,0,0,1,1,0,1
"P107",1,1,0,0,1,1,1,1,1,1,1,0,0,1,0,1,1,1,1,0
"P108",0,1,0,0,0,0,1,1,1,0,0,0,0,0,0,0,0,0,0,0
"P109",1,1,0,0,1,1,1,1,1,1,1,1,0,1,0,1,0,1,1,1
"P110",1,1,1,0,1,0,1,0,0,0,1,0,0,1,1,0,0,1,1,0
"P111",0,1,0,0,0,1,1,1,1,0,1,0,1,1,0,0,0,1,0,1
"P112",0,1,0,0,1,1,1,1,1,1,1,1,1,1,0,1,1,1,0,0
"P113",0,1,0,1,1,0,0,0,1,0,1,0,0,1,0,1,0,1,0,0
"P114",1,1,0,1,1,0,1,0,1,0,1,1,1,1,0,1,1,1,1,0
"P115",0,1,0,0,0,0,1,0,1,0,1,1,0,1,0,1,0,1,0,0
"P116",0,1,0,0,1,1,1,0,1,0,0,0,0,1,0,0,0,1,0,0
"P117",1,1,0,0,1,0,1,0,0,0,1,0,0,1,0,0,0,1,1,0
"P118",0,1,0,1,1,1,1,1,0,0,0,0,0,1,0,1,0,0,0,0
"P119",0,0,0,0,1,0,0,1,1,0,1,0,0,1,0,0,0,0,0,1
"P120",1,1,0,0,1,0,0,0,0,0,1,1,1,1,0,1,1,1,1,0
"P121",1,0,0,0,1,1,1,1,0,0,1,0,0,1,0,0,0,0,0,0
"P122",0,1,0,1,1,1,1,1,1,1,1,1,1,1,0,1,0,1,0,1
"P123",1,1,0,1,1,1,1,1,1,1,1,0,1,1,1,1,0,1,1,0
"P124",1,0,0,0,1,0,1,0,0,1,1,0,1,1,0,0,0,0,0,1
"P125",0,1,0,0,1,0,1,1,0,0,1,0,0,1,0,0,0,0,0,0
"P126",1,1,0,0,1,1,1,1,1,1,1,0,0,1,0,1,0,1,0,0
"P127",0,1,0,1,1,1,1,0,0,0,1,0,0,1,0,0,0,1,1,0
"P128",0,0,0,0,1,0,1,0,0,0,1,0,1,0,0,1,0,1,1,0
"P129",1,1,0,0,1,0,1,0,0,0,1,1,0,1,0,0,1,1,0,0
"P130",0,1,0,0,1,0,1,1,1,0,1,0,1,1,0,1,0,1,1,0
"P131",1,1,0,0,1,0,0,0,0,0,0,1,1,1,0,0,0,1,0,0
"P132",1,1,0,1,1,0,1,0,1,0,1,0,0,1,0,0,0,0,1,0
"P133",0,0,0,0,0,0,0,0,0,0,1,0,0,0,0,0,0,0,0,0
"P134",0,1,0,0,1,1,1,1,1,0,1,1,0,0,0,0,1,1,1,1
"P135",1,1,0,0,1,1,1,0,0,0,1,0,0,1,1,0,0,1,0,0
"P136",1,0,0,0,1,1,1,0,0,0,1,1,1,0,0,0,1,1,0,0
"P137",1,1,0,1,1,0,0,0,1,0,1,0,0,0,1,1,0,1,1,0
"P138",1,1,0,1,1,1,1,1,1,1,1,1,1,1,1,1,1,1,1,1
"P139",1,1,0,0,1,0,1,0,0,0,0,0,0,0,0,0,0,0,1,0
"P140",1,1,0,0,1,0,1,0,1,0,1,0,1,1,0,1,0,0,1,0
"P141",1,1,0,1,1,1,1,0,0,0,1,1,1,1,0,1,0,1,0,0
"P142",1,1,0,0,1,1,1,0,1,0,1,1,1,1,0,0,1,1,1,1
"P143",1,1,0,0,1,0,1,0,1,1,1,1,1,0,0,1,1,0,0,0
"P144",1,1,0,0,1,1,1,0,1,0,1,1,1,1,1,1,1,1,1,0
"P145",0,1,0,0,1,0,1,0,0,0,1,0,1,1,0,0,0,0,0,1
"P146",1,1,0,1,1,0,1,1,0,0,1,1,1,1,0,1,1,0,1,1
"P147",1,1,0,1,1,1,1,0,0,0,1,1,0,1,0,0,0,1,1,0
"P148",0,1,0,1,1,0,1,0,0,0,0,0,1,1,0,0,0,1,0,0
"P149",1,1,0,0,1,1,1,1,1,0,0,1,1,1,0,0,0,0,0,0
"P150",1,1,0,0,0,0,1,1,1,0,1,1,0,1,0,1,0,1,1,0
"P151",1,1,1,1,1,1,1,0,1,0,1,1,0,1,0,1,0,1,0,0
"P152",1,1,0,1,1,1,1,1,1,0,1,0,0,0,0,0,1,1,1,0
"P153",1,1,0,0,1,1,1,1,1,0,1,0,1,1,0,0,1,1,1,1
"P154",1,1,0,0,1,1,1,0,1,0,1,1,1,1,0,1,1,1,1,1
"P155",1,1,0,0,1,1,1,1,1,0,1,1,1,1,1,0,0,1,1,0
"P156",1,1,0,0,1,0,1,0,0,0,1,0,0,1,0,0,1,1,1,0
"P157",0,1,0,0,1,0,1,0,1,0,0,1,1,1,0,1,1,1,1,1
"P158",1,1,0,0,1,0,0,0,0,0,0,0,0,1,0,0,0,0,0,0
"P159",1,1,0,1,1,0,1,1,0,0,1,1,1,1,0,1,1,1,1,0
"P160",0,1,0,0,1,0,0,1,0,0,0,0,0,1,0,0,0,0,0,0
"P161",1,1,0,1,0,0,1,0,1,0,1,1,1,0,0,1,0,1,1,1
"P162",1,1,1,0,1,1,1,1,1,1,1,1,0,1,0,1,0,1,1,0
"P163",1,1,1,1,1,1,1,0,0,0,1,0,1,0,1,1,1,1,0,1
"P164",1,0,0,1,1,1,1,1,1,1,1,1,1,1,0,0,1,1,1,1
"P165",0,1,0,0,0,0,1,0,0,0,1,0,0,0,0,1,1,1,0,0
"P166",1,1,0,0,1,0,0,0,1,0,1,0,0,1,0,0,0,0,0,0
"P167",1,1,0,1,1,0,1,0,0,1,1,0,1,1,0,0,0,0,0,0
"P168",1,1,0,0,1,0,1,1,1,0,1,1,1,0,0,1,0,1,0,0
"P169",0,0,0,0,0,0,0,0,0,0,0,0,0,0,0,1,0,0,0,0
"P170",1,1,0,0,0,0,0,0,0,0,1,0,0,0,0,0,1,0,1,0
"P171",1,1,0,1,1,0,1,1,0,0,1,0,1,1,0,0,0,0,1,0
"P172",0,1,0,0,0,1,1,1,1,0,1,1,1,1,0,1,1,1,0,0
"P173",1,1,0,1,1,1,1,1,1,0,1,0,0,1,0,1,0,1,0,0
"P174",1,1,0,1,0,0,1,0,1,0,0,1,0,1,0,0,0,0,0,0
"P175",1,1,0,0,1,1,1,0,1,0,1,1,1,1,0,1,1,1,0,1
"P176",0,1,0,0,1,0,1,0,1,0,0,0,0,0,0,0,1,1,1,0
"P177",1,1,0,0,1,1,1,0,1,0,1,1,1,1,1,1,0,1,1,0
"P178",0,0,0,1,1,1,1,1,0,0,1,0,0,1,0,0,0,1,1,0
"P179",0,1,0,1,1,1,1,0,0,0,1,0,0,1,0,0,0,0,0,0
"P180",1,1,0,1,1,1,1,0,1,0,1,0,1,1,0,1,0,1,0,1
"P181",1,1,0,1,1,1,1,1,0,0,1,1,1,1,0,1,0,1,1,1
"P182",0,0,0,0,1,0,0,0,0,0,1,0,0,0,0,0,0,1,0,0
"P183",0,1,0,0,0,1,0,0,0,0,0,0,0,0,0,1,1,0,0,0
"P184",1,1,0,1,1,0,1,0,1,0,1,1,1,1,0,1,0,0,1,1
"P185",1,1,0,1,1,0,1,1,0,0,1,0,1,1,0,0,0,1,1,0
"P186",0,0,0,0,0,0,0,0,0,0,0,0,1,0,0,0,0,0,0,0
"P187",1,0,0,1,1,1,0,0,0,0,1,0,1,1,0,0,0,0,0,0
"P188",1,1,0,0,0,0,0,0,0,0,0,0,0,0,0,0,1,0,0,1
"P189",0,1,0,0,1,1,1,0,1,0,1,0,1,1,0,1,1,0,0,0
"P190",0,0,0,0,0,0,0,0,0,0,1,0,0,0,0,0,1,1,0,1
"P191",0,1,0,0,1,0,1,1,0,0,1,0,1,1,0,0,1,1,0,0
"P192",1,0,0,0,1,1,1,1,1,0,1,0,0,1,0,1,1,1,0,0
"P193",1,0,0,0,1,0,0,1,0,0,1,1,0,0,0,0,0,1,0,0
"P194",0,0,0,0,0,0,0,0,0,0,0,0,0,0,0,0,0,0,0,0
"P195",1,1,0,0,1,0,1,0,1,0,1,1,0,1,1,0,0,1,1,0
"P196",1,1,0,1,1,1,1,0,1,1,1,0,1,1,0,1,1,1,1,1
"P197",1,1,0,0,0,0,1,1,1,1,1,1,1,1,1,1,0,1,1,0
"P198",1,1,0,0,1,0,0,1,0,0,1,1,1,1,0,0,1,0,0,1
"P199",0,1,0,1,1,0,1,1,0,0,1,1,1,1,0,0,0,1,1,0
"P200",1,0,0,0,0,1,0,0,1,0,1,0,0,1,0,1,0,1,1,0
"P201",0,0,0,0,1,0,1,0,0,0,1,0,1,0,0,0,0,0,0,0
"P202",0,1,0,0,0,1,1,0,0,1,1,1,1,1,0,0,1,1,0,0
"P203",1,1,0,1,1,0,1,1,1,0,0,1,1,1,0,0,1,1,1,1
"P204",0,1,0,0,1,1,1,1,0,0,1,1,0,1,0,0,0,0,1,0
"P205",1,1,0,0,0,0,0,0,0,0,1,0,0,0,0,0,0,0,0,0
"P206",1,0,0,0,0,0,0,0,0,0,0,0,0,0,0,0,0,1,1,0
"P207",1,1,0,0,0,0,0,0,0,0,1,0,0,0,0,0,0,0,0,0
"P208",1,1,0,0,1,0,1,0,1,0,1,1,0,0,0,0,1,1,0,1
"P209",0,0,0,0,0,0,1,0,1,0,0,1,0,0,0,0,1,1,1,0
"P210",0,1,0,1,0,0,1,0,0,1,1,0,0,1,0,0,0,0,1,0
"P211",1,1,0,0,1,1,1,1,1,1,1,1,1,1,1,0,0,1,0,0
"P212",1,1,1,0,1,1,1,1,1,0,1,0,1,1,1,1,1,1,1,1
"P213",0,0,0,0,0,0,1,0,1,0,1,0,1,0,0,1,0,0,0,0
"P214",1,0,0,0,0,0,0,0,1,0,1,1,1,1,0,0,0,0,1,0
"P215",1,1,0,0,1,0,0,0,1,0,1,1,0,1,0,0,0,0,1,1
"P216",1,0,0,0,1,0,1,1,0,0,1,0,0,0,1,0,0,0,0,0
"P217",1,1,0,0,1,0,0,0,1,0,1,1,0,1,0,1,0,1,0,0
"P218",1,0,0,0,1,1,0,0,0,0,0,0,0,0,0,0,0,0,1,0
"P219",0,1,0,0,1,0,1,0,1,0,0,0,0,0,0,1,0,0,1,1
"P220",0,0,0,0,1,0,1,1,0,0,1,0,0,1,0,0,0,0,0,0
"P221",1,1,0,1,1,1,1,1,1,0,1,0,0,1,0,0,1,0,1,0
"P222",0,0,0,0,1,0,1,1,0,0,0,0,0,1,0,1,0,0,0,0
"P223",0,0,1,1,0,0,1,0,1,0,1,1,0,1,0,1,1,1,1,1
"P224",1,1,0,1,1,0,1,1,0,1,0,1,1,0,0,1,0,1,1,1
"P225",0,0,0,0,1,1,1,0,0,0,1,1,1,1,0,1,0,0,0,1
"P226",0,1,0,0,1,1,1,0,0,0,0,0,0,1,0,1,1,0,0,0
"P227",1,1,0,0,1,0,1,1,1,0,1,0,1,1,0,0,0,1,1,1
"P228",1,1,0,1,1,1,0,1,1,0,1,1,1,1,1,0,1,1,1,1
"P229",0,1,0,0,1,0,1,0,1,0,1,0,1,1,0,0,0,1,1,1
"P230",0,1,0,0,1,0,1,0,1,0,1,0,1,1,1,1,1,1,1,1
"P231",1,1,0,0,1,1,1,1,0,0,0,0,0,1,0,1,0,1,1,1
"P232",1,1,0,1,1,0,1,0,1,0,1,1,0,1,1,1,0,1,1,1
"P233",1,1,0,0,1,0,1,1,1,1,0,1,1,1,1,1,1,1,1,0
"P234",0,0,0,0,0,0,0,0,0,1,1,0,0,0,0,0,0,0,0,0
"P235",0,1,0,0,1,1,1,0,1,0,1,0,0,1,0,1,0,1,1,0
"P236",0,0,0,1,1,0,1,1,0,0,1,0,0,1,0,0,1,0,1,0
"P237",1,0,0,0,1,0,0,0,0,0,0,1,1,1,0,0,1,1,0,0
"P238",0,0,0,0,0,0,1,0,0,0,1,0,0,1,0,1,0,1,0,1
"P239",1,1,0,1,1,0,1,0,1,0,1,0,0,1,1,0,0,1,1,1
"P240",1,1,0,0,0,0,1,1,1,0,1,0,1,1,1,0,0,1,1,1
"P241",1,1,1,1,1,0,1,0,1,0,1,1,1,1,0,0,1,1,0,1
"P242",1,1,0,0,1,0,0,0,0,0,1,1,1,1,0,1,0,0,1,0
"P243",0,1,0,0,1,0,0,0,1,0,1,1,0,1,0,0,0,1,0,0
"P244",1,1,0,0,1,0,1,1,0,0,1,0,1,1,0,1,1,1,1,1
"P245",1,0,0,0,1,0,1,0,1,0,1,0,0,0,1,0,1,1,0,1
"P246",1,0,0,0,0,0,1,0,0,0,0,1,0,0,0,0,0,0,1,0
"P247",1,1,1,0,0,1,1,1,1,0,1,1,1,1,0,1,0,1,1,0
"P248",1,1,0,0,1,0,1,1,1,0,1,1,0,1,0,1,1,1,1,1
"P249",0,0,0,0,1,0,0,0,0,0,1,0,0,0,0,0,1,0,0,0
"P250",1,1,0,0,1,0,1,1,1,0,1,0,0,0,0,1,0,0,0,0
"P251",0,0,0,0,0,0,0,0,0,0,0,0,1,0,0,0,0,1,0,0
"P252",0,0,0,0,0,0,0,0,0,0,0,0,1,0,0,0,0,0,0,0
"P253",0,1,0,0,1,1,1,0,1,0,0,0,0,1,0,0,1,1,0,1
"P254",1,1,0,1,1,1,1,0,1,0,1,1,1,1,1,1,1,0,0,0
"P255",1,1,0,0,0,0,1,0,1,0,1,1,0,0,0,1,0,1,0,0
"P256",1,0,0,0,1,0,0,0,0,0,0,0,0,0,0,0,0,0,1,0
"P257",1,1,0,0,1,1,0,0,0,0,1,1,1,1,0,1,0,1,0,1
"P258",0,1,0,0,1,0,1,0,0,0,1,0,1,1,0,1,0,1,1,0
"P259",0,1,0,0,1,0,0,0,0,0,1,0,1,0,0,0,0,1,1,0
"P260",1,0,0,0,1,1,1,0,1,0,0,0,1,0,0,1,0,1,1,0
"P261",0,1,0,0,1,1,1,1,1,0,1,1,1,1,0,1,0,1,1,1
"P262",1,1,1,0,0,1,1,1,1,0,1,0,0,0,1,0,1,0,0,0
"P263",1,1,0,0,1,1,1,0,1,0,1,0,0,1,0,1,0,0,1,1
"P264",0,0,0,0,1,0,0,1,1,0,1,0,0,1,0,0,0,1,0,0
"P265",1,1,0,0,1,1,1,0,1,0,1,0,1,1,0,1,0,0,0,0
"P266",1,0,0,0,1,0,1,1,0,0,0,0,0,0,0,0,0,1,0,0
"P267",0,1,0,0,0,1,1,1,1,0,1,1,0,1,0,1,1,0,1,0
"P268",1,0,0,0,0,0,0,0,0,0,0,0,1,0,0,0,0,0,0,0
"P269",1,1,0,0,1,0,1,1,1,0,1,1,0,1,0,1,0,1,0,0
"P270",0,0,0,0,0,0,1,0,0,0,0,0,0,1,0,0,0,0,0,0
"P271",1,1,0,0,1,1,1,0,1,0,1,0,1,1,0,1,1,1,0,0
"P272",1,1,0,0,0,0,0,0,0,0,1,0,1,1,0,0,0,1,0,0
"P273",1,0,0,1,1,0,1,1,0,0,1,0,0,1,0,1,0,0,1,0
"P274",1,1,0,1,1,0,1,1,1,0,1,1,1,1,1,1,0,1,1,0
"P275",1,0,0,1,1,0,1,0,0,1,1,1,0,0,0,0,1,0,0,0
"P276",0,1,0,1,1,1,1,0,1,0,1,1,1,1,1,1,0,1,1,0
"P277",1,0,0,0,1,0,0,0,0,0,0,1,1,1,0,0,0,1,1,0
"P278",0,0,0,1,1,0,1,0,1,0,1,0,0,1,0,0,0,1,1,0
"P279",1,1,0,0,0,0,1,1,1,0,0,0,0,1,0,0,1,0,1,0
"P280",1,1,0,1,1,1,1,1,1,0,1,1,1,1,0,0,0,1,0,0
"P281",1,1,0,0,1,0,1,0,0,0,1,1,1,0,0,1,0,1,1,1
"P282",1,1,0,0,1,1,1,0,1,0,1,0,1,1,0,0,0,0,0,0
"P283",0,0,0,0,1,0,1,1,0,0,1,0,0,0,0,0,0,0,1,0
"P284",1,1,0,0,1,1,1,1,1,0,0,1,1,1,0,1,0,1,1,1
"P285",1,1,0,0,0,0,1,1,0,0,1,1,0,1,0,0,1,1,0,0
"P286",1,0,0,0,1,0,0,0,0,0,0,0,0,1,0,1,0,1,0,0
"P287",0,1,0,0,1,0,1,0,1,0,1,0,0,1,0,1,0,1,1,0
"P288",1,0,0,0,1,1,1,1,0,0,1,1,1,1,0,1,0,1,0,0
"P289",1,1,0,0,1,0,1,0,0,0,1,1,1,1,0,0,0,1,0,0
"P290",1,0,0,0,0,0,0,0,0,0,1,0,0,1,0,0,0,1,0,0
"P291",1,1,0,0,1,1,1,1,1,0,1,0,0,1,0,0,1,0,1,0
"P292",0,1,0,0,0,0,1,0,0,0,0,0,0,0,0,0,0,0,0,0
"P293",0,1,0,1,1,0,1,0,1,0,1,1,1,1,0,1,1,1,0,0
"P294",0,1,0,0,1,1,0,0,1,0,1,0,0,1,1,1,0,1,0,1
"P295",0,1,0,0,0,0,1,0,0,0,1,0,0,1,0,1,1,1,0,0
"P296",0,1,0,0,1,1,0,0,0,0,1,1,1,1,1,0,0,1,0,0
"P297",1,1,0,0,1,0,1,1,1,0,1,0,1,1,0,1,0,1,1,0
"P298",1,1,0,0,1,0,1,1,0,0,1,0,1,1,0,1,0,0,1,0
"P299",1,0,0,0,0,0,1,0,1,1,0,0,0,1,0,0,0,0,0,0
"P300",1,1,0,1,0,1,1,0,1,0,1,0,1,1,0,0,0,0,0,0
"P301",1,1,0,1,1,0,1,1,1,0,1,1,1,1,0,0,1,1,1,1
"P302",1,1,0,0,1,1,1,0,1,0,1,1,0,1,0,1,0,1,0,0
"P303",0,0,0,1,0,0,1,1,0,0,1,0,1,0,0,0,1,0,0,0
"P304",1,0,0,0,1,0,1,0,0,0,1,0,1,1,0,1,0,0,1,0
"P305",1,1,0,0,1,1,1,0,0,0,1,1,0,1,1,1,0,1,1,1
"P306",1,1,1,1,1,1,1,1,0,1,0,1,1,1,1,1,1,1,1,1
"P307",0,1,0,0,1,1,1,1,1,0,1,1,0,1,0,1,0,1,0,0
"P308",1,0,0,0,1,0,0,0,0,0,1,0,0,1,1,0,1,1,0,0
"P309",1,1,0,0,1,1,1,0,0,0,1,0,0,1,0,0,0,0,0,0
"P310",1,1,0,0,1,0,1,0,1,0,1,1,0,1,0,1,0,0,0,1
"P311",1,1,0,0,1,0,1,1,1,1,1,1,1,1,0,1,0,0,1,0
"P312",0,0,0,1,1,0,0,0,0,0,0,0,0,0,0,0,0,0,1,0
"P313",1,1,0,0,1,1,0,0,0,0,1,0,1,1,0,1,0,0,1,0
"P314",1,0,0,0,0,1,0,0,0,0,1,0,0,0,1,0,1,1,0,0
"P315",1,1,0,0,1,0,1,1,1,0,1,0,1,0,1,0,1,1,1,0
"P316",0,1,0,0,1,1,1,1,0,0,1,0,0,1,0,0,0,0,0,0
"P317",1,1,0,1,0,0,1,1,1,0,1,0,0,0,0,1,0,0,1,0
"P318",0,1,0,1,1,1,1,0,1,0,1,1,1,0,1,0,1,1,1,0
"P319",1,1,0,0,0,1,1,1,1,0,1,1,1,1,0,1,1,0,1,1
"P320",0,1,0,0,1,0,1,0,1,0,1,1,0,0,0,1,0,1,1,0
"P321",1,1,0,1,1,1,0,1,1,1,1,1,1,1,0,0,0,1,0,0
"P322",1,1,0,0,1,0,1,0,0,0,1,1,0,0,0,1,0,0,0,0
"P323",0,1,0,0,1,1,0,1,0,0,0,0,0,1,0,0,0,0,0,0
"P324",0,1,0,0,1,0,1,1,1,0,1,0,1,1,0,0,1,1,1,0
"P325",0,1,0,0,1,0,1,1,1,0,1,0,0,1,0,0,0,1,0,0
"P326",0,0,0,0,0,0,0,0,0,0,0,0,1,0,0,1,1,0,0,1
"P327",1,1,0,0,0,0,1,1,0,0,1,0,0,1,0,1,0,0,0,0
"P328",0,1,0,0,0,1,1,0,0,0,0,0,1,0,0,0,0,0,0,0
"P329",1,0,0,1,1,0,1,0,1,0,1,1,0,1,1,1,1,1,1,1
"P330",1,1,0,1,1,1,1,0,1,1,1,0,1,1,0,1,1,0,0,0
"P331",1,1,0,1,1,1,1,0,1,0,1,0,0,1,1,1,0,1,0,1
"P332",1,1,0,1,1,0,1,1,0,1,1,0,0,1,0,1,1,1,0,0
"P333",1,1,0,0,1,1,1,1,1,0,1,1,1,1,0,0,1,1,1,1
"P334",0,1,0,0,1,1,1,1,1,1,1,0,0,0,0,1,1,1,0,1
"P335",1,1,0,1,1,1,1,1,0,0,1,1,1,1,1,0,0,1,1,0
"P336",1,1,0,1,1,0,0,0,0,0,1,0,1,1,0,1,0,0,1,0
"P337",1,0,0,1,1,0,0,0,1,0,1,0,1,1,0,0,0,1,1,0
"P338",1,0,0,0,0,0,0,0,0,0,0,0,1,1,0,0,0,0,1,0
"P339",0,1,1,0,0,1,1,0,1,1,1,1,1,1,0,1,1,1,1,1
"P340",0,1,0,0,1,1,1,0,1,0,1,0,0,1,0,0,0,1,1,1
"P341",1,0,0,0,1,0,1,0,0,0,1,0,1,0,0,1,0,0,0,0
"P342",0,0,0,0,1,1,1,0,0,0,1,1,1,1,0,1,0,0,1,0
"P343",1,1,0,0,0,1,1,0,0,0,1,1,1,1,0,1,0,0,0,0
"P344",1,1,0,0,1,0,1,1,1,1,1,1,1,1,0,1,1,1,1,1
"P345",1,1,0,1,1,0,0,0,0,1,1,0,0,1,0,0,0,1,0,0
"P346",0,0,0,0,1,0,0,0,0,0,1,0,0,0,0,0,0,0,1,0
"P347",1,1,0,0,1,1,0,0,1,1,1,0,1,1,0,0,1,0,1,0
"P348",1,0,0,0,1,0,1,0,1,0,1,0,0,1,0,1,0,1,1,0
"P349",0,1,0,1,0,1,1,0,1,0,0,1,0,1,0,0,0,0,0,0
"P350",0,0,0,0,1,1,0,0,0,0,1,1,0,0,0,0,0,1,0,1
"P351",1,1,0,0,1,0,1,0,1,1,1,0,1,1,0,1,1,1,0,0
"P352",1,1,0,0,1,1,1,1,1,1,1,1,1,1,1,1,1,1,1,1
"P353",1,1,0,0,1,0,1,1,1,0,1,0,0,1,0,1,0,0,1,1
"P354",0,1,0,0,1,0,1,0,1,0,1,0,0,1,0,1,1,1,0,0
"P355",1,1,0,0,1,1,1,1,1,0,1,1,0,1,0,0,1,1,1,1
"P356",1,1,0,0,1,1,1,1,1,0,1,1,0,1,0,1,1,1,0,0
"P357",1,1,0,1,1,0,1,1,1,0,1,0,1,1,0,1,1,1,1,0
"P358",0,0,0,0,1,0,1,0,1,0,1,1,1,0,0,0,0,1,1,1
"P359",0,1,0,0,1,1,1,0,1,0,1,0,0,1,0,0,1,0,0,1
"P360",0,1,0,1,0,1,0,0,1,0,1,0,1,1,0,1,1,1,1,1
"P361",1,1,1,0,1,0,1,1,1,1,1,1,0,1,1,1,1,1,1,1
"P362",1,0,0,0,1,1,1,0,0,0,0,1,0,1,0,0,0,0,1,0
"P363",0,1,0,0,1,0,1,0,1,0,1,0,1,1,0,0,1,1,1,0
"P364",1,1,0,0,1,0,1,1,1,0,1,0,1,0,0,1,0,1,0,0
"P365",1,0,0,0,1,1,1,1,1,0,1,1,0,1,1,1,0,1,0,0
"P366",1,1,0,0,1,0,1,0,1,0,1,0,0,1,0,1,0,1,1,1
"P367",0,1,0,1,1,0,0,0,1,0,0,0,1,1,0,0,0,1,0,0
"P368",0,1,0,0,1,0,1,1,1,0,1,0,1,1,1,1,0,1,1,0
"P369",0,1,0,0,1,0,1,1,1,0,1,1,0,1,0,1,1,1,1,1
"P370",0,0,0,0,0,1,0,0,1,1,1,1,1,1,0,0,0,1,0,0
"P371",0,1,0,0,1,0,1,1,0,0,1,1,1,1,0,0,0,1,1,0
"P372",1,1,0,1,0,0,1,1,0,0,1,1,0,1,0,0,1,1,1,1
"P373",0,1,0,0,1,0,1,1,1,1,1,0,1,1,0,1,1,1,0,1
"P374",0,1,0,0,1,1,1,0,0,0,1,0,0,1,0,1,0,1,1,0
"P375",0,0,0,0,1,1,1,1,1,0,1,1,0,1,0,0,0,1,1,0
"P376",0,1,0,0,1,1,0,0,0,0,1,0,0,1,0,1,0,1,0,0
"P377",0,0,0,0,0,0,1,0,0,0,1,0,0,1,0,0,0,1,0,0
"P378",1,1,0,1,1,1,1,1,1,0,1,0,1,0,0,0,0,1,0,1
"P379",1,0,0,0,0,0,0,0,0,0,0,0,0,0,0,0,1,0,0,0
"P380",0,1,0,0,1,1,1,1,1,0,1,0,1,0,0,0,0,1,0,1
"P381",0,0,0,1,1,1,1,0,0,0,1,0,0,0,0,0,0,0,0,0
"P382",0,1,1,0,1,0,1,1,1,1,1,1,1,1,1,1,0,1,0,1
"P383",0,1,0,1,1,1,1,1,1,0,1,0,1,1,0,0,0,1,0,1
"P384",0,1,0,0,1,0,1,0,0,0,1,0,0,1,0,0,0,1,0,0
"P385",1,0,0,0,0,1,1,0,0,0,0,0,0,1,0,0,0,0,0,0
"P386",0,1,0,0,0,1,0,1,0,0,0,0,1,1,0,0,0,1,0,0
"P387",0,0,0,1,1,1,1,1,1,1,1,1,1,1,1,1,1,1,0,1
"P388",1,1,0,0,1,1,1,1,1,0,1,1,1,1,0,1,1,1,1,1
"P389",1,1,1,1,1,1,1,0,1,1,1,1,1,1,1,1,1,1,1,1
"P390",1,1,0,0,0,0,1,0,1,0,1,1,0,1,0,0,1,1,0,1
"P391",0,1,0,1,1,1,1,0,0,1,1,1,1,1,1,1,1,1,0,1
"P392",0,0,0,0,0,0,0,0,0,0,1,0,0,0,0,0,0,0,1,0
"P393",0,0,0,0,1,1,0,0,0,0,0,0,0,0,0,0,0,0,0,0
"P394",0,0,0,0,1,0,0,1,0,0,0,0,1,1,0,0,0,0,0,0
"P395",0,1,0,1,1,1,1,1,1,0,1,1,1,1,1,1,1,0,1,1
"P396",0,1,0,0,0,1,1,1,0,0,1,0,0,0,0,0,0,0,1,0
"P397",1,1,0,1,1,0,1,1,1,0,1,1,1,1,1,0,1,1,1,0
"P398",1,1,1,0,0,1,1,1,1,0,1,0,1,1,0,0,1,1,0,0
"P399",0,0,0,0,1,0,0,1,0,0,1,0,1,0,0,0,0,1,0,0
"P400",0,0,0,1,0,0,1,0,0,0,1,0,0,0,0,0,0,0,0,0
"P401",1,0,0,0,1,0,1,0,0,1,0,0,0,1,0,0,0,0,0,0
"P402",1,1,0,0,1,1,1,1,1,1,1,1,1,0,1,1,0,1,1,0
"P403",1,0,0,0,1,1,1,0,1,0,1,0,1,1,0,0,1,0,1,0
"P404",0,0,0,1,1,1,0,0,1,0,1,1,0,1,1,0,0,1,1,1
"P405",0,1,0,0,1,0,1,1,1,0,1,1,1,1,1,1,1,1,1,1
"P406",0,1,0,1,1,0,1,0,0,0,1,0,0,1,0,1,0,1,0,0
"P407",0,0,0,0,1,0,0,0,0,0,0,0,0,1,0,0,0,0,0,0
"P408",0,1,0,0,0,1,1,1,1,1,1,1,1,1,0,1,0,1,1,0
"P409",1,1,0,0,1,0,0,0,1,0,1,0,0,0,0,0,0,0,0,0
"P410",1,1,0,0,1,0,1,0,0,1,1,0,0,1,0,1,0,0,1,0
"P411",1,1,0,1,0,0,1,0,0,0,1,0,0,0,0,0,0,1,0,0
"P412",0,1,0,0,1,0,1,0,1,0,0,0,0,1,0,0,1,1,0,1
"P413",0,0,0,0,0,0,0,1,0,1,1,0,0,0,0,1,0,0,0,0
"P414",1,1,0,1,1,0,1,0,1,1,1,1,1,1,0,1,0,1,0,1
"P415",0,1,0,0,1,0,1,0,1,0,1,0,1,0,0,0,0,1,1,0
"P416",0,0,0,0,1,1,1,1,0,0,1,1,0,1,0,1,1,0,0,0
"P417",0,1,0,0,1,0,1,1,1,0,0,1,0,0,0,0,0,0,0,0
"P418",1,1,0,0,1,1,1,0,1,0,1,0,0,1,1,1,0,1,1,0
"P419",0,1,0,0,1,0,1,0,0,0,1,0,0,0,0,0,0,0,0,0
"P420",1,1,0,0,1,0,1,0,1,0,1,0,1,1,0,0,1,0,0,0
"P421",1,0,0,0,1,0,1,0,1,0,1,0,0,1,0,0,0,1,0,0
"P422",0,1,0,0,1,0,1,0,1,0,1,1,1,1,0,0,1,1,1,1
"P423",1,0,0,0,0,1,0,0,0,0,0,0,0,1,0,0,0,0,0,0
"P424",1,1,0,0,1,1,1,0,1,0,1,1,0,0,0,1,1,0,1,0
"P425",1,0,0,0,1,1,1,1,0,0,0,0,0,1,0,0,0,1,0,0
"P426",0,0,0,0,1,1,1,1,1,0,1,1,1,0,0,1,0,0,1,0
"P427",1,0,0,0,1,0,1,1,0,1,1,0,0,1,0,0,1,0,0,0
"P428",0,1,0,0,1,1,1,0,1,0,1,0,0,1,0,0,0,0,0,0
"P429",0,1,0,1,1,0,1,0,1,0,1,1,0,0,0,0,0,1,1,1
"P430",0,0,0,0,1,1,0,1,1,0,1,0,0,0,0,1,1,1,0,0
"P431",0,1,0,0,1,0,0,0,0,0,1,1,0,1,0,0,0,1,1,0
"P432",0,0,0,0,0,0,0,0,0,0,1,0,0,1,0,0,0,1,0,0
"P433",1,0,1,1,1,1,1,1,0,0,1,0,0,1,0,0,1,0,0,1
"P434",0,1,0,0,1,0,0,1,0,0,0,0,0,1,0,0,0,0,0,0
"P435",0,0,0,0,0,0,1,0,1,0,0,0,0,0,0,0,1,0,1,0
"P436",0,1,0,0,1,1,0,1,1,0,1,1,1,1,0,0,0,1,0,1
"P437",1,1,0,0,0,0,1,0,0,1,0,1,1,1,1,1,1,0,0,0
"P438",0,1,0,0,0,0,1,0,1,0,1,0,0,0,0,0,1,1,0,0
"P439",1,0,0,1,1,1,1,1,1,0,1,1,0,1,0,0,1,1,1,1
"P440",1,1,0,1,1,1,1,0,1,0,1,1,1,1,1,0,1,1,1,0
"P441",1,1,0,1,0,0,1,0,1,0,1,0,0,1,0,0,1,0,1,0
"P442",0,1,0,0,0,0,1,0,0,0,0,0,0,1,0,0,0,0,0,0
"P443",1,1,0,0,1,1,1,0,1,0,1,0,1,0,0,0,0,1,1,0
"P444",0,1,0,0,1,0,0,0,0,0,0,0,0,0,0,0,0,0,0,0
"P445",0,0,0,0,1,0,0,1,0,0,1,0,0,1,0,1,0,1,1,0
"P446",0,0,0,0,1,0,1,1,0,0,1,0,0,0,0,0,0,0,0,0
"P447",0,1,0,1,1,0,0,0,0,0,1,0,0,1,0,1,1,1,0,0
"P448",1,1,0,1,0,1,1,0,0,1,1,1,0,1,0,1,1,1,0,0
"P449",1,1,0,1,1,0,1,1,1,0,1,1,1,1,0,1,1,1,1,0
"P450",1,0,0,1,1,0,1,1,1,1,1,1,1,1,1,0,1,1,1,1
"P451",1,1,1,0,1,1,1,1,1,1,1,0,1,1,0,0,0,1,1,1
"P452",1,1,0,0,1,0,1,0,1,0,0,0,1,0,0,0,0,1,0,0
"P453",1,1,0,0,1,1,1,1,1,0,1,1,1,1,1,1,0,1,0,0
"P454",1,0,0,0,1,0,1,0,1,0,1,0,1,1,0,1,0,1,0,1
"P455",0,0,0,0,1,0,1,0,0,0,0,0,0,0,0,0,0,0,1,0
"P456",0,0,0,0,0,0,0,0,0,0,1,0,0,0,0,0,0,0,0,0
"P457",0,0,0,0,1,0,0,0,0,0,0,0,0,0,0,1,0,0,0,0
"P458",0,1,0,1,1,0,0,0,0,0,1,0,1,1,0,0,1,1,0,1
"P459",1,0,0,1,0,1,1,0,1,0,1,1,0,1,0,1,0,0,1,0
"P460",1,1,0,1,1,1,1,0,0,0,1,1,0,1,1,0,0,1,1,0
"P461",0,1,0,0,1,0,1,0,0,0,1,0,0,0,0,0,0,0,1,0
"P462",0,1,0,0,0,1,1,0,1,0,1,1,1,1,0,1,0,0,1,0
"P463",1,1,0,0,1,1,1,1,1,0,1,0,1,0,0,1,1,1,0,1
"P464",1,1,0,0,1,0,0,0,0,0,1,1,0,1,0,0,0,1,0,0
"P465",1,0,0,0,1,1,1,0,1,0,1,1,1,1,1,0,0,1,0,0
"P466",1,1,0,1,0,1,1,0,1,1,1,1,0,1,0,0,1,1,0,0
"P467",1,0,1,1,0,1,1,0,1,1,1,0,1,0,1,1,1,1,1,0
"P468",0,1,0,1,1,1,1,0,1,0,1,0,0,1,0,0,1,1,1,0
"P469",1,1,0,1,1,0,1,1,0,0,0,1,1,1,0,1,0,1,0,0
"P470",0,1,0,0,1,1,0,0,1,1,1,1,0,1,0,1,1,1,1,0
"P471",0,0,0,0,1,0,1,1,0,0,1,0,1,1,0,0,0,0,0,0
"P472",0,0,0,0,0,1,1,0,0,0,1,0,0,0,0,0,0,0,0,0
"P473",1,1,0,1,1,0,1,0,1,1,1,1,1,1,0,1,1,1,1,0
"P474",0,0,0,0,1,0,1,0,0,0,1,0,0,1,0,1,0,0,0,0
"P475",0,1,0,1,1,1,1,0,1,0,1,1,1,1,1,1,1,1,0,0
"P476",1,1,0,0,1,0,1,0,0,0,0,0,0,0,0,0,1,0,0,0
"P477",0,0,0,0,1,0,1,0,0,0,1,0,0,0,0,0,0,0,1,0
"P478",0,1,0,0,1,1,1,0,0,0,1,0,0,0,0,0,0,1,0,0
"P479",0,1,0,0,1,0,1,1,1,0,1,1,0,1,1,1,0,1,1,1
"P480",0,1,0,0,1,0,0,0,1,1,1,0,0,0,0,0,0,0,0,0
"P481",1,1,0,0,0,0,1,1,1,0,1,0,0,1,0,1,0,0,0,0
"P482",1,1,0,0,1,0,1,1,1,0,1,1,1,1,1,0,0,1,1,0
"P483",1,1,0,0,1,0,0,0,0,0,1,0,1,1,0,1,1,1,0,1
"P484",1,1,0,0,1,1,1,1,1,0,1,0,0,1,1,1,1,1,1,0
"P485",0,0,0,0,0,0,0,0,0,0,1,0,0,1,0,0,0,0,0,0
"P486",0,1,0,0,1,0,0,0,0,0,1,1,0,1,0,0,0,0,0,0
"P487",1,1,1,1,1,1,1,1,1,1,1,1,1,1,1,1,0,1,1,1
"P488",1,0,0,0,1,0,0,0,0,0,0,0,0,1,0,0,0,0,0,0
"P489",1,1,0,0,1,1,1,1,1,1,1,0,0,1,1,0,0,1,1,0
"P490",1,0,0,0,0,0,0,0,0,0,1,0,0,1,0,0,0,0,0,0
"P491",0,1,0,0,1,0,0,0,0,0,0,0,0,1,0,0,0,0,0,0
"P492",1,1,0,0,1,0,1,1,0,0,1,0,0,1,0,0,0,1,1,1
"P493",1,0,0,1,1,1,1,0,1,1,0,0,1,1,0,0,0,0,0,1
"P494",1,1,0,0,1,1,0,0,1,1,1,0,1,0,0,1,0,1,1,1
"P495",0,1,0,0,0,0,0,0,0,0,0,0,0,1,0,0,0,1,0,0
"P496",0,1,0,0,1,0,1,1,0,1,1,0,0,1,0,1,0,1,0,0
"P497",1,1,1,0,1,0,0,0,0,0,1,1,0,0,0,0,1,1,0,0
"P498",1,0,0,1,1,1,1,0,0,0,1,1,1,1,0,0,1,0,1,0
"P499",0,1,0,0,1,1,1,0,1,0,1,0,1,1,1,0,0,1,1,0
"P500",0,1,0,0,1,1,0,1,1,1,1,0,0,0,1,1,0,1,0,0
"P501",0,0,0,1,1,0,1,0,0,0,1,1,0,1,0,1,0,0,1,0
"P502",1,1,0,1,1,0,1,0,1,0,0,0,0,1,0,1,0,1,1,0
"P503",0,0,0,0,1,0,1,0,1,0,1,0,0,0,0,1,0,0,0,0
"P504",1,1,0,0,1,1,0,0,0,0,1,0,1,1,0,1,1,1,1,1
"P505",1,1,0,0,1,0,1,1,1,1,1,1,1,1,1,1,1,1,1,1
"P506",1,1,0,0,0,0,1,0,1,0,1,0,0,1,0,0,0,1,1,0
"P507",0,1,0,0,1,0,0,1,0,0,1,1,1,0,0,1,0,1,1,0
"P508",1,1,1,1,1,0,1,1,1,0,1,1,1,1,0,1,1,1,0,0
"P509",1,0,0,0,0,1,0,0,0,0,1,0,0,1,0,1,1,1,0,0
"P510",1,0,0,1,1,1,1,1,1,0,1,1,1,1,0,0,0,0,0,0
"P511",1,1,0,1,1,1,1,0,1,0,1,1,0,1,0,1,1,1,1,1
"P512",1,1,0,0,0,1,0,0,1,0,0,1,0,1,0,0,0,0,0,0
"P513",0,1,0,1,1,0,1,0,1,0,1,0,0,1,0,0,1,1,0,0
"P514",0,0,0,0,1,0,1,0,0,0,1,0,0,1,0,0,0,0,1,0
"P515",0,1,0,0,1,0,1,0,1,0,1,1,0,0,0,1,0,1,1,1
"P516",1,1,0,0,1,0,1,0,1,0,1,0,1,1,0,1,0,1,0,0
"P517",0,0,0,0,1,0,0,0,0,0,0,0,1,0,0,0,0,1,0,0
"P518",1,0,0,0,1,0,1,1,1,0,1,1,1,1,1,1,0,1,0,0
"P519",0,1,0,0,1,0,1,0,1,0,1,1,1,1,0,1,0,1,1,0
"P520",1,1,0,1,1,1,1,1,1,1,1,1,1,1,0,1,0,1,1,1
"P521",0,0,0,0,1,0,0,0,0,0,1,0,0,0,0,0,0,0,0,0
"P522",0,1,0,0,1,0,0,0,1,0,1,0,0,1,0,0,1,1,1,0
"P523",1,1,0,1,1,0,1,0,0,0,1,0,0,1,0,0,0,1,1,1
"P524",1,1,0,1,1,1,1,1,1,0,1,1,1,1,0,1,0,1,1,0
"P525",0,0,0,1,1,0,1,0,0,0,1,1,1,1,0,0,1,0,0,0
"P526",1,1,0,1,1,1,1,1,1,1,1,1,1,1,1,1,1,1,0,1
"P527",1,0,0,0,1,1,1,1,1,0,1,1,1,1,0,0,0,1,1,1
"P528",1,1,0,1,1,0,1,1,1,0,1,1,1,1,0,1,1,0,1,0
"P529",0,1,0,0,1,1,1,0,0,0,1,1,1,1,0,1,0,1,1,0
"P530",1,1,0,0,1,0,1,0,1,0,1,0,1,1,0,1,1,1,0,1
"P531",1,0,0,1,0,0,0,0,0,0,1,0,0,1,0,1,0,0,1,0
"P532",0,0,0,0,0,1,1,0,1,0,0,0,0,1,0,0,0,0,0,0
"P533",0,0,0,0,0,0,0,0,0,0,0,0,1,0,0,0,0,1,0,0
"P534",0,1,0,1,1,0,0,0,0,0,1,0,0,0,0,0,0,0,0,0
"P535",0,0,0,1,1,1,0,0,0,0,0,0,0,1,0,0,0,1,0,0
"P536",0,0,0,1,1,1,1,0,0,0,1,0,1,0,1,0,0,1,0,0
"P537",1,0,0,1,0,1,1,0,1,1,1,0,0,1,0,0,0,1,0,0
"P538",1,1,0,0,0,0,1,0,0,0,1,0,0,1,0,1,0,0,0,0
"P539",0,1,0,0,1,0,1,0,0,0,0,0,0,0,0,0,0,0,1,0
"P540",0,1,0,0,1,1,1,0,1,0,1,0,0,1,1,1,0,0,1,0
"P541",0,1,0,0,0,0,0,0,0,0,1,0,1,0,0,1,0,0,1,0
"P542",1,1,0,0,1,0,1,1,1,0,1,0,1,1,0,0,0,1,0,1
"P543",0,0,0,0,1,1,1,1,0,0,1,1,1,1,0,0,1,1,1,0
"P544",0,0,0,0,1,1,1,1,0,0,1,0,0,0,0,0,0,1,0,0
"P545",1,1,0,0,1,1,0,1,1,0,1,0,0,1,0,0,1,1,1,1
"P546",1,0,0,0,0,0,1,0,1,0,1,1,1,1,0,1,0,0,0,0
"P547",1,1,0,0,1,1,1,1,0,0,1,0,1,1,0,1,1,1,1,0
"P548",0,0,0,0,1,1,0,1,0,0,0,0,0,0,0,0,0,0,0,0
"P549",0,1,0,0,1,1,1,0,1,0,1,0,1,1,0,0,1,1,0,1
"P550",1,0,0,1,1,0,1,0,0,0,1,1,0,1,0,1,0,1,1,0
"P551",1,1,0,0,1,0,0,0,0,0,1,0,0,0,0,0,0,1,0,1
"P552",1,1,0,1,1,1,1,0,0,0,1,0,1,1,1,1,1,1,0,0
"P553",0,0,0,0,1,0,1,0,0,0,0,0,1,1,0,0,0,1,0,0
"P554",0,1,0,1,1,0,1,0,1,0,1,1,1,1,0,0,1,1,1,0
"P555",0,1,0,1,1,0,0,1,1,0,1,1,1,1,1,0,0,1,1,0
"P556",1,1,0,1,1,0,1,1,1,0,0,0,1,0,0,1,0,0,1,1
"P557",0,0,0,0,1,0,1,0,0,0,0,0,0,1,0,0,0,0,0,0
"P558",1,1,0,0,0,1,1,0,0,0,1,0,0,0,0,0,0,0,0,0
"P559",0,0,0,0,1,1,0,1,0,0,1,1,1,1,0,1,1,1,1,0
"P560",0,0,0,0,1,0,1,0,1,0,1,0,1,1,0,0,0,0,1,1
"P561",1,1,1,0,1,1,1,1,1,1,1,1,1,1,1,1,0,1,1,1
"P562",0,0,0,0,1,0,1,1,0,0,0,0,0,1,0,1,1,1,0,0
"P563",0,0,0,0,1,0,1,0,1,0,0,0,0,0,0,0,0,0,1,0
"P564",0,1,0,1,1,0,1,0,0,0,1,0,0,1,1,0,0,0,1,0
"P565",1,1,0,1,1,0,1,1,1,0,1,1,1,1,1,1,1,1,1,1
"P566",1,1,0,1,1,1,1,0,0,0,1,0,0,1,0,0,0,1,1,0
"P567",0,1,0,1,0,0,1,1,0,0,1,0,1,0,0,1,0,0,0,0
"P568",0,1,0,0,1,0,1,1,1,0,1,0,1,1,0,1,0,0,1,1
"P569",1,0,0,1,1,0,1,1,0,0,1,0,1,1,0,1,0,1,0,0
"P570",0,0,0,0,0,0,0,0,0,0,0,0,0,1,0,0,1,1,0,1
"P571",1,1,0,1,1,0,1,1,1,0,1,1,1,1,0,1,0,1,1,1
"P572",1,1,1,0,1,0,0,1,1,0,0,0,1,1,0,1,0,0,1,0
"P573",0,0,0,0,1,0,1,1,0,0,1,0,0,1,0,0,1,0,1,0
"P574",0,0,0,0,1,0,1,0,1,0,1,0,0,1,0,1,0,1,0,1
"P575",0,1,0,0,1,0,1,0,1,0,1,0,1,1,0,1,0,1,1,0
"P576",0,1,0,0,1,1,1,0,1,0,1,0,0,1,0,1,0,1,0,0
"P577",0,1,0,0,1,0,0,0,0,0,1,0,0,0,0,0,0,0,0,0
"P578",1,1,0,1,1,0,1,1,1,0,1,1,1,1,0,1,1,1,1,0
"P579",0,1,1,1,1,1,1,0,1,1,1,1,1,1,1,1,0,1,1,0
"P580",1,1,0,0,1,1,0,0,1,0,1,1,1,1,0,1,1,0,1,0
"P581",0,1,0,1,0,1,1,0,0,1,1,0,1,1,0,1,1,0,1,0
"P582",1,1,0,0,1,1,1,0,0,0,1,1,0,1,0,0,1,0,0,0
"P583",1,1,0,1,1,0,1,0,1,0,1,1,1,1,0,1,1,0,0,0
"P584",1,1,0,1,1,0,1,1,1,1,1,1,0,1,0,1,0,1,0,1
"P585",0,1,0,0,1,0,1,0,0,0,1,1,0,1,0,1,0,1,1,0
"P586",0,1,0,1,1,1,1,1,1,0,1,0,0,1,0,1,1,1,1,0
"P587",1,1,0,0,1,0,1,1,1,0,1,1,0,1,1,0,0,0,1,0
"P588",1,1,0,0,1,1,1,1,1,1,1,1,0,1,1,0,0,1,0,0
"P589",0,1,0,0,1,0,1,0,1,0,1,0,0,0,0,1,0,0,0,0
"P590",0,0,0,0,0,0,1,0,0,0,1,0,0,1,0,0,0,0,0,0
"P591",0,1,0,0,0,1,1,0,1,0,1,0,0,0,0,1,0,1,0,0
"P592",0,0,0,0,0,0,0,0,0,0,0,0,0,1,0,0,0,1,0,0
"P593",1,1,0,0,1,1,1,0,0,0,1,0,0,1,0,1,1,1,0,0
"P594",0,1,0,1,0,1,1,0,1,0,1,0,1,1,0,1,0,0,0,0
"P595",1,0,1,1,1,1,1,1,1,0,1,0,1,1,0,1,0,1,1,1
"P596",1,1,0,1,1,1,1,0,1,0,1,1,1,1,0,0,0,1,1,0
"P597",1,0,0,0,0,0,0,0,0,1,0,0,0,0,0,0,0,0,0,0
"P598",0,1,0,1,1,0,1,0,1,0,1,1,0,1,0,0,0,1,0,1
"P599",1,1,0,0,1,0,1,0,1,0,0,1,1,1,0,0,0,1,1,1
"P600",1,1,0,0,1,0,1,1,0,0,0,0,1,1,1,1,1,1,1,1
"P601",0,1,0,0,1,1,0,0,0,0,0,0,0,1,0,0,1,1,0,1
"P602",0,0,0,0,0,1,0,1,0,0,1,0,0,1,0,0,0,1,1,0
"P603",0,1,0,0,1,1,1,0,1,0,1,1,0,1,0,1,1,0,0,0
"P604",0,1,0,0,1,0,0,0,0,0,0,1,0,1,0,1,0,1,0,1
"P605",1,1,0,0,0,1,1,1,1,0,1,0,1,1,0,1,1,1,0,0
"P606",1,1,0,0,1,1,1,0,0,0,0,0,1,1,0,0,0,0,0,0
"P607",0,1,0,0,1,0,1,1,0,0,1,0,0,1,0,1,0,1,1,0
"P608",1,1,0,0,1,0,0,0,0,0,1,0,0,0,0,0,1,1,0,0
"P609",0,0,0,1,1,1,1,0,0,1,1,0,0,1,0,1,1,1,0,1
"P610",0,1,1,1,0,0,1,0,0,1,1,0,0,1,0,0,1,0,1,1
"P611",1,1,0,1,1,0,1,1,1,1,1,1,1,1,1,0,1,1,1,1
"P612",0,0,0,0,0,0,0,0,0,0,0,0,1,0,0,0,0,0,0,0
"P613",0,1,0,1,1,0,1,1,1,1,1,0,1,1,1,0,0,1,0,1
"P614",1,1,0,0,1,1,1,1,0,0,1,1,1,1,0,0,1,1,0,0
"P615",1,1,0,0,1,1,1,0,0,0,1,0,0,1,0,0,0,0,0,0
"P616",1,1,0,0,1,0,1,0,0,0,0,0,1,1,0,0,0,0,1,0
"P617",0,1,0,0,1,0,1,0,1,0,0,0,0,0,0,0,1,1,0,0
"P618",1,0,0,0,0,1,0,0,0,0,1,0,0,1,0,1,0,0,0,0
"P619",1,0,0,0,1,0,0,0,0,0,0,0,0,0,0,0,1,0,1,0
"P620",0,1,0,0,0,1,1,0,0,0,0,0,0,0,0,0,0,0,0,0
"P621",1,1,0,0,1,0,0,0,1,0,0,0,0,1,0,1,0,0,0,0
"P622",1,1,0,0,1,1,1,1,1,1,1,1,1,1,0,1,0,1,1,0
"P623",1,1,0,1,1,0,1,1,1,0,1,1,0,1,0,1,1,1,1,1
"P624",0,1,0,0,1,0,1,0,0,0,0,1,0,1,1,1,0,0,1,0
"P625",0,0,0,1,1,1,0,1,0,0,1,0,0,1,0,0,1,1,1,0
"P626",0,0,0,0,1,1,0,0,0,0,1,0,0,0,0,0,1,0,0,0
"P627",1,1,0,0,1,1,1,1,1,1,1,1,1,1,0,1,1,1,1,1
"P628",0,1,0,0,1,0,0,1,1,0,1,0,1,0,0,0,0,0,0,1
"P629",0,1,0,1,1,0,1,0,0,0,1,0,0,1,0,0,1,0,0,1
"P630",0,1,0,1,1,1,0,0,1,0,1,0,0,1,0,0,0,1,1,0
"P631",0,1,0,1,0,0,0,0,0,0,1,0,1,0,0,0,0,0,0,0
"P632",0,1,0,0,0,0,0,0,1,0,1,0,0,1,0,0,0,0,1,0
"P633",0,1,0,0,0,0,0,1,0,0,0,0,0,1,0,0,0,0,0,0
"P634",1,1,1,0,0,0,1,1,1,0,1,0,1,1,0,1,1,1,1,1
"P635",0,1,0,0,1,1,0,1,1,0,1,0,0,0,0,0,1,1,1,1
"P636",1,1,0,0,1,1,1,0,1,0,1,0,1,1,0,0,0,1,1,0
"P637",1,0,0,0,1,0,1,1,1,0,1,0,1,1,1,1,0,0,1,1
"P638",1,1,0,1,1,1,1,1,0,0,0,0,0,1,0,0,0,0,0,0
"P639",1,1,0,0,1,0,1,1,1,0,1,1,0,1,0,0,0,1,1,0
"P640",0,1,0,0,1,1,1,0,1,0,1,1,1,1,0,0,1,1,1,0
"P641",0,1,0,0,1,0,1,1,0,0,1,0,0,0,0,0,0,0,0,0
"P642",1,0,0,1,1,1,1,1,0,0,1,0,1,1,0,1,0,0,1,0
"P643",0,1,0,1,1,1,1,0,1,0,1,0,1,1,0,0,0,0,1,0
"P644",0,0,0,0,1,1,1,0,1,1,1,1,0,1,0,0,0,1,0,0
"P645",1,1,0,0,1,0,1,1,1,0,1,1,1,1,0,1,1,1,1,0
"P646",0,0,0,0,0,1,0,0,0,0,1,0,0,1,0,0,0,0,0,0
"P647",1,0,0,0,1,0,1,1,1,0,1,0,1,0,0,1,1,1,0,1
"P648",0,1,0,0,1,0,1,0,0,0,1,0,1,1,0,0,1,0,1,1
"P649",0,1,0,0,1,0,0,0,1,0,1,1,0,1,1,0,0,1,1,0
"P650",1,1,0,0,1,1,1,1,0,0,1,0,0,1,0,1,0,1,1,0
"P651",1,1,0,0,1,0,1,1,1,0,1,1,1,1,0,0,1,0,1,0
"P652",1,1,0,0,1,0,1,0,1,0,1,0,0,0,0,1,0,1,0,0
"P653",1,1,0,0,1,0,1,1,0,0,1,0,0,1,1,0,0,1,0,0
"P654",1,1,0,0,1,0,0,1,1,0,1,0,1,1,0,0,0,0,1,0
"P655",1,0,0,0,1,1,1,1,1,0,1,1,1,0,0,0,0,1,0,0
"P656",1,1,0,0,1,0,1,0,1,1,1,1,1,1,0,1,1,1,1,1
"P657",0,0,0,0,1,0,0,1,0,0,0,0,1,0,0,0,0,0,0,0
"P658",0,1,0,0,1,1,1,0,1,0,1,0,1,1,0,0,0,0,1,0
"P659",1,1,0,1,1,0,0,0,1,0,1,0,1,1,0,0,0,1,1,1
"P660",1,1,1,1,1,0,1,0,0,0,1,1,1,0,0,0,0,0,0,1
"P661",0,0,0,0,0,0,0,1,0,0,0,0,0,0,0,0,0,0,0,0
"P662",1,1,0,1,1,1,1,0,1,0,1,0,1,1,0,1,0,1,0,0
"P663",1,1,0,0,1,1,0,0,0,0,1,0,1,1,0,0,1,1,0,0
"P664",1,0,0,1,0,1,1,1,0,0,0,0,0,1,0,0,0,1,0,0
"P665",1,1,1,0,1,0,1,0,1,0,1,0,1,1,0,0,1,1,0,0
"P666",0,0,0,1,1,0,0,0,0,0,0,0,1,0,0,0,0,0,0,0
"P667",1,1,0,0,1,0,1,0,0,0,0,1,1,0,0,0,0,1,0,0
"P668",0,0,0,0,0,1,1,0,1,0,1,0,0,1,0,0,1,1,0,0
"P669",1,1,0,1,1,1,1,1,1,0,1,1,1,1,0,1,0,1,1,0
"P670",1,0,0,0,0,0,1,1,0,0,0,0,0,1,0,0,0,0,0,0
"P671",1,1,0,0,1,0,1,1,1,0,1,0,0,1,0,0,1,1,0,1
"P672",1,1,0,0,1,1,1,0,1,0,0,0,1,1,0,0,0,0,1,0
"P673",1,1,0,0,1,1,1,1,1,0,1,0,0,1,0,0,0,0,1,0
"P674",1,1,0,0,1,1,1,1,1,0,1,1,1,1,0,1,1,1,0,1
"P675",1,1,0,0,1,0,0,1,1,1,0,0,1,0,0,1,1,1,1,0
"P676",1,1,0,0,1,0,1,1,1,0,0,0,0,1,0,0,1,1,0,0
"P677",1,1,0,1,1,1,0,1,1,0,1,0,0,1,0,0,1,0,1,0
"P678",0,0,0,0,1,0,1,0,1,0,0,0,0,0,0,0,1,0,1,0
"P679",0,1,0,0,1,0,1,0,0,0,1,1,0,0,1,1,0,1,0,0
"P680",1,0,0,0,0,0,1,0,0,0,0,0,1,1,0,1,0,0,0,0
"P681",1,1,0,1,1,0,1,1,1,1,1,1,1,1,0,0,1,1,1,0
"P682",1,0,0,0,1,1,1,1,0,0,1,1,1,1,0,1,1,1,1,0
"P683",0,1,0,1,0,1,1,1,1,0,1,1,1,1,1,1,1,1,1,1
"P684",1,1,0,1,0,0,1,0,1,0,1,1,0,1,0,1,1,1,1,0
"P685",0,1,0,0,1,0,1,0,0,1,0,0,0,1,0,0,0,0,0,0
"P686",0,0,0,0,1,0,1,0,0,0,0,1,1,0,0,1,1,0,0,0
"P687",0,1,0,0,1,0,0,0,1,0,1,0,0,1,0,1,1,1,1,0
"P688",0,0,0,1,0,0,1,0,1,0,1,0,1,0,0,1,0,1,1,0
"P689",1,0,0,1,1,1,0,0,0,0,1,0,0,1,0,0,0,1,0,0
"P690",0,0,0,0,1,1,0,0,0,0,1,0,0,0,0,0,0,0,0,0
"P691",0,1,0,1,1,0,1,1,1,0,1,1,1,0,1,1,0,1,1,1
"P692",0,1,0,1,1,0,0,0,0,1,1,1,0,1,1,1,0,1,1,0
"P693",0,1,0,0,1,0,1,0,0,0,0,0,0,1,0,1,0,0,0,0
"P694",0,0,0,0,0,0,1,0,1,0,1,1,0,1,1,0,0,1,0,0
"P695",1,0,0,1,1,0,1,1,0,0,1,0,1,1,1,0,1,1,0,1
"P696",0,1,0,0,1,0,1,0,0,0,1,1,1,1,0,1,1,0,1,1
"P697",1,1,0,1,1,0,1,0,1,1,1,1,1,1,1,1,1,1,1,1
"P698",0,0,0,0,1,1,1,0,0,1,1,0,0,1,0,1,0,1,0,0
"P699",1,1,0,1,1,1,1,0,1,0,1,1,0,1,0,1,0,1,1,0
"P700",0,0,0,0,1,0,0,0,0,0,0,0,0,1,0,0,0,0,0,0
"P701",1,1,0,0,0,0,1,1,0,0,1,0,1,1,0,0,0,0,0,0
"P702",0,0,0,0,1,0,0,0,0,0,0,0,0,1,0,0,0,0,0,0
"P703",1,1,1,1,1,1,1,1,1,1,1,1,1,1,1,1,1,1,1,1
"P704",0,0,0,0,0,0,0,0,0,0,0,0,0,0,0,0,0,0,0,0
"P705",1,0,0,1,1,1,1,0,1,0,1,0,1,1,0,1,0,1,1,0
"P706",1,1,0,1,1,1,1,0,0,0,1,1,1,1,1,1,0,1,0,0
"P707",0,1,0,0,1,0,0,1,1,0,1,1,0,1,0,1,1,1,0,0
"P708",1,1,1,0,1,0,1,1,1,0,1,1,1,1,1,1,0,1,1,0
"P709",1,0,0,0,0,0,1,1,0,0,0,0,0,1,0,0,0,1,1,1
"P710",0,0,0,0,1,0,0,0,1,0,0,0,0,1,0,0,0,1,0,1
"P711",0,1,0,0,1,1,1,0,1,0,0,0,0,0,0,0,0,0,1,0
"P712",1,1,0,1,1,1,0,1,0,0,1,0,1,1,0,0,0,1,1,0
"P713",0,1,0,0,0,1,1,0,0,1,1,0,1,1,1,0,0,0,1,1
"P714",1,1,0,1,1,0,1,1,1,1,1,1,0,1,1,1,0,1,1,1
"P715",1,1,0,1,1,0,1,0,1,1,1,0,0,1,0,0,0,1,1,0
"P716",1,0,0,0,1,0,1,0,1,0,0,0,0,1,0,0,0,1,0,1
"P717",1,0,0,1,1,0,1,1,1,1,1,1,1,1,1,1,0,1,1,1
"P718",0,1,0,0,1,1,1,0,0,0,1,0,1,1,0,1,0,1,1,0
"P719",1,1,0,0,1,0,1,0,1,0,0,0,1,1,0,0,0,0,0,0
"P720",1,1,0,0,0,0,0,0,0,0,1,0,0,1,0,0,0,1,1,0
"P721",0,1,0,1,1,0,0,1,0,1,1,0,0,0,0,1,0,1,1,0
"P722",0,0,0,0,1,0,1,0,0,0,0,0,1,0,0,0,0,0,0,0
"P723",0,0,0,0,1,1,1,0,0,0,1,0,1,0,0,1,0,1,1,1
"P724",0,0,0,1,0,1,1,0,0,0,1,0,0,1,0,0,0,0,0,0
"P725",1,1,0,1,1,1,0,0,0,0,1,1,0,0,0,0,0,1,0,0
"P726",0,1,0,0,0,0,1,1,1,0,0,0,0,0,0,0,0,0,0,0
"P727",0,1,1,0,1,0,1,0,1,0,1,0,0,1,0,0,0,1,1,1
"P728",1,1,0,0,1,0,0,0,0,0,0,1,0,1,0,1,0,0,0,0
"P729",1,1,0,0,0,1,1,1,1,0,1,1,1,1,0,0,1,1,0,1
"P730",0,1,0,0,1,0,1,1,1,0,0,1,0,1,0,1,0,1,1,1
"P731",1,0,0,0,0,1,1,1,0,0,1,0,1,1,0,1,0,0,0,0
"P732",1,0,0,0,1,1,1,1,0,0,1,0,0,1,0,1,0,0,0,0
"P733",1,1,0,0,1,1,1,0,0,1,0,0,0,1,0,1,0,1,0,0
"P734",1,1,0,1,1,0,1,0,0,0,1,0,0,1,0,1,0,0,1,0
"P735",0,1,0,0,1,1,1,1,1,1,1,1,1,1,0,1,1,1,0,0
"P736",1,1,0,0,1,0,1,1,0,1,0,0,1,1,0,1,1,0,1,0
"P737",1,1,0,0,0,0,1,1,0,0,1,0,0,0,0,1,0,1,0,0
"P738",0,1,0,0,1,0,1,0,0,0,1,0,1,1,0,0,1,0,1,0
"P739",1,1,1,0,1,1,1,1,1,0,1,1,1,1,1,1,1,1,1,1
"P740",0,1,0,0,1,0,1,0,1,0,1,0,0,0,1,0,0,1,0,1
"P741",0,0,0,0,0,1,1,1,1,0,1,1,1,0,0,0,1,1,0,1
"P742",1,1,0,0,1,0,1,0,0,0,1,0,1,0,0,0,0,0,0,0
"P743",1,1,0,1,1,0,1,0,1,0,1,1,0,1,0,1,0,1,0,0
"P744",1,1,0,1,1,1,1,0,1,1,1,1,0,1,1,1,1,1,0,0
"P745",1,1,1,1,1,1,1,0,1,0,1,0,0,1,0,1,0,1,0,0
"P746",1,1,0,0,1,0,0,0,1,0,1,0,0,1,0,1,0,1,1,0
"P747",1,0,0,0,0,0,1,0,0,0,1,0,1,1,0,0,0,0,0,0
"P748",1,0,0,1,1,0,1,0,1,0,1,1,0,1,0,0,1,1,1,0
"P749",0,1,0,1,1,1,1,1,1,0,1,0,0,1,0,0,0,1,0,1
"P750",1,1,0,1,1,1,1,1,1,1,1,0,1,1,1,1,0,1,1,1
"P751",1,1,0,1,1,1,1,0,1,0,1,0,0,1,0,1,1,1,0,0
"P752",0,0,0,0,0,1,0,0,0,0,0,0,0,0,0,0,0,0,0,0
"P753",0,1,0,0,0,0,1,0,0,0,1,0,1,1,0,1,0,0,0,0
"P754",0,1,0,1,1,1,0,1,1,0,0,0,0,1,0,1,0,1,0,1
"P755",1,1,0,0,1,1,1,1,1,0,1,1,0,1,0,1,0,1,1,0
"P756",1,1,0,1,1,0,1,0,1,0,1,1,0,1,0,1,0,1,0,0
"P757",0,1,0,0,0,0,1,1,1,0,1,0,0,0,0,0,0,1,0,0
"P758",0,1,0,0,1,0,0,0,0,1,0,0,0,1,0,0,0,0,0,0
"P759",1,1,0,1,1,0,0,0,0,0,1,1,1,1,1,0,0,0,1,0
"P760",1,1,0,1,0,0,1,0,1,0,1,0,0,0,0,1,0,0,1,1
"P761",1,1,0,1,1,1,0,1,1,0,1,0,1,1,1,1,1,1,1,1
"P762",1,1,0,1,1,0,1,1,0,1,1,0,1,1,0,1,1,1,1,1
"P763",0,1,0,0,1,0,1,1,1,0,1,1,0,1,1,1,1,0,1,0
"P764",0,1,0,0,1,1,0,0,0,0,1,0,1,1,0,0,1,1,0,0
"P765",1,1,0,0,1,1,1,0,0,0,1,0,1,1,0,1,1,0,0,1
"P766",0,0,0,0,1,0,0,1,1,0,1,0,1,1,0,0,0,1,0,1
"P767",1,1,0,1,1,1,1,1,1,0,1,1,0,1,0,1,0,1,1,0
"P768",1,1,0,0,1,0,1,0,1,0,0,1,0,1,1,1,0,1,0,0
"P769",1,1,1,1,1,0,1,1,1,1,1,1,1,1,1,1,1,1,1,1
"P770",0,0,0,0,0,0,0,0,0,0,1,0,0,1,0,1,0,0,0,0
"P771",0,0,0,0,0,0,0,0,0,0,1,0,0,0,0,0,0,0,0,0
"P772",0,1,0,0,0,0,0,1,1,0,1,0,1,0,0,1,0,1,0,0
"P773",0,1,0,0,1,1,1,1,1,0,1,1,0,1,1,1,0,1,1,0
"P774",0,1,0,0,1,0,1,1,1,0,1,0,0,0,0,1,0,0,0,0
"P775",1,1,0,1,1,0,1,1,0,1,1,0,0,1,0,1,1,1,1,0
"P776",0,1,0,0,1,0,0,0,1,0,1,0,1,1,0,0,0,1,1,0
"P777",1,1,0,1,1,0,0,0,0,0,1,0,0,1,0,1,0,0,0,0
"P778",1,1,1,1,1,0,1,0,1,1,1,1,1,1,0,0,0,1,0,0
"P779",1,1,0,0,0,1,1,0,0,0,1,0,1,1,0,0,0,0,1,0
"P780",0,1,0,0,1,0,1,1,1,0,1,1,0,1,1,1,0,1,0,0
"P781",0,0,0,0,1,0,0,0,0,0,1,0,0,0,0,0,0,0,0,0
"P782",0,0,0,0,1,1,1,0,0,0,1,0,0,1,0,0,0,1,0,0
"P783",1,1,0,0,1,1,1,0,0,0,1,0,1,1,0,0,0,0,0,0
"P784",1,1,1,1,1,1,1,1,1,1,1,1,1,1,1,1,1,1,1,1
"P785",0,1,0,0,1,1,0,0,0,0,0,0,0,0,0,0,0,0,0,0
"P786",0,0,0,1,1,0,1,0,0,0,1,0,0,1,0,0,1,1,0,0
"P787",1,1,0,0,1,0,1,1,0,0,0,1,1,1,0,1,0,1,1,0
"P788",0,1,0,0,1,0,0,0,1,0,1,0,0,1,0,1,1,0,0,0
"P789",1,1,0,1,1,0,1,0,1,1,1,1,1,1,0,1,1,1,1,0
"P790",0,1,0,0,1,1,1,0,0,0,1,1,0,1,0,0,1,0,0,1
"P791",1,0,0,0,1,0,1,0,0,0,1,0,0,0,0,0,0,1,0,0
"P792",0,1,0,1,1,1,1,1,1,0,1,1,0,1,0,0,1,1,1,0
"P793",0,1,0,1,0,0,0,1,0,0,1,0,0,1,0,1,0,0,0,0
"P794",1,1,0,0,1,1,0,1,1,0,0,0,1,1,0,1,0,1,0,0
"P795",0,0,0,1,1,0,1,0,1,0,1,0,0,1,0,1,1,0,1,0
"P796",0,1,0,1,1,0,0,0,1,0,0,0,1,1,0,0,1,1,0,0
"P797",0,1,0,0,1,1,1,1,0,0,0,0,0,1,0,0,0,0,0,0
"P798",0,0,0,0,0,0,0,0,0,0,0,0,0,0,0,0,0,0,0,0
"P799",1,1,0,1,1,1,1,0,1,1,1,1,1,1,0,1,0,1,1,0
"P800",1,1,0,1,0,0,1,1,1,1,1,1,1,1,1,0,0,0,0,1
