"participant_id","Item01","Item02","Item03","Item04","Item05","Item06","Item07","Item08","Item09","Item10","Item11","Item12","Item13","Item14","Item15"
"P001",4,4,3,3,4,5,5,2,1,3,1,2,3,3,3
"P002",4,2,4,4,4,5,3,3,3,1,3,4,2,3,4
"P003",5,3,2,3,1,2,2,3,1,2,1,3,2,3,4
"P004",1,2,1,1,1,2,1,1,1,1,1,2,2,1,2
"P005",1,2,2,1,3,3,2,3,1,1,1,3,1,1,2
"P006",3,1,3,1,1,3,1,2,1,1,2,3,1,2,1
"P007",1,1,2,1,2,1,2,2,1,1,2,2,2,2,3
"P008",1,2,1,1,1,1,1,1,1,1,1,1,1,1,2
"P009",1,1,3,1,4,3,5,2,1,2,2,2,3,3,2
"P010",2,2,2,2,2,1,1,3,1,2,1,1,1,2,3
"P011",2,2,4,1,3,4,4,2,1,2,4,4,3,3,3
"P012",4,1,4,3,3,4,2,2,1,3,2,2,3,2,4
"P013",1,1,2,2,1,2,1,1,1,1,1,2,1,1,1
"P014",4,3,5,5,5,5,5,5,5,3,4,5,5,2,5
"P015",1,1,3,5,4,5,2,4,1,2,2,3,4,3,4
"P016",3,2,4,4,4,4,4,4,1,2,5,2,4,3,4
"P017",3,3,4,4,5,5,4,5,4,5,4,3,4,3,4
"P018",5,4,4,2,4,4,4,4,4,3,3,2,4,5,4
"P019",3,2,5,5,2,4,4,4,5,1,3,3,4,4,5
"P020",1,1,1,3,2,2,3,3,1,1,2,1,4,1,3
"P021",2,1,1,2,2,2,1,1,1,1,3,1,3,2,3
"P022",3,2,3,1,2,5,5,2,1,1,1,2,3,3,3
"P023",5,3,4,4,3,5,5,2,3,3,4,5,3,5,3
"P024",1,1,1,2,1,1,2,2,1,1,2,1,1,2,2
"P025",3,3,2,4,1,5,3,3,1,5,3,2,1,2,3
"P026",2,2,3,1,1,2,1,3,1,1,2,1,2,2,1
"P027",3,4,2,5,4,4,3,5,4,4,3,3,5,3,3
"P028",2,3,2,4,4,4,3,3,1,2,1,2,3,2,3
"P029",2,1,2,1,1,1,1,2,1,1,2,2,2,3,4
"P030",2,1,3,1,2,2,3,2,2,1,4,2,4,2,3
"P031",2,3,3,3,4,5,4,3,2,1,4,2,3,2,3
"P032",4,4,3,4,2,5,5,3,3,3,3,3,4,3,3
"P033",3,3,3,2,2,2,2,4,1,1,2,2,2,2,3
"P034",1,1,1,1,2,2,2,1,1,1,1,2,1,2,1
"P035",5,5,4,4,4,4,3,3,2,5,1,5,4,5,1
"P036",4,2,5,4,4,5,3,5,1,1,2,3,4,3,5
"P037",3,1,3,4,3,4,4,3,1,3,2,2,4,3,3
"P038",2,2,1,2,3,5,4,5,1,2,1,2,3,3,2
"P039",1,1,2,1,1,1,1,2,1,1,3,1,1,2,2
"P040",2,2,4,2,2,3,1,2,1,1,2,3,2,2,3
"P041",3,2,4,4,4,4,3,2,1,1,2,4,4,3,2
"P042",2,3,5,2,2,2,2,3,1,3,1,2,2,3,3
"P043",4,3,5,4,1,2,2,3,1,1,1,2,2,2,4
"P044",4,2,5,4,4,2,2,4,1,5,3,4,2,5,3
"P045",1,2,2,1,3,1,2,1,1,1,1,2,2,2,3
"P046",2,4,4,5,4,5,4,3,1,3,4,2,4,2,3
"P047",2,1,3,2,3,2,4,2,1,2,4,3,3,3,3
"P048",5,3,4,4,3,5,4,5,2,5,5,5,2,5,5
"P049",4,3,5,4,2,5,3,4,2,3,4,4,3,3,4
"P050",1,1,3,2,2,1,1,2,1,1,2,1,3,2,3
"P051",5,5,5,4,5,5,5,5,5,5,5,5,5,5,5
"P052",1,3,4,5,4,3,3,2,1,3,2,3,2,2,3
"P053",1,3,2,3,1,2,1,1,1,1,1,2,1,1,1
"P054",2,2,3,4,5,2,3,4,3,1,3,2,2,3,5
"P055",3,2,5,5,2,5,3,4,1,1,2,5,3,3,4
"P056",2,3,4,1,2,2,5,3,3,4,3,4,3,2,3
"P057",5,5,5,5,4,5,5,3,3,3,4,4,3,4,5
"P058",2,3,3,3,1,4,2,3,1,1,1,2,3,3,4
"P059",2,2,3,2,1,1,2,2,1,3,1,2,1,3,1
"P060",3,2,3,5,2,3,1,3,3,3,3,3,4,3,5
"P061",3,3,5,4,5,5,4,5,4,4,2,4,5,3,5
"P062",1,2,2,3,2,4,3,2,1,1,1,1,3,2,2
"P063",3,1,3,3,1,2,4,3,1,1,1,3,2,1,3
"P064",1,1,1,1,1,1,1,1,1,1,1,2,1,1,3
"P065",1,2,4,3,4,4,1,3,1,1,1,2,2,2,2
"P066",2,3,2,1,1,2,1,2,1,1,2,3,2,2,3
"P067",3,3,1,2,3,2,5,3,1,1,3,1,2,2,4
"P068",1,4,5,2,3,3,5,5,1,1,2,3,5,3,4
"P069",4,5,5,4,3,5,3,4,2,4,2,2,4,3,3
"P070",2,5,3,2,2,4,2,3,2,1,3,2,4,4,4
"P071",1,2,2,3,2,1,1,2,1,3,1,4,2,2,3
"P072",1,1,3,2,4,4,3,3,1,2,2,3,1,3,3
"P073",2,5,5,3,3,3,1,3,1,1,4,3,3,3,3
"P074",3,1,4,3,3,4,5,3,4,3,2,3,5,5,4
"P075",2,2,2,2,2,2,3,3,2,1,4,1,2,1,2
"P076",4,4,5,3,4,3,2,4,2,4,3,2,3,2,3
"P077",5,3,5,2,4,4,4,4,5,3,4,5,3,2,5
"P078",2,2,2,1,2,4,5,2,1,1,1,2,3,3,2
"P079",4,2,3,2,1,3,5,3,3,1,1,4,3,3,4
"P080",2,1,2,2,1,2,2,2,1,1,1,2,2,3,2
"P081",5,5,4,3,3,3,3,3,2,1,3,2,2,1,4
"P082",1,1,2,2,2,1,1,1,1,1,2,3,2,1,3
"P083",1,1,1,1,1,2,2,2,1,2,1,2,2,1,3
"P084",4,4,4,4,5,5,5,4,1,5,4,4,4,3,4
"P085",2,4,3,5,4,3,3,4,2,4,2,4,5,4,4
"P086",3,1,1,1,2,2,2,2,4,1,1,2,3,3,3
"P087",2,1,3,2,1,1,1,1,1,1,2,2,2,1,3
"P088",1,3,3,2,3,4,2,2,1,3,1,4,3,2,3
"P089",2,2,2,3,3,4,2,2,1,1,1,2,2,1,3
"P090",1,1,3,3,2,5,4,3,1,2,2,1,1,2,3
"P091",1,1,2,2,1,2,1,1,1,1,1,1,1,3,2
"P092",2,1,4,1,1,3,2,3,1,1,1,2,2,3,3
"P093",1,1,3,2,4,4,4,3,2,3,4,2,4,3,2
"P094",3,2,5,5,4,4,5,5,4,2,4,2,5,3,3
"P095",3,5,2,4,2,5,3,3,3,4,2,3,5,3,5
"P096",4,3,5,5,3,4,5,5,5,3,2,4,3,4,4
"P097",1,1,1,1,1,1,2,1,1,1,1,2,1,1,2
"P098",2,3,5,3,3,5,5,4,4,4,5,4,3,3,2
"P099",1,1,1,1,1,1,2,2,1,1,1,2,1,2,1
"P100",5,1,5,4,5,5,5,5,5,3,4,5,5,4,4
"P101",5,4,5,5,4,5,5,5,4,4,5,3,5,4,5
"P102",1,3,4,1,2,1,2,3,1,2,5,2,1,2,2
"P103",2,5,5,3,3,5,4,2,2,1,4,4,3,3,3
"P104",2,1,1,2,1,3,4,2,1,2,3,2,1,1,3
"P105",1,1,1,1,1,1,2,2,1,1,1,2,2,1,2
"P106",2,1,4,3,2,5,3,3,1,1,2,2,2,2,4
"P107",2,2,3,2,4,2,2,3,3,4,1,4,5,4,4
"P108",3,2,5,3,4,3,5,3,3,2,2,3,2,3,3
"P109",2,1,3,1,3,1,1,2,1,1,1,2,2,1,3
"P110",3,3,5,2,3,5,4,3,4,1,4,5,3,3,5
"P111",1,1,2,2,2,3,2,3,2,1,1,1,2,1,1
"P112",3,2,1,1,1,2,2,1,1,1,1,1,1,3,1
"P113",3,3,4,2,2,2,4,3,2,1,1,3,2,3,3
"P114",2,1,4,2,1,2,2,2,1,1,1,3,4,2,3
"P115",2,3,3,1,1,1,4,1,1,1,1,2,3,3,3
"P116",2,1,2,1,1,3,2,2,1,1,1,3,2,3,1
"P117",2,1,2,2,2,4,4,2,1,1,1,4,4,1,3
"P118",1,1,2,1,1,3,2,1,1,2,1,2,2,1,2
"P119",3,2,5,5,4,5,5,5,2,1,2,4,5,5,4
"P120",4,5,4,5,4,5,5,4,4,2,3,4,5,3,4
"P121",3,1,2,2,1,2,4,2,2,2,1,2,1,1,3
"P122",1,4,2,3,1,2,5,2,2,1,2,1,2,2,2
"P123",2,2,3,5,2,1,3,2,3,1,1,2,3,2,3
"P124",3,1,4,2,2,5,4,3,2,3,3,4,3,3,3
"P125",3,2,4,5,5,5,5,5,4,5,4,3,4,3,5
"P126",4,3,5,4,4,5,4,4,5,3,5,3,4,4,4
"P127",2,3,2,3,5,4,2,3,2,1,5,4,4,3,2
"P128",4,4,5,5,5,5,5,5,5,5,5,4,4,5,4
"P129",2,4,5,4,4,5,3,5,4,4,3,4,4,3,5
"P130",2,1,3,2,1,2,1,1,2,3,1,2,1,1,3
"P131",2,3,4,2,1,4,2,2,1,1,2,4,3,2,1
"P132",3,5,5,5,5,5,5,5,5,5,5,5,5,5,4
"P133",3,2,4,3,5,2,4,4,3,1,1,5,4,3,5
"P134",3,4,3,1,2,3,2,1,2,1,1,3,2,2,3
"P135",2,3,5,2,2,4,3,4,4,4,1,1,2,2,3
"P136",2,3,3,5,2,5,4,2,1,2,3,3,2,3,4
"P137",5,5,4,4,5,5,5,5,5,3,5,4,5,5,4
"P138",1,1,3,3,2,4,2,3,1,5,1,1,2,2,2
"P139",1,5,4,2,3,5,4,2,1,1,3,1,3,3,4
"P140",2,3,5,2,3,4,3,2,1,2,1,2,3,3,1
"P141",5,5,5,5,5,5,5,4,5,4,4,4,4,4,4
"P142",1,1,3,1,2,1,2,1,1,1,1,1,1,1,1
"P143",2,1,2,1,2,2,1,2,1,2,2,1,1,1,1
"P144",3,3,4,4,2,4,4,5,1,3,1,2,4,2,3
"P145",3,5,4,4,4,5,5,4,4,5,2,5,4,4,4
"P146",3,2,5,2,1,3,4,3,2,1,2,3,2,2,3
"P147",2,3,3,3,2,3,3,4,3,2,4,2,3,2,3
"P148",2,4,5,3,5,5,2,3,1,4,5,2,5,2,3
"P149",2,1,3,3,1,1,4,3,1,2,1,4,4,3,3
"P150",2,5,4,1,3,5,3,4,1,1,2,2,2,4,4
"P151",3,5,4,3,1,3,1,3,2,2,2,4,5,2,3
"P152",1,4,2,2,3,2,4,2,1,1,3,2,3,3,3
"P153",1,2,1,2,1,2,2,1,1,1,1,1,1,2,3
"P154",3,3,1,1,3,4,2,3,1,3,2,2,2,3,4
"P155",4,2,4,2,2,5,4,4,1,1,3,2,5,3,4
"P156",3,5,4,3,2,3,4,3,1,2,1,2,3,3,3
"P157",3,5,4,4,4,5,5,5,2,2,4,4,5,4,3
"P158",1,2,3,1,1,1,4,1,1,1,2,2,3,2,3
"P159",5,5,5,4,5,5,4,4,4,4,3,5,4,5,5
"P160",1,5,5,4,4,3,5,5,2,4,2,3,5,3,4
"P161",3,2,4,3,2,2,3,2,1,1,2,4,2,2,3
"P162",1,1,2,1,1,2,2,3,1,1,1,3,2,1,3
"P163",4,4,5,5,5,5,4,3,5,4,3,3,5,3,5
"P164",3,1,4,4,4,3,4,3,2,1,3,2,3,3,3
"P165",4,3,4,5,3,1,2,3,2,2,4,2,2,3,3
"P166",3,2,2,2,5,3,5,2,1,2,2,3,1,2,3
"P167",2,1,2,2,1,2,3,2,1,2,1,2,1,2,2
"P168",3,1,3,3,3,4,3,3,2,4,3,3,2,2,3
"P169",2,2,4,1,2,5,3,3,1,1,2,1,2,1,4
"P170",3,3,4,5,4,5,4,2,3,2,5,4,3,2,3
"P171",1,1,1,1,1,2,2,1,1,1,1,1,1,1,2
"P172",3,3,4,1,1,3,1,4,1,3,3,5,3,5,3
"P173",4,5,5,5,4,5,5,4,4,4,4,3,5,4,4
"P174",1,2,1,1,1,1,1,2,1,1,1,2,1,2,2
"P175",3,3,3,3,3,4,4,3,3,3,4,3,3,3,3
"P176",3,4,5,3,3,5,3,5,1,1,2,2,3,3,4
"P177",2,1,3,3,2,2,3,2,1,2,1,3,3,3,3
"P178",1,2,3,3,1,4,1,3,3,2,3,5,2,3,4
"P179",1,1,2,1,1,1,1,2,1,1,1,2,2,2,3
"P180",1,1,1,1,1,1,2,1,1,2,2,2,2,1,2
"P181",1,1,1,3,1,1,1,3,1,2,2,2,2,2,1
"P182",4,3,5,4,4,4,5,5,4,5,3,3,5,3,5
"P183",1,3,4,3,2,4,5,4,1,1,1,2,3,2,4
"P184",2,1,4,4,3,5,5,3,1,1,1,3,3,3,4
"P185",5,4,3,5,5,5,5,5,5,4,5,4,4,5,5
"P186",1,5,4,4,3,3,3,3,2,3,3,2,5,3,3
"P187",3,4,5,4,3,3,4,5,2,1,1,2,3,3,4
"P188",2,2,4,2,2,3,2,3,2,1,1,2,2,3,4
"P189",2,5,5,3,3,3,1,1,1,1,1,2,4,4,3
"P190",1,1,2,2,1,2,1,3,1,1,2,1,3,3,2
"P191",2,1,2,2,3,3,4,3,1,2,2,1,2,3,3
"P192",5,4,5,4,5,3,4,3,4,3,4,3,4,2,3
"P193",1,3,5,4,2,2,2,4,2,1,3,3,4,3,3
"P194",1,2,1,2,1,1,2,2,1,1,3,1,1,2,1
"P195",3,2,3,4,3,4,3,3,2,2,4,2,2,3,3
"P196",2,1,3,2,2,2,3,2,1,1,4,3,2,2,2
"P197",1,1,1,1,1,2,1,1,1,1,1,2,2,2,1
"P198",1,1,3,1,1,3,5,3,1,1,3,1,2,3,1
"P199",2,2,3,3,2,3,1,2,1,2,2,2,1,3,4
"P200",3,4,5,4,4,5,3,3,4,4,3,2,4,3,4
"P201",2,1,2,2,2,4,3,3,1,1,2,2,3,1,2
"P202",5,4,5,3,3,5,5,3,5,3,5,5,5,5,5
"P203",5,5,4,4,5,3,2,4,2,2,1,4,4,3,3
"P204",1,2,2,3,1,3,4,1,1,2,1,2,1,3,3
"P205",1,1,2,2,2,4,4,3,1,2,3,2,3,2,3
"P206",1,2,3,4,2,1,4,3,1,2,4,2,2,1,3
"P207",2,1,2,3,4,5,5,3,3,2,3,2,2,5,2
"P208",1,1,1,1,1,1,2,1,1,1,1,2,1,1,2
"P209",1,2,3,1,1,2,2,2,1,2,1,3,2,1,1
"P210",5,2,5,4,3,5,1,3,3,1,3,4,3,3,3
"P211",1,1,1,2,1,1,2,1,1,1,1,4,3,1,1
"P212",2,2,5,5,4,5,4,3,1,2,2,1,2,4,3
"P213",3,1,4,5,3,5,3,4,2,3,4,3,4,3,4
"P214",5,3,4,3,2,3,3,4,2,2,2,5,2,4,4
"P215",2,2,4,5,4,5,4,2,2,1,1,3,4,3,5
"P216",2,4,4,2,1,4,3,3,2,1,3,3,2,2,4
"P217",5,1,2,2,1,2,4,2,1,1,1,2,2,4,1
"P218",2,3,3,2,1,4,4,2,1,1,1,2,2,1,4
"P219",3,3,2,3,4,5,5,2,3,4,3,4,4,3,4
"P220",5,5,5,4,4,4,4,5,1,1,5,5,2,2,4
"P221",4,2,5,4,5,5,5,5,4,3,2,4,5,5,3
"P222",1,2,2,3,1,2,1,1,1,1,2,2,1,2,1
"P223",1,1,1,1,1,1,2,2,1,1,1,1,1,2,1
"P224",2,1,2,1,1,1,2,1,1,1,1,1,1,1,3
"P225",2,2,4,3,3,5,4,5,3,1,2,3,2,3,3
"P226",1,1,2,2,2,2,3,1,1,1,1,2,2,2,2
"P227",2,3,3,2,1,2,3,2,3,2,2,2,2,3,3
"P228",2,2,3,1,1,4,2,3,4,2,1,3,3,2,2
"P229",2,3,5,4,4,5,5,4,4,2,2,2,5,3,5
"P230",2,1,1,1,2,4,4,3,1,1,5,3,2,3,2
"P231",1,3,4,2,4,4,2,4,1,3,2,2,3,4,4
"P232",4,2,5,3,3,5,4,3,3,1,1,5,2,3,4
"P233",3,1,4,3,5,2,4,5,1,1,3,2,3,4,2
"P234",3,3,3,3,3,4,3,4,3,3,3,3,4,3,3
"P235",4,5,5,4,4,5,4,4,4,3,4,5,5,4,5
"P236",5,3,4,5,5,4,4,5,3,2,3,5,4,3,3
"P237",2,2,2,1,1,2,2,1,1,1,1,2,2,3,1
"P238",1,2,1,1,1,2,5,2,1,1,1,2,2,1,3
"P239",3,2,4,3,2,3,1,2,1,2,2,3,2,3,2
"P240",5,5,5,5,5,5,5,4,4,2,5,5,5,5,5
"P241",5,4,4,5,4,4,4,4,4,3,5,3,4,5,5
"P242",3,3,5,4,3,2,3,4,3,1,2,3,2,3,2
"P243",2,2,1,2,1,1,2,2,1,1,2,2,1,2,3
"P244",4,1,4,1,1,2,2,3,1,1,2,3,3,3,3
"P245",1,2,3,3,1,2,3,2,2,2,1,3,2,4,4
"P246",5,2,2,2,1,4,3,2,2,3,1,1,2,3,4
"P247",4,4,4,5,5,4,5,4,3,4,1,3,4,2,2
"P248",1,3,4,3,3,3,5,4,1,2,4,4,4,3,4
"P249",3,1,3,4,4,3,4,3,1,3,3,1,3,3,3
"P250",5,5,5,5,5,4,5,5,5,3,5,5,5,5,5
"P251",4,4,5,2,4,4,5,4,1,5,4,4,4,4,4
"P252",1,1,1,3,1,3,3,3,1,1,1,1,1,2,3
"P253",1,4,3,3,3,4,4,4,2,3,3,2,3,2,4
"P254",3,1,3,2,3,5,3,3,1,2,3,2,2,2,3
"P255",5,3,4,3,2,4,5,3,2,3,1,4,5,5,5
"P256",1,1,1,2,1,2,2,2,1,1,1,1,1,2,1
"P257",2,1,1,3,1,2,2,1,1,2,2,1,1,2,1
"P258",3,4,5,4,5,4,3,4,3,4,4,4,4,5,4
"P259",3,2,4,2,1,3,1,2,1,3,1,3,2,4,3
"P260",3,2,4,2,2,3,2,2,2,1,1,2,2,3,3
"P261",2,1,2,3,3,1,2,4,1,1,2,3,3,2,3
"P262",3,3,3,2,4,2,3,3,3,3,2,4,2,1,3
"P263",5,3,5,5,4,5,4,3,1,1,4,3,5,3,5
"P264",4,2,3,4,3,3,3,2,1,2,1,3,4,4,3
"P265",1,1,2,3,3,4,2,3,1,1,2,4,3,2,3
"P266",2,2,2,1,1,1,1,2,1,1,2,2,2,1,3
"P267",1,2,5,1,2,1,2,1,1,3,1,3,1,1,1
"P268",1,1,3,2,1,4,4,3,1,1,1,2,4,3,3
"P269",3,3,4,4,2,3,4,5,2,3,3,3,4,5,5
"P270",3,2,5,4,2,5,5,3,2,4,3,2,4,2,4
"P271",5,3,5,5,4,5,5,5,2,4,5,4,5,3,5
"P272",3,1,1,3,2,2,2,3,2,2,1,2,3,2,3
"P273",1,1,3,1,1,3,4,3,1,1,1,2,1,3,2
"P274",2,1,1,2,1,1,2,2,1,2,1,2,1,3,3
"P275",1,1,1,1,1,1,2,1,1,1,1,1,1,1,1
"P276",2,5,3,3,2,3,4,3,1,1,1,3,3,4,4
"P277",4,2,4,3,4,5,5,5,5,3,2,3,4,2,5
"P278",2,1,1,3,4,4,1,2,1,1,1,3,3,3,4
"P279",5,4,4,5,5,4,5,4,4,5,3,3,4,3,5
"P280",1,1,1,2,1,1,2,1,1,1,1,1,1,2,1
"P281",5,3,5,4,4,3,5,3,3,2,2,4,4,5,4
"P282",1,2,4,2,2,3,1,1,1,1,1,2,2,1,2
"P283",2,3,4,5,2,4,5,4,1,2,5,3,2,2,3
"P284",1,3,3,2,4,2,5,3,1,1,3,3,3,3,3
"P285",2,3,3,4,3,2,4,3,1,3,1,1,3,2,2
"P286",3,1,4,3,3,3,2,3,2,2,1,2,4,3,3
"P287",3,4,4,4,5,2,5,5,2,3,3,5,4,3,5
"P288",4,4,5,5,5,4,5,5,5,5,4,4,5,4,4
"P289",1,1,1,2,1,2,2,1,1,1,1,2,1,1,2
"P290",2,3,3,5,3,4,5,5,3,1,4,4,5,3,3
"P291",1,1,1,2,1,3,2,1,1,1,1,2,1,1,1
"P292",1,2,4,3,2,5,2,2,2,2,3,3,4,2,3
"P293",4,2,3,3,2,3,4,3,2,3,4,5,4,3,3
"P294",4,3,4,3,5,3,3,3,3,2,3,4,4,3,5
"P295",1,1,1,2,1,2,2,2,1,1,1,2,2,1,2
"P296",2,2,1,1,3,3,2,2,1,1,1,3,3,2,3
"P297",1,3,3,3,2,4,4,4,1,4,2,5,3,3,3
"P298",4,4,5,5,4,5,5,4,5,4,5,4,5,5,5
"P299",1,3,1,2,1,2,1,2,1,1,1,2,2,3,1
"P300",1,1,2,1,1,2,2,2,1,1,1,2,1,3,2
"P301",4,1,5,1,4,4,5,2,1,3,3,3,4,3,4
"P302",3,3,4,3,3,2,1,3,1,2,3,3,2,3,1
"P303",4,4,5,3,5,5,5,3,3,4,4,5,5,3,5
"P304",1,2,3,3,1,3,1,3,1,2,3,3,3,2,3
"P305",1,1,2,1,1,2,2,3,1,1,1,3,1,2,1
"P306",5,3,5,5,4,5,5,5,5,5,4,5,5,5,5
"P307",3,1,3,2,3,4,2,3,1,3,4,2,2,2,4
"P308",2,2,4,3,2,4,1,3,1,3,4,2,4,3,5
"P309",3,1,3,2,1,2,1,2,1,1,1,3,2,3,2
"P310",2,5,4,4,5,4,4,4,4,2,4,2,4,4,2
"P311",5,2,4,5,2,5,4,4,5,3,3,3,5,4,3
"P312",3,4,5,4,5,5,5,4,3,1,4,3,5,5,5
"P313",3,2,4,2,1,2,3,3,1,1,1,2,2,1,3
"P314",2,1,2,1,2,2,1,1,2,2,1,2,2,1,3
"P315",2,1,1,3,2,1,5,3,2,3,2,3,2,2,3
"P316",5,3,5,3,3,5,4,5,4,4,2,2,3,3,3
"P317",3,5,3,2,4,3,4,3,1,4,1,2,2,3,3
"P318",1,4,2,4,1,3,1,3,1,1,1,3,2,3,3
"P319",1,1,1,2,1,3,4,2,2,2,2,1,2,3,2
"P320",2,2,3,2,4,4,4,4,1,1,3,2,2,3,2
"P321",2,4,4,3,3,4,5,3,2,3,4,5,5,3,3
"P322",4,1,5,2,2,5,3,3,1,3,4,4,2,1,3
"P323",1,2,1,1,1,1,1,1,1,1,1,2,2,1,1
"P324",2,1,1,2,1,2,4,1,2,1,1,2,3,2,1
"P325",3,3,5,3,5,4,5,3,4,5,5,2,5,2,5
"P326",1,2,1,2,2,1,3,2,1,1,1,3,2,3,2
"P327",3,2,3,3,4,4,3,2,2,2,2,2,3,2,3
"P328",2,1,4,4,2,3,3,3,1,2,4,1,3,2,2
"P329",2,1,3,2,1,2,1,2,1,1,1,1,1,2,3
"P330",2,2,5,3,3,4,5,3,1,2,1,2,4,3,3
"P331",2,1,2,1,1,2,3,1,1,1,1,2,1,1,3
"P332",2,1,3,1,1,1,2,2,1,2,2,1,2,3,2
"P333",2,2,2,3,2,5,2,4,2,1,4,3,4,3,3
"P334",2,4,4,4,4,4,3,2,1,2,1,2,3,2,4
"P335",1,1,1,1,1,2,1,2,1,1,2,1,2,1,2
"P336",1,1,4,1,1,1,3,3,1,1,1,2,2,3,3
"P337",2,4,5,5,4,5,3,4,4,2,3,5,4,4,5
"P338",4,2,4,4,2,5,5,5,3,4,4,4,5,2,3
"P339",5,5,5,5,3,5,4,5,3,4,4,4,3,3,5
"P340",2,1,5,4,4,4,5,5,1,2,3,4,2,2,5
"P341",2,3,5,3,3,4,4,3,1,1,3,3,3,5,2
"P342",3,1,3,3,1,4,2,2,1,2,2,2,2,2,4
"P343",1,1,4,3,1,4,2,3,1,2,1,1,1,1,2
"P344",2,5,3,3,4,5,3,4,2,3,2,3,5,4,4
"P345",2,1,4,3,5,3,3,3,1,1,4,3,2,3,3
"P346",5,3,5,3,4,4,3,3,3,3,2,2,2,4,2
"P347",5,4,5,5,5,4,5,5,4,5,4,5,5,2,5
"P348",5,4,4,4,5,5,5,5,4,4,5,3,5,5,5
"P349",1,3,2,3,2,2,2,3,1,2,2,2,2,1,1
"P350",2,4,5,4,4,5,5,4,3,2,5,2,3,4,4
"P351",5,4,5,4,4,4,5,5,1,4,5,2,3,3,4
"P352",4,2,3,3,3,4,2,3,1,1,3,5,4,2,4
"P353",4,3,3,2,4,2,2,2,1,1,3,5,2,2,3
"P354",1,1,5,2,2,5,5,2,1,4,1,1,2,2,1
"P355",4,2,3,3,4,5,3,4,5,1,4,3,5,5,5
"P356",1,2,1,1,1,1,2,1,1,1,1,1,2,2,3
"P357",1,1,2,2,2,2,2,2,1,1,2,2,3,2,2
"P358",2,5,4,3,3,3,3,4,3,3,5,4,5,3,4
"P359",2,2,2,3,2,3,2,2,2,1,1,3,2,3,3
"P360",5,2,4,4,4,3,5,4,5,3,4,3,4,3,5
"P361",2,1,4,1,2,1,3,2,1,2,1,2,3,3,3
"P362",1,1,2,1,1,2,2,1,1,1,2,3,1,1,1
"P363",3,2,3,3,1,3,3,4,1,1,1,2,3,2,1
"P364",3,5,4,4,4,5,2,3,1,3,4,4,3,4,4
"P365",2,1,2,2,1,4,3,3,1,1,5,2,2,4,4
"P366",1,1,3,4,1,1,3,2,1,1,2,1,3,1,3
"P367",1,1,3,2,3,2,4,3,1,3,2,3,3,3,4
"P368",3,1,4,3,4,4,3,3,1,4,1,5,4,3,4
"P369",2,1,5,3,1,5,2,3,3,3,4,3,4,4,3
"P370",2,2,3,2,2,3,4,1,1,2,2,3,2,3,2
"P371",4,4,5,5,5,5,4,5,3,4,2,4,4,2,4
"P372",3,3,3,4,4,3,2,4,1,1,4,2,5,3,3
"P373",2,4,2,2,2,2,1,3,1,1,4,3,3,3,4
"P374",5,3,3,4,4,5,4,5,4,4,3,3,4,3,3
"P375",5,3,5,4,4,5,5,5,5,4,1,5,4,4,3
"P376",1,1,1,1,1,1,1,1,1,2,1,1,1,1,1
"P377",1,2,1,1,3,2,3,2,1,1,3,1,1,3,3
"P378",1,1,1,2,2,1,2,2,1,2,3,2,1,2,1
"P379",2,2,2,2,2,2,3,3,1,1,1,1,2,2,4
"P380",1,1,2,1,1,2,2,1,1,1,1,2,2,1,1
"P381",4,4,4,5,5,5,5,4,5,3,3,4,5,5,5
"P382",2,3,4,3,3,1,3,3,2,3,1,2,4,2,3
"P383",2,4,4,3,4,3,5,3,3,2,1,5,3,3,4
"P384",3,2,4,4,3,5,2,3,3,4,3,5,4,3,3
"P385",4,1,3,4,4,3,3,5,2,2,2,4,5,4,4
"P386",2,3,3,3,2,5,4,3,2,4,3,4,3,4,4
"P387",3,4,4,4,4,3,4,3,3,2,3,2,5,4,4
"P388",1,1,3,3,1,2,2,2,2,1,2,2,1,2,3
"P389",2,3,2,1,3,2,1,3,1,1,2,3,1,3,3
"P390",3,3,2,2,2,3,4,3,1,2,1,3,2,2,3
"P391",4,5,5,5,5,4,5,5,5,3,5,5,5,5,5
"P392",1,2,2,2,2,2,2,2,1,1,1,2,1,1,1
"P393",3,4,2,3,3,5,3,3,2,2,2,4,4,3,5
"P394",2,5,3,2,2,3,4,3,1,2,4,3,2,3,4
"P395",2,3,4,2,3,3,3,3,1,1,4,3,2,3,2
"P396",4,4,3,3,5,5,5,3,4,3,5,4,4,3,2
"P397",2,2,5,3,3,5,5,4,2,1,4,2,3,3,4
"P398",4,5,4,4,5,5,5,4,5,4,3,4,5,4,4
"P399",3,1,3,4,5,5,5,5,4,4,2,5,3,3,4
"P400",2,1,5,1,1,1,1,3,1,3,1,1,2,3,2
"P401",3,1,3,2,1,3,3,3,1,1,1,3,2,2,2
"P402",2,1,2,1,1,1,1,2,1,2,1,2,3,1,2
"P403",5,2,4,4,2,4,4,3,2,1,2,4,2,3,4
"P404",2,1,2,2,2,1,1,1,1,1,1,2,1,1,1
"P405",1,1,2,2,1,4,4,3,1,2,2,2,3,3,1
"P406",1,1,1,2,1,3,2,3,1,1,1,2,1,2,2
"P407",4,2,3,1,2,1,2,3,1,3,3,2,4,2,3
"P408",3,4,4,2,5,4,5,4,4,2,1,3,3,4,4
"P409",5,5,5,5,4,5,5,5,5,3,5,5,5,4,5
"P410",2,4,4,2,3,2,4,5,1,3,5,3,3,1,3
"P411",4,2,3,1,1,5,4,4,1,1,5,2,1,3,3
"P412",3,1,5,3,4,4,5,4,2,2,4,4,4,2,5
"P413",3,2,4,5,3,2,3,5,3,3,2,4,5,4,4
"P414",1,1,2,1,1,1,1,2,1,2,2,2,2,1,2
"P415",2,2,4,3,1,2,2,2,2,2,3,3,3,3,4
"P416",2,1,2,2,2,3,3,3,1,2,3,2,4,2,4
"P417",5,3,5,4,2,5,5,5,4,5,4,5,4,3,3
"P418",1,1,1,1,2,1,2,2,1,2,1,1,2,2,2
"P419",1,2,5,4,4,3,3,3,1,1,2,2,4,3,5
"P420",1,1,3,2,1,3,5,2,1,2,1,2,3,1,3
"P421",1,3,2,1,2,3,3,3,1,2,1,3,3,1,4
"P422",2,3,3,3,2,3,2,3,1,1,1,2,2,1,3
"P423",4,1,4,4,3,4,4,2,1,4,2,5,4,2,4
"P424",1,1,3,2,1,4,5,2,1,1,2,2,3,2,4
"P425",2,3,4,4,3,5,4,4,1,4,2,3,4,3,3
"P426",2,1,1,2,1,1,1,1,1,1,1,1,1,1,2
"P427",2,3,4,3,3,5,4,3,3,1,4,2,2,4,4
"P428",2,4,3,3,3,4,4,4,4,1,4,2,4,3,3
"P429",2,1,1,1,1,5,2,3,2,1,3,2,3,3,2
"P430",5,2,3,5,5,5,5,3,1,2,2,4,2,3,4
"P431",3,3,5,4,3,5,5,4,5,5,3,5,5,3,4
"P432",1,2,1,1,1,2,1,2,1,1,1,1,1,2,3
"P433",3,1,4,2,1,2,2,2,1,1,1,1,3,2,2
"P434",2,1,1,2,2,1,2,3,1,1,2,2,2,1,2
"P435",3,1,5,4,2,2,5,3,2,3,4,2,4,3,3
"P436",3,1,3,2,1,2,2,2,1,1,1,2,2,1,3
"P437",2,2,4,3,1,5,3,3,1,3,1,1,1,2,3
"P438",2,2,4,4,2,4,2,3,2,1,2,4,5,3,4
"P439",3,4,3,5,3,5,5,5,4,3,3,2,4,3,4
"P440",3,1,1,3,3,2,2,3,1,3,2,4,2,4,3
"P441",2,5,5,3,5,3,3,4,3,3,3,4,4,3,5
"P442",2,1,4,2,2,5,3,3,1,1,1,4,3,2,2
"P443",4,5,4,4,5,4,5,4,4,2,3,5,5,5,3
"P444",3,3,3,2,3,5,2,3,3,2,1,1,3,3,3
"P445",2,1,3,2,1,4,4,4,2,2,1,2,2,1,3
"P446",2,2,5,2,2,5,5,3,1,2,2,3,3,3,3
"P447",1,1,1,1,1,1,3,2,1,1,1,1,2,2,3
"P448",2,2,4,4,3,5,2,3,1,1,3,1,3,1,3
"P449",2,3,3,3,2,2,2,2,1,2,2,1,2,2,2
"P450",4,2,5,3,5,5,4,3,1,2,2,3,3,4,3
"P451",2,3,2,2,2,3,1,2,2,2,1,2,2,4,2
"P452",3,2,3,2,3,5,2,3,2,2,4,2,3,3,4
"P453",5,5,3,5,4,5,4,4,3,3,4,5,3,3,5
"P454",1,1,1,1,1,1,1,2,1,1,1,1,1,1,1
"P455",3,1,3,1,1,3,1,2,1,1,1,2,2,1,1
"P456",2,2,4,3,4,2,4,3,1,2,3,2,3,3,3
"P457",3,3,4,2,2,2,5,4,1,1,2,2,3,1,1
"P458",2,3,3,3,1,5,2,3,1,1,3,3,1,2,2
"P459",1,2,3,3,1,1,4,3,1,1,1,2,2,2,3
"P460",1,2,2,2,1,3,3,3,1,3,2,2,4,2,3
"P461",1,2,1,1,1,1,2,2,1,1,1,2,2,2,1
"P462",2,1,2,4,3,3,2,3,1,2,1,1,2,2,2
"P463",4,4,5,4,4,5,2,4,4,2,4,3,4,5,4
"P464",2,2,4,4,3,3,4,3,2,3,4,5,4,4,4
"P465",2,2,2,2,1,1,2,2,1,1,2,3,1,3,4
"P466",1,1,2,2,1,2,1,3,1,1,2,1,2,1,4
"P467",2,2,3,1,1,2,5,3,2,2,1,2,2,3,3
"P468",2,2,3,3,3,5,5,4,1,2,3,4,5,3,4
"P469",1,2,2,1,1,1,2,1,1,2,1,1,1,2,2
"P470",1,5,4,3,3,3,4,3,2,1,3,5,2,3,3
"P471",3,3,5,4,5,4,5,3,5,2,3,4,4,3,5
"P472",3,3,4,2,2,4,3,4,1,3,4,5,5,3,5
"P473",2,2,3,2,3,1,3,1,2,1,1,2,1,3,3
"P474",2,3,4,3,4,4,3,4,2,4,5,4,3,3,3
"P475",1,1,1,1,1,1,1,1,2,1,1,2,1,2,1
"P476",2,2,2,3,2,3,2,3,1,1,1,4,2,3,5
"P477",2,2,2,1,3,1,2,3,1,1,1,2,1,1,2
"P478",1,2,4,3,1,2,2,4,1,1,1,2,3,2,3
"P479",2,1,5,1,3,2,4,2,1,1,5,3,2,1,3
"P480",2,2,3,1,2,5,4,5,2,1,1,2,2,3,3
"P481",1,3,2,1,4,2,2,3,1,1,1,1,3,1,3
"P482",5,3,5,4,4,5,5,5,2,2,3,2,5,3,3
"P483",1,3,3,2,3,4,2,3,1,1,2,3,3,3,3
"P484",3,1,4,4,4,5,5,5,3,3,2,3,4,4,3
"P485",1,1,4,1,1,2,2,2,1,1,1,2,2,3,1
"P486",5,4,5,4,3,4,5,4,3,4,3,4,5,4,5
"P487",2,1,2,3,1,2,2,2,1,1,2,3,3,3,1
"P488",2,1,2,2,1,1,4,3,1,1,2,1,2,3,2
"P489",2,3,4,4,3,4,5,4,2,4,1,4,5,3,3
"P490",1,2,4,3,2,3,2,3,3,1,2,3,3,3,3
"P491",3,1,4,3,3,4,3,3,1,2,4,2,4,3,3
"P492",2,1,4,4,1,5,3,4,2,1,2,4,3,2,4
"P493",2,2,4,3,3,3,3,3,2,2,1,3,3,3,3
"P494",3,3,5,3,3,5,3,2,2,3,3,4,3,3,3
"P495",3,2,2,4,2,5,4,4,1,3,3,2,2,1,3
"P496",4,5,4,2,3,5,4,3,4,4,5,5,3,3,5
"P497",3,2,2,1,1,2,3,3,1,1,2,2,2,4,5
"P498",2,5,5,3,3,3,5,4,3,2,3,3,4,3,3
"P499",1,2,2,2,2,1,2,2,2,2,2,1,2,1,2
"P500",3,2,5,4,4,5,3,4,2,2,3,2,3,3,2
"P501",4,4,3,5,3,5,4,5,5,3,4,5,5,4,4
"P502",2,1,1,2,1,1,3,2,1,1,1,2,1,3,4
"P503",1,1,1,1,1,2,3,3,1,2,1,1,1,2,1
"P504",2,3,3,2,3,5,4,2,1,2,3,4,3,3,3
"P505",1,1,1,1,1,2,1,2,1,1,1,1,2,1,1
"P506",1,1,1,2,2,1,1,3,1,1,2,3,1,3,1
"P507",3,1,4,3,2,3,3,3,1,2,2,1,2,1,2
"P508",5,3,3,4,4,5,2,4,4,1,4,4,4,5,4
"P509",1,1,1,1,1,1,2,2,1,1,4,1,3,2,3
"P510",3,3,3,5,5,5,4,3,2,3,2,2,5,3,4
"P511",2,2,2,2,1,2,2,2,1,3,1,1,2,1,2
"P512",2,1,1,2,1,1,2,1,1,1,1,1,1,1,1
"P513",2,3,4,1,2,4,2,2,1,2,3,3,1,1,2
"P514",2,2,2,2,1,1,3,1,1,1,2,2,2,1,1
"P515",3,4,5,4,4,5,5,3,4,5,4,5,5,5,4
"P516",1,1,1,1,1,1,1,1,1,1,1,1,1,1,1
"P517",2,3,4,3,3,2,3,2,1,1,1,3,3,2,4
"P518",5,2,4,5,4,5,4,4,5,4,4,2,4,5,4
"P519",2,1,2,3,2,1,4,2,1,1,1,1,1,3,2
"P520",5,5,5,3,5,5,5,4,2,5,3,3,5,3,3
"P521",1,1,1,1,1,1,2,1,1,1,2,1,1,1,1
"P522",1,2,1,2,2,1,1,1,1,1,2,1,2,2,3
"P523",2,3,5,4,3,4,2,3,1,1,4,2,3,2,3
"P524",3,2,2,4,5,5,5,3,3,2,4,4,4,4,4
"P525",2,1,1,1,1,1,3,1,1,1,1,3,2,1,4
"P526",1,1,4,1,1,3,4,2,1,2,1,1,1,3,1
"P527",1,3,1,2,1,2,4,1,1,1,1,2,1,2,3
"P528",1,1,2,2,2,2,1,3,1,1,2,2,2,1,1
"P529",1,2,5,3,4,5,5,5,2,4,4,4,4,4,5
"P530",3,4,4,5,5,5,4,5,4,5,5,5,4,5,5
"P531",3,4,3,4,2,4,4,4,3,5,4,3,5,5,5
"P532",1,1,2,1,1,2,2,2,1,1,1,3,1,1,2
"P533",3,3,1,2,2,2,3,3,1,1,3,2,1,3,3
"P534",2,1,2,2,1,5,2,3,1,1,1,2,4,3,3
"P535",5,5,3,2,4,4,2,4,2,4,4,4,3,4,3
"P536",4,5,4,4,4,5,3,3,2,5,2,5,4,3,4
"P537",4,2,3,3,3,5,4,3,2,4,1,3,4,3,4
"P538",2,1,3,4,1,5,2,2,1,3,3,3,4,3,3
"P539",2,2,1,5,3,5,4,4,2,2,1,2,3,3,2
"P540",2,2,2,3,2,3,3,2,1,2,2,2,3,1,2
"P541",1,1,4,2,2,2,1,3,1,2,4,3,2,3,2
"P542",1,3,2,4,1,5,2,3,3,2,1,2,2,2,2
"P543",3,3,4,2,2,4,4,2,3,1,2,3,3,3,3
"P544",3,4,5,4,3,5,2,3,3,2,2,3,2,5,3
"P545",3,3,3,4,3,2,4,3,2,3,3,3,4,4,3
"P546",2,4,2,2,2,5,4,3,4,4,2,1,3,3,4
"P547",1,2,1,1,2,1,2,1,1,1,1,2,2,1,3
"P548",3,3,2,3,1,5,2,3,1,1,1,3,2,1,3
"P549",5,4,4,5,5,5,3,5,5,2,3,3,5,3,3
"P550",5,4,3,5,5,4,5,3,4,4,4,2,3,4,5
"P551",1,2,1,2,1,2,1,2,2,1,1,2,2,1,1
"P552",2,2,4,1,1,5,3,3,1,1,2,2,2,1,2
"P553",2,1,1,2,2,2,2,2,1,1,4,1,1,2,2
"P554",5,5,5,5,5,5,4,5,4,5,5,5,5,4,5
"P555",3,1,4,4,2,5,2,3,2,1,4,2,5,1,4
"P556",2,3,3,2,1,2,3,2,3,1,1,3,2,3,2
"P557",4,2,3,4,5,4,5,4,2,1,5,5,4,5,5
"P558",1,1,2,1,1,1,1,1,1,1,2,1,1,1,1
"P559",2,1,3,3,2,2,5,3,1,3,4,4,3,3,4
"P560",4,3,5,4,4,5,3,4,1,3,4,5,3,4,5
"P561",3,2,3,3,3,5,5,4,3,1,4,3,3,4,3
"P562",3,3,5,3,5,3,5,4,1,4,5,2,5,3,3
"P563",2,3,2,1,2,2,4,3,3,1,4,5,3,3,3
"P564",2,1,4,2,2,3,2,2,1,1,1,2,3,2,3
"P565",3,3,4,5,3,5,5,4,1,4,1,5,2,4,5
"P566",3,2,4,4,4,5,2,2,3,3,4,3,3,4,4
"P567",1,1,2,3,1,2,2,1,1,1,1,2,2,1,2
"P568",2,1,1,2,1,1,2,2,1,2,1,3,3,1,2
"P569",3,1,3,3,2,3,3,1,1,1,1,2,1,4,3
"P570",2,1,3,1,2,3,2,2,1,1,1,2,3,2,2
"P571",2,2,4,4,3,4,5,3,1,4,1,4,1,1,3
"P572",2,1,2,2,1,2,2,2,1,1,2,2,1,3,3
"P573",2,3,3,2,3,3,5,1,1,1,2,3,3,2,4
"P574",1,1,3,4,3,5,5,5,4,1,2,4,4,4,5
"P575",3,2,3,2,3,5,2,3,3,1,4,4,4,5,5
"P576",2,3,4,2,1,3,4,2,1,1,1,4,3,3,4
"P577",3,3,3,2,2,5,2,5,2,2,2,1,4,3,3
"P578",1,1,2,2,2,1,2,3,1,1,2,2,1,2,2
"P579",2,4,5,4,2,3,4,3,2,4,3,2,3,2,3
"P580",5,4,4,4,5,5,5,4,5,3,2,5,4,3,3
"P581",3,5,3,4,1,4,4,3,3,2,4,3,5,3,2
"P582",1,1,1,2,2,2,1,1,1,1,1,1,1,1,2
"P583",2,2,1,2,3,3,1,2,2,1,1,2,4,1,1
"P584",3,1,4,2,1,1,3,3,1,2,1,2,3,2,3
"P585",5,4,5,5,5,5,5,5,5,4,2,4,5,4,5
"P586",1,2,4,1,1,2,5,3,1,1,1,1,1,2,2
"P587",1,1,1,1,1,2,1,1,1,1,1,2,1,1,1
"P588",2,4,1,1,1,3,2,3,1,1,1,3,1,2,1
"P589",1,4,1,3,1,1,2,3,2,1,3,2,2,2,1
"P590",2,1,4,3,1,4,2,2,2,2,1,2,2,3,2
"P591",1,1,1,1,3,4,2,3,1,1,1,2,2,1,3
"P592",1,4,4,3,3,3,3,2,2,3,3,5,3,2,3
"P593",2,4,3,4,4,5,4,3,4,3,4,4,3,3,3
"P594",1,4,3,2,1,2,1,2,2,1,3,1,2,1,3
"P595",1,1,2,1,1,1,1,1,1,1,1,2,3,1,3
"P596",1,1,1,1,1,1,2,1,2,1,1,1,2,3,1
"P597",2,1,3,1,2,3,2,4,1,4,1,2,2,2,3
"P598",2,1,4,1,1,4,2,2,1,1,1,2,2,2,3
"P599",1,4,5,2,5,3,4,2,1,4,3,3,3,1,4
"P600",3,5,3,2,4,3,1,3,1,2,4,4,2,3,2
