"participant_id","Item01","Item02","Item03","Item04","Item05","Item06","Item07","Item08","Item09","Item10","Item11","Item12","Item13","Item14","Item15","Item16","Item17","Item18","Item19","Item20","Item21","Item22","Item23","Item24"
"P001",5,2,1,2,1,4,5,2,2,5,1,1,1,1,5,5,4,5,1,3,2,4,5,4
"P002",3,1,3,2,2,4,5,5,2,2,1,1,2,3,1,1,5,2,5,5,5,1,1,4
"P003",5,3,5,5,5,3,1,4,2,1,1,1,2,3,1,1,1,3,5,3,2,1,3,5
"P004",5,5,2,5,2,2,5,5,1,1,1,1,1,1,1,1,5,2,3,4,4,3,5,1
"P005",5,5,5,2,5,5,5,5,4,1,1,4,2,5,3,1,1,1,3,2,1,1,4,1
"P006",5,5,1,5,2,1,5,5,3,5,5,1,5,5,4,4,1,1,1,2,5,3,4,1
"P007",5,3,1,2,2,3,5,5,4,1,4,1,4,5,5,1,5,1,5,4,5,3,3,4
"P008",5,3,1,4,1,1,1,2,1,5,4,4,5,5,4,5,4,4,5,5,2,4,5,5
"P009",5,2,1,1,1,1,1,1,3,1,4,1,2,5,1,4,1,1,1,2,1,1,1,2
"P010",5,5,5,5,5,5,5,4,1,3,1,4,1,4,1,1,1,1,1,2,2,3,5,3
"P011",5,5,2,5,5,5,5,5,2,5,4,1,3,1,1,3,1,2,3,2,1,1,3,4
"P012",5,5,3,4,2,5,5,2,5,5,4,1,5,2,5,4,1,3,1,3,2,1,1,1
"P013",1,4,3,5,4,5,1,1,4,3,5,4,5,5,5,4,5,4,5,5,4,3,4,1
"P014",3,3,1,1,5,1,1,5,4,5,4,4,5,5,4,3,5,5,5,3,4,1,4,1
"P015",4,4,1,2,2,5,2,2,2,5,2,1,2,1,1,1,1,1,1,2,2,1,4,1
"P016",5,5,5,4,3,4,1,5,2,3,4,5,2,5,1,3,1,5,5,5,3,2,5,4
"P017",1,1,1,2,1,1,1,1,1,1,1,4,5,5,3,4,1,2,1,1,5,4,3,1
"P018",1,2,2,2,4,4,1,5,5,5,4,5,2,5,1,4,1,3,1,5,2,3,5,4
"P019",5,5,5,5,5,4,1,4,5,2,1,2,4,4,1,4,1,1,1,2,2,3,2,2
"P020",5,5,5,5,5,5,5,5,5,5,5,5,5,5,4,5,1,3,5,5,4,3,4,4
"P021",3,5,5,2,2,4,5,4,5,5,1,4,5,5,5,5,1,5,5,5,5,3,4,4
"P022",1,3,5,1,5,2,5,2,2,1,1,1,5,1,1,4,5,1,5,2,2,1,1,1
"P023",5,3,2,2,2,5,2,5,5,1,1,1,5,5,4,4,2,5,5,1,4,4,5,1
"P024",5,5,2,2,2,1,4,4,2,5,4,5,5,4,5,4,1,5,3,2,4,1,1,1
"P025",4,3,1,5,1,3,1,5,5,3,1,1,1,5,4,4,1,3,3,5,2,3,4,3
"P026",1,5,2,2,4,5,4,4,5,5,4,5,5,5,4,5,5,4,1,5,2,3,5,5
"P027",5,5,5,5,5,5,5,4,2,3,1,1,5,1,1,5,5,5,5,1,2,4,1,1
"P028",3,5,5,4,5,4,1,1,5,5,5,1,4,2,4,4,5,5,3,5,5,3,5,4
"P029",5,1,5,4,2,5,1,5,5,1,1,2,2,5,1,3,5,1,3,2,4,5,5,4
"P030",1,3,1,2,1,5,1,2,3,5,1,3,5,3,3,3,4,5,5,3,5,5,5,5
"P031",5,2,5,2,2,5,5,1,5,5,4,4,2,5,4,4,5,1,5,5,4,5,5,4
"P032",2,1,1,5,1,3,5,2,5,1,4,4,5,3,1,5,1,5,5,5,2,5,5,4
"P033",4,5,5,2,1,5,5,5,2,3,1,1,2,1,1,1,1,2,5,1,5,4,5,3
"P034",4,1,1,2,1,3,1,2,5,5,1,4,2,1,1,5,1,1,5,3,5,3,4,4
"P035",5,5,5,5,5,5,3,2,5,5,5,5,5,1,1,5,2,2,1,3,1,1,1,2
"P036",5,3,1,2,1,3,1,1,5,5,1,1,1,4,1,4,4,3,3,2,2,3,5,2
"P037",5,4,3,2,4,3,5,5,4,5,1,1,5,5,2,4,1,2,3,5,2,3,4,4
"P038",5,2,1,2,2,1,5,5,5,5,5,4,5,5,5,1,4,2,1,5,2,1,1,1
"P039",3,5,5,4,2,2,3,5,2,5,1,1,4,1,2,2,1,2,5,4,2,1,4,3
"P040",5,3,2,2,5,4,1,2,5,2,1,1,5,5,1,4,1,1,1,1,2,1,1,1
"P041",5,5,1,5,2,1,5,5,2,1,1,1,1,3,1,3,1,1,1,2,5,2,1,1
"P042",5,5,5,2,5,5,5,5,4,5,4,5,5,5,5,5,1,5,3,2,5,1,5,1
"P043",5,5,5,2,1,4,5,5,4,5,2,4,3,5,5,5,1,1,1,1,1,2,1,1
"P044",5,5,5,1,1,4,5,4,2,5,1,1,2,5,1,3,5,1,1,5,2,1,1,3
"P045",2,3,1,5,1,1,1,5,4,5,1,1,1,1,1,1,5,2,5,5,2,4,4,5
"P046",5,5,3,1,5,3,5,5,2,2,4,1,4,1,1,1,1,1,5,5,5,1,5,1
"P047",5,5,3,5,5,5,5,5,2,2,1,4,2,3,5,5,4,5,5,5,5,5,5,4
"P048",5,5,5,5,5,1,5,5,2,2,5,5,5,2,3,1,4,5,1,5,5,3,4,5
"P049",3,5,1,2,1,4,1,1,3,5,5,5,4,5,4,5,5,2,5,5,1,4,4,5
"P050",5,3,2,5,2,1,1,1,5,5,2,1,5,5,3,5,4,2,5,5,4,5,4,4
"P051",1,4,1,5,4,3,4,5,5,5,5,4,2,5,4,4,1,1,5,2,2,1,4,1
"P052",1,2,1,1,1,1,1,1,3,5,4,5,4,5,3,4,1,1,1,1,5,1,1,1
"P053",1,5,1,5,5,4,1,5,5,3,5,4,4,5,2,4,2,5,5,3,4,4,5,4
"P054",1,2,1,1,1,1,1,2,2,3,4,1,1,1,1,4,5,5,5,5,4,5,5,5
"P055",1,3,1,3,2,1,1,1,5,3,4,1,5,5,1,3,5,1,5,2,2,5,5,3
"P056",5,4,1,2,1,4,5,2,4,3,5,4,3,1,1,4,1,2,1,2,2,3,5,1
"P057",3,1,2,5,2,5,5,1,5,3,5,3,2,2,5,1,1,5,1,2,5,3,1,1
"P058",5,5,1,1,1,3,1,5,2,3,1,1,1,1,1,1,5,5,5,5,5,1,5,5
"P059",5,5,3,5,2,5,5,5,4,3,5,4,2,5,1,1,4,4,3,3,5,3,3,5
"P060",2,4,1,2,2,4,1,2,5,5,5,5,5,5,5,4,1,5,1,2,1,4,5,1
"P061",5,5,3,5,5,4,4,5,5,5,5,4,4,1,5,4,1,4,1,3,5,2,5,4
"P062",3,5,2,5,5,5,1,4,5,5,5,4,5,5,5,2,2,1,1,5,1,5,5,5
"P063",5,5,5,5,5,5,2,5,4,5,5,1,4,5,4,5,1,1,5,1,2,3,1,4
"P064",1,3,5,2,2,1,5,2,2,3,4,1,5,2,4,4,2,1,1,4,1,5,4,1
"P065",5,2,1,2,5,4,5,1,1,1,1,4,3,1,1,4,1,1,5,1,4,4,4,1
"P066",1,3,1,1,2,4,1,2,4,1,5,1,2,1,1,3,5,5,5,1,4,3,3,4
"P067",5,5,5,5,4,5,1,5,2,5,1,5,2,5,1,5,1,2,5,5,1,2,4,2
"P068",5,2,2,4,2,1,3,4,5,1,4,5,2,1,5,5,1,2,1,3,1,3,1,4
"P069",5,4,5,4,5,4,5,5,5,5,5,5,5,5,4,5,5,5,5,5,4,1,4,5
"P070",5,2,1,4,2,3,1,1,4,5,5,3,5,5,1,3,1,1,1,2,1,1,1,1
"P071",1,3,1,2,1,4,1,2,2,2,1,5,3,5,1,3,1,1,3,5,2,1,2,5
"P072",5,5,5,5,5,5,5,5,5,3,5,1,5,1,1,1,1,1,4,3,2,3,4,1
"P073",5,3,5,2,4,3,1,1,1,2,1,1,2,1,1,4,1,1,1,1,2,3,5,4
"P074",4,4,1,1,2,5,5,5,1,1,1,1,3,5,1,1,1,3,2,3,2,1,2,4
"P075",3,4,1,1,2,1,1,2,2,1,5,1,1,1,1,5,2,5,3,2,1,1,1,1
"P076",3,2,5,2,5,5,1,4,5,5,4,4,5,3,5,5,5,1,1,2,2,2,1,1
"P077",3,3,5,2,2,3,5,2,2,5,4,4,5,5,5,5,1,5,5,1,2,1,4,5
"P078",5,5,5,5,4,5,5,2,5,5,5,1,2,5,5,5,1,1,1,3,1,5,3,2
"P079",5,5,5,4,3,4,5,2,5,5,4,1,2,5,1,1,1,1,3,2,1,3,1,1
"P080",3,5,5,5,5,1,5,3,5,5,4,5,4,1,2,5,4,5,5,5,5,5,5,5
"P081",3,2,1,2,1,1,2,4,5,5,5,5,5,5,5,5,4,4,5,5,4,4,5,5
"P082",3,5,5,5,5,5,5,5,2,2,1,1,2,3,1,1,1,1,1,5,2,3,4,5
"P083",4,3,5,2,5,4,1,5,1,2,1,1,2,5,1,1,1,2,3,5,1,1,5,1
"P084",5,4,5,2,2,1,5,5,2,5,4,1,1,1,1,5,1,2,5,5,5,5,2,4
"P085",5,4,5,4,5,5,5,5,4,1,1,1,4,1,1,5,5,1,1,2,1,1,2,1
"P086",5,5,1,5,5,3,5,2,2,1,1,2,1,5,4,4,2,1,1,2,2,3,1,4
"P087",5,3,2,2,2,4,5,2,3,1,4,1,5,5,3,1,1,2,1,5,2,1,2,1
"P088",5,5,2,2,5,5,5,5,5,5,4,5,5,5,3,5,4,2,1,2,5,4,2,1
"P089",1,2,5,4,2,3,1,2,5,2,1,4,1,3,4,1,5,5,5,5,5,5,5,5
"P090",1,4,1,5,5,2,3,5,4,5,5,1,5,5,2,5,1,1,5,5,4,3,4,5
"P091",5,5,5,5,2,5,5,5,1,3,1,1,1,1,1,1,2,2,5,5,5,5,5,5
"P092",5,5,5,4,5,5,4,5,2,3,1,1,1,1,1,4,1,4,5,4,4,3,5,5
"P093",1,1,1,1,1,1,1,3,4,3,4,5,5,5,5,4,1,5,3,5,2,4,5,4
"P094",4,5,2,2,2,1,5,2,5,3,4,4,5,5,5,5,2,5,5,1,2,1,5,2
"P095",5,5,5,4,3,4,5,5,1,1,1,4,2,1,1,3,1,3,5,5,1,1,2,3
"P096",5,5,5,5,5,5,5,4,2,3,4,1,2,3,3,1,5,2,5,5,5,5,5,4
"P097",5,4,5,5,2,5,5,4,2,5,4,4,2,1,1,5,1,5,2,1,2,4,5,4
"P098",5,5,2,5,4,5,1,5,1,1,1,1,1,1,1,1,5,1,5,2,4,5,4,5
"P099",3,5,1,1,2,5,5,2,2,1,1,1,5,1,1,1,4,4,3,5,2,3,2,4
"P100",5,5,5,5,5,3,5,5,4,1,4,1,4,4,1,3,2,1,1,1,2,5,1,1
"P101",5,3,2,4,4,5,5,5,5,5,4,5,5,5,5,5,1,2,1,2,2,1,1,1
"P102",5,5,2,3,1,3,1,2,3,5,4,1,2,1,1,3,5,5,2,1,2,3,1,2
"P103",4,2,1,2,2,1,5,2,5,5,5,5,5,5,5,3,1,3,5,2,2,4,2,5
"P104",2,2,2,1,2,3,5,2,5,5,4,2,5,1,5,5,5,5,3,5,1,5,4,2
"P105",1,3,1,2,1,1,1,3,5,5,4,1,5,5,4,3,1,3,5,5,5,2,4,5
"P106",5,5,5,5,2,4,5,5,2,3,4,1,5,5,1,2,5,5,5,1,2,5,5,5
"P107",1,2,1,4,5,1,1,1,4,3,1,1,2,1,1,3,1,5,1,5,2,1,1,1
"P108",4,3,5,2,5,5,5,5,5,5,5,5,5,5,5,5,1,1,5,1,2,3,3,4
"P109",5,5,5,5,5,4,2,2,2,1,5,1,2,3,2,3,1,1,1,1,1,1,1,1
"P110",5,3,5,2,2,4,2,1,5,3,4,5,2,5,1,4,1,2,2,1,1,1,4,1
"P111",1,4,5,1,2,1,5,2,5,5,1,1,4,5,1,4,5,5,5,4,4,3,4,2
"P112",5,5,5,5,5,5,5,5,2,1,4,1,1,3,1,3,1,3,5,5,2,1,5,5
"P113",1,2,2,5,5,5,5,5,5,5,5,1,5,4,4,5,1,2,1,5,1,1,1,1
"P114",5,3,5,5,2,5,5,5,5,3,5,5,5,3,5,5,1,5,5,3,4,1,5,4
"P115",4,5,5,2,3,1,5,2,4,5,1,4,4,1,5,5,5,5,5,5,4,3,5,5
"P116",5,4,2,2,5,3,5,5,1,3,1,1,1,5,4,1,1,1,5,3,5,1,5,4
"P117",5,5,5,5,2,4,5,2,2,2,1,1,5,5,5,1,4,4,5,2,4,5,5,4
"P118",5,4,5,5,2,5,5,5,4,5,2,5,5,3,3,4,1,3,1,5,2,5,2,1
"P119",5,5,5,5,2,3,5,5,2,5,4,1,1,1,5,5,1,5,1,1,1,1,1,4
"P120",5,5,1,4,2,5,1,2,2,3,1,1,2,5,1,4,1,4,5,2,5,3,5,4
"P121",5,3,5,3,4,4,5,4,2,3,1,1,4,1,4,1,5,1,5,5,4,3,4,4
"P122",3,5,2,2,4,5,5,4,5,3,1,5,2,5,1,5,1,5,5,3,2,3,1,1
"P123",4,5,1,5,5,5,5,1,5,5,4,5,5,5,5,4,1,1,1,5,5,1,3,1
"P124",5,5,5,5,5,3,5,2,2,1,1,4,2,5,1,4,5,5,5,5,5,4,5,2
"P125",1,2,5,2,2,3,3,5,5,5,4,1,2,2,1,5,5,4,5,5,4,5,5,4
"P126",4,5,2,5,5,5,5,2,1,1,1,1,1,1,1,1,5,5,1,4,5,5,5,2
"P127",5,5,5,5,5,5,1,5,4,1,4,1,2,1,1,2,5,5,1,5,2,1,5,5
"P128",5,1,5,1,2,1,5,2,1,1,1,1,1,1,1,1,2,5,5,5,5,5,4,4
"P129",1,2,1,2,1,5,1,4,2,5,4,1,2,5,1,3,1,1,1,2,3,3,4,1
"P130",1,3,1,4,1,1,1,1,2,5,1,1,5,3,5,5,1,1,1,1,2,3,4,1
"P131",3,5,2,4,5,4,5,5,2,3,1,1,2,4,1,5,1,1,1,2,1,2,3,1
"P132",1,5,1,2,1,3,4,1,5,5,5,5,5,5,5,4,1,3,1,1,1,3,1,1
"P133",2,5,2,2,5,5,5,5,5,1,5,1,2,5,1,5,1,1,1,2,5,3,1,2
"P134",4,3,2,5,5,4,5,5,2,3,1,1,2,1,1,1,4,4,5,5,4,3,4,1
"P135",1,5,5,5,5,5,2,4,4,2,5,5,5,5,5,5,5,4,3,5,4,5,1,3
"P136",5,5,1,2,4,4,1,5,1,2,1,2,1,2,1,1,4,2,5,3,5,3,4,4
"P137",4,5,5,5,4,3,5,5,4,2,1,1,2,1,1,5,5,4,5,5,4,5,5,4
"P138",5,5,2,5,1,5,5,2,3,5,5,1,4,5,4,5,5,4,5,3,2,5,1,1
"P139",5,5,2,5,5,5,5,5,5,3,4,4,5,1,4,5,2,1,5,5,5,5,5,5
"P140",5,5,5,5,5,5,5,5,2,1,4,1,2,5,2,1,1,1,5,1,2,3,1,1
"P141",5,5,5,2,2,5,1,5,2,1,4,1,2,5,1,3,4,2,3,5,2,3,5,3
"P142",4,2,5,2,2,1,1,2,4,5,1,1,2,3,1,1,1,2,1,5,2,2,1,4
"P143",1,4,1,4,1,3,5,1,4,1,4,1,2,2,1,1,1,5,1,5,2,5,3,4
"P144",4,4,1,2,2,1,1,5,2,5,1,1,4,5,2,5,1,3,3,2,2,4,4,4
"P145",5,5,1,2,2,5,4,3,1,1,1,1,1,2,1,1,4,4,1,5,4,2,2,2
"P146",1,3,5,4,4,4,5,2,4,1,4,4,2,2,5,5,1,2,3,1,5,1,4,4
"P147",1,5,5,5,5,4,5,4,2,3,4,1,5,2,4,3,1,1,1,1,1,3,1,1
"P148",1,5,2,2,2,1,1,2,2,2,5,1,1,1,5,1,1,3,1,2,1,1,1,4
"P149",4,3,2,5,1,5,5,4,2,3,4,1,2,3,1,1,5,2,1,5,2,5,4,4
"P150",5,5,2,5,5,5,5,2,1,1,1,1,2,1,1,3,5,2,1,1,2,1,4,1
"P151",5,4,2,5,5,4,5,5,2,1,1,1,1,2,1,1,5,1,5,5,2,3,5,4
"P152",1,5,3,2,2,1,5,1,5,5,4,5,5,4,5,5,5,1,3,5,5,3,3,5
"P153",3,5,5,5,5,4,5,5,5,5,5,4,4,5,1,4,2,5,3,3,5,3,5,1
"P154",5,5,5,5,5,5,5,2,5,5,5,5,1,5,5,5,1,1,1,5,5,3,4,1
"P155",5,4,2,4,5,3,1,4,4,3,1,1,2,5,4,1,1,1,1,5,5,3,2,3
"P156",5,5,1,5,2,5,5,5,1,5,2,4,5,5,1,3,1,1,3,4,2,1,1,2
"P157",1,1,1,1,1,2,1,2,1,5,4,1,2,1,1,1,1,1,1,5,2,3,1,2
"P158",1,4,2,5,2,4,5,4,2,1,1,4,2,1,1,3,1,2,1,3,1,3,4,4
"P159",3,2,1,2,2,3,1,5,5,5,4,5,5,2,2,4,5,5,3,5,5,5,1,4
"P160",4,5,2,5,4,4,5,2,1,5,1,1,2,3,1,5,2,5,5,2,5,3,5,1
"P161",1,2,1,1,5,4,1,1,2,2,4,1,1,5,4,3,5,1,5,2,1,1,5,1
"P162",1,2,1,2,2,1,5,1,5,5,5,5,5,5,5,5,1,3,3,1,1,5,1,1
"P163",5,4,5,5,3,5,5,5,2,1,1,1,2,5,1,3,1,5,3,5,1,3,1,1
"P164",5,4,5,4,2,5,5,5,5,3,5,5,5,5,5,5,5,1,5,2,4,5,2,3
"P165",5,4,3,4,5,4,5,2,2,2,4,1,4,5,1,5,2,3,5,5,5,3,4,1
"P166",5,4,5,4,4,4,1,1,5,5,4,5,5,5,5,3,2,5,5,5,5,1,4,3
"P167",3,4,2,4,5,5,5,5,1,1,1,1,2,1,1,5,1,1,1,4,2,3,5,4
"P168",5,5,5,5,5,1,5,4,1,3,1,1,4,2,1,4,1,5,5,2,4,3,4,1
"P169",5,3,2,1,4,4,1,1,4,5,4,4,4,5,5,5,5,5,5,5,2,3,4,1
"P170",5,5,5,5,5,5,5,5,4,2,4,1,5,4,1,1,1,1,3,2,1,5,1,5
"P171",5,5,5,5,5,5,5,5,2,5,1,2,2,5,1,1,5,5,5,5,5,5,5,5
"P172",3,2,1,2,1,1,1,1,2,5,1,1,5,4,4,3,2,2,3,4,5,3,1,5
"P173",5,5,5,5,5,5,5,5,2,1,4,5,2,5,5,5,1,3,3,5,2,3,5,2
"P174",1,5,1,5,1,5,1,5,5,5,5,4,2,2,1,1,1,5,3,3,5,4,2,5
"P175",3,3,1,1,1,1,1,1,5,5,1,4,1,5,1,1,1,2,5,2,1,1,2,1
"P176",5,5,5,4,2,5,5,5,1,1,4,1,1,1,1,1,2,2,5,5,5,5,1,5
"P177",3,5,1,4,1,5,1,3,2,2,1,1,1,1,1,1,2,5,1,5,2,3,4,4
"P178",1,3,1,4,5,5,1,2,2,1,1,1,5,1,1,1,1,3,5,2,5,3,1,1
"P179",2,3,1,1,1,5,1,1,5,3,4,1,5,5,4,3,1,1,1,5,5,3,4,2
"P180",5,5,5,5,5,5,5,5,5,5,4,1,1,5,2,1,5,1,5,1,2,5,5,1
"P181",5,5,5,5,4,3,5,5,5,3,4,1,5,5,1,5,1,1,1,2,2,1,4,1
"P182",5,5,5,2,4,5,5,5,2,5,4,1,2,5,2,4,2,1,5,2,1,5,5,1
"P183",5,5,2,5,5,1,5,2,1,5,1,1,1,1,1,1,1,1,1,3,1,5,1,3
"P184",5,5,5,4,5,4,5,4,5,5,1,5,4,4,5,3,1,1,5,2,1,3,3,1
"P185",4,1,1,1,2,1,1,1,4,5,4,4,5,5,1,4,5,3,5,1,2,5,4,4
"P186",3,5,2,2,3,1,1,5,4,2,1,1,3,1,1,1,3,1,2,5,2,4,1,2
"P187",3,3,2,2,2,4,1,4,5,5,4,2,5,5,1,3,1,1,1,1,2,2,5,1
"P188",4,2,5,5,2,1,5,2,2,5,4,1,1,2,2,1,1,4,3,4,2,3,5,4
"P189",3,5,5,2,5,4,5,5,4,5,4,4,4,2,5,5,1,5,1,5,1,3,1,1
"P190",1,2,1,2,1,3,5,2,2,1,4,1,1,5,5,1,1,5,3,1,1,5,1,2
"P191",5,5,5,2,4,5,5,5,4,1,4,1,5,5,5,1,5,4,5,2,1,1,1,5
"P192",1,2,1,4,1,1,1,1,4,5,5,1,5,3,4,4,1,4,3,5,5,2,4,5
"P193",4,3,1,1,5,2,5,2,5,1,1,1,2,1,5,2,1,1,1,1,1,3,1,1
"P194",4,3,1,5,2,4,1,4,5,5,4,5,5,1,1,5,4,2,5,2,2,4,1,4
"P195",1,1,1,5,2,1,1,2,4,3,1,4,5,1,2,3,4,5,3,5,2,1,5,4
"P196",1,2,1,1,1,4,5,2,5,5,4,1,4,5,1,4,1,1,1,5,2,4,1,4
"P197",5,1,1,1,2,5,1,5,2,3,4,1,5,4,5,5,1,2,1,1,1,1,1,2
"P198",5,3,5,5,5,4,5,5,2,1,1,1,1,1,1,1,5,2,1,2,4,1,2,1
"P199",3,3,2,2,1,1,1,1,2,3,5,1,2,5,3,3,5,5,5,5,5,3,5,1
"P200",2,3,1,2,1,2,1,2,4,1,4,1,4,5,3,1,1,4,3,1,1,3,1,5
"P201",4,5,1,1,2,2,3,2,2,5,4,1,1,1,4,1,4,2,5,3,2,3,5,4
"P202",4,4,1,2,5,5,5,3,5,5,4,5,5,5,5,5,1,1,5,5,1,1,1,1
"P203",5,2,5,5,2,2,2,5,2,2,4,1,1,1,4,1,1,5,1,5,2,3,1,4
"P204",3,3,1,5,1,1,1,1,2,3,1,1,2,1,3,1,1,1,3,2,2,1,2,1
"P205",1,3,1,2,1,4,5,1,5,5,4,4,5,3,5,5,2,4,1,5,1,3,5,4
"P206",5,3,1,2,5,4,5,2,5,5,4,1,5,5,4,5,1,2,5,2,2,1,4,5
"P207",5,5,1,5,5,4,5,5,2,3,4,1,1,3,2,3,5,3,5,5,2,3,4,4
"P208",1,3,5,1,2,1,5,1,3,5,1,4,2,5,1,3,1,5,5,2,1,2,4,5
"P209",4,3,1,2,4,4,1,2,4,1,4,1,4,4,1,1,1,2,5,5,2,3,1,1
"P210",5,3,5,5,5,4,5,5,1,1,4,4,1,4,4,1,4,5,5,1,2,2,1,4
"P211",1,2,1,2,1,1,1,1,2,5,4,1,1,1,4,1,1,3,1,2,2,1,5,2
"P212",5,5,5,2,3,1,2,5,2,1,1,1,2,2,2,1,5,3,5,5,2,4,5,1
"P213",5,5,5,1,5,5,5,5,4,1,1,1,1,1,4,3,4,4,5,3,5,3,1,4
"P214",4,3,1,2,2,5,5,5,5,5,1,5,5,5,5,4,1,3,5,5,1,3,1,4
"P215",1,1,1,1,1,3,1,2,2,3,1,1,1,5,4,5,5,4,5,5,5,5,5,5
"P216",1,4,2,2,1,5,2,5,3,5,4,1,2,1,1,4,1,4,5,2,1,5,2,4
"P217",3,3,2,2,1,4,5,4,1,3,4,1,2,2,1,3,4,5,5,4,5,5,5,5
"P218",5,5,5,5,2,4,5,5,5,5,5,1,3,5,4,5,4,5,1,2,2,3,1,1
"P219",5,4,5,5,2,5,5,4,2,1,4,4,1,1,4,4,5,4,1,2,2,3,2,2
"P220",4,4,1,2,2,1,5,4,4,5,5,1,2,5,4,4,5,2,5,5,4,5,4,1
"P221",3,2,1,1,1,1,1,1,5,5,4,1,1,2,1,4,1,2,1,2,1,4,4,1
"P222",5,5,5,5,5,1,5,5,1,1,1,1,1,1,1,1,2,5,1,1,2,5,4,1
"P223",5,3,1,3,1,2,1,2,3,1,4,1,2,4,5,3,2,4,1,5,1,4,5,1
"P224",1,1,5,4,2,1,5,2,4,3,4,4,5,5,5,3,1,1,5,2,1,3,1,2
"P225",5,5,5,5,5,1,5,4,5,5,4,5,5,1,4,5,1,4,5,1,2,1,2,2
"P226",5,5,5,1,5,5,5,5,2,1,4,1,2,5,1,5,1,2,1,3,2,1,1,1
"P227",3,5,2,2,1,2,1,2,2,1,1,1,2,1,1,1,5,2,1,3,5,3,3,1
"P228",1,1,1,2,1,2,1,4,5,5,5,5,5,4,4,4,1,1,5,5,5,5,5,2
"P229",5,3,5,5,5,5,5,5,4,1,1,1,5,1,1,1,5,2,5,5,5,3,5,5
"P230",1,2,1,1,1,2,1,1,5,3,5,4,5,5,1,5,1,4,1,2,2,1,4,1
"P231",1,1,1,4,2,3,1,1,5,5,4,5,4,5,5,5,4,1,3,2,2,3,1,5
"P232",5,5,5,5,4,2,5,2,1,2,5,1,2,1,1,3,5,5,1,2,2,5,5,4
"P233",1,2,2,5,2,3,5,5,2,1,4,4,4,3,3,1,1,5,5,5,4,4,3,1
"P234",3,3,1,2,2,3,1,2,5,1,1,4,1,5,1,5,2,5,5,5,1,5,3,5
"P235",5,3,2,5,1,3,5,4,5,5,5,5,5,5,5,5,5,5,5,5,2,4,5,5
"P236",5,1,3,4,5,3,2,2,2,2,1,1,3,5,5,5,1,5,1,4,4,1,1,1
"P237",5,3,2,4,5,4,5,5,3,5,1,4,2,5,3,4,1,2,2,5,2,1,3,4
"P238",5,5,2,5,5,5,5,5,2,5,1,1,2,1,4,3,5,1,5,2,5,5,5,4
"P239",3,3,2,1,5,5,5,5,5,5,4,5,3,5,5,5,5,5,5,3,2,4,5,4
"P240",5,5,2,2,1,4,5,4,5,3,1,1,5,5,5,5,4,1,2,2,1,5,2,1
"P241",3,2,1,1,5,3,1,1,5,5,5,1,2,5,1,3,2,3,5,2,2,2,4,4
"P242",3,4,5,4,4,4,1,2,2,1,4,2,2,3,1,1,4,5,1,5,4,3,1,5
"P243",5,5,3,5,5,5,5,5,2,3,1,1,5,5,2,5,1,3,5,2,2,4,3,3
"P244",5,3,1,2,2,5,5,1,2,5,4,1,2,1,5,3,1,1,2,2,2,2,1,1
"P245",5,5,2,5,5,4,5,4,3,5,4,4,5,5,5,3,1,5,1,2,2,3,1,4
"P246",5,4,5,1,5,5,5,5,5,1,2,4,2,1,1,5,1,1,5,2,1,3,1,5
"P247",1,1,1,1,1,3,1,1,2,1,1,1,1,5,4,1,2,1,1,3,4,4,4,1
"P248",4,5,5,2,1,3,5,5,2,1,4,1,2,1,2,3,1,2,3,2,1,1,5,2
"P249",5,5,5,2,1,5,5,2,2,3,5,5,2,5,4,1,1,2,5,5,2,3,1,4
"P250",1,2,5,4,2,5,1,5,1,1,4,2,2,5,4,3,5,5,5,5,2,3,4,2
"P251",3,4,1,5,5,5,5,2,5,3,5,5,5,5,4,5,1,2,5,1,4,4,1,1
"P252",5,5,5,4,5,3,3,5,2,1,1,5,2,5,5,4,1,2,5,3,2,3,4,1
"P253",5,4,5,5,2,4,5,3,2,5,5,1,5,3,5,5,1,4,5,2,4,2,2,2
"P254",5,2,1,1,2,2,1,2,2,5,1,5,4,5,2,1,1,2,5,3,1,1,1,1
"P255",5,3,1,1,1,5,3,2,5,5,1,4,4,5,5,5,1,1,1,3,1,1,1,4
"P256",5,1,2,2,2,1,4,2,5,3,5,4,5,5,5,4,5,1,3,5,5,1,1,1
"P257",1,5,1,1,5,4,5,5,5,5,5,5,4,3,3,5,4,3,5,3,3,1,2,3
"P258",5,1,1,2,2,1,1,2,2,5,5,4,2,5,1,5,3,4,5,1,2,2,3,1
"P259",5,3,5,5,5,3,5,5,5,3,4,1,1,3,1,3,5,1,5,3,5,5,4,5
"P260",5,5,1,5,5,5,5,5,5,1,5,4,4,5,1,4,2,5,1,5,1,3,4,1
"P261",1,3,1,2,2,1,5,5,1,1,4,1,2,1,4,3,2,2,5,2,2,5,4,5
"P262",5,5,3,2,5,4,5,5,4,2,1,4,1,5,1,5,5,5,5,3,2,3,3,3
"P263",5,3,1,2,1,3,1,2,5,5,1,5,5,5,4,5,4,1,3,1,4,5,1,5
"P264",5,5,2,4,4,5,5,5,1,1,1,2,2,1,1,5,5,3,5,2,5,5,5,4
"P265",3,3,5,2,2,5,5,2,5,1,1,1,3,1,2,4,1,1,1,5,2,2,1,1
"P266",3,3,2,2,2,5,1,2,3,1,3,4,4,2,5,3,5,5,5,5,5,5,5,5
"P267",2,3,2,2,2,1,1,1,4,3,4,1,3,5,1,4,1,5,2,4,4,3,5,4
"P268",5,5,2,5,5,4,1,5,5,1,1,1,5,4,1,5,2,1,1,2,2,3,5,2
"P269",1,4,2,5,2,3,5,4,5,5,5,4,5,5,5,5,1,5,5,2,2,3,5,4
"P270",5,5,5,4,5,3,5,5,5,2,4,4,2,4,4,5,5,2,5,5,5,5,5,5
"P271",5,5,5,5,2,1,5,5,5,5,5,5,5,5,3,5,5,4,2,5,1,3,5,4
"P272",5,5,5,4,1,4,2,4,5,5,5,1,5,3,1,1,4,5,5,5,5,1,5,5
"P273",5,5,1,4,5,4,5,4,2,3,4,2,2,5,4,5,1,5,5,3,1,3,1,1
"P274",5,5,5,5,1,5,1,2,2,1,1,1,2,1,4,1,5,4,5,4,4,3,5,1
"P275",1,3,1,5,1,3,5,4,4,5,1,1,3,4,1,4,1,3,1,5,2,2,1,4
"P276",5,5,5,5,5,2,5,2,1,1,4,1,4,1,1,1,4,5,5,5,5,4,4,5
"P277",5,5,2,5,5,2,5,5,5,2,4,5,5,3,4,3,1,2,5,5,5,5,1,5
"P278",4,5,1,4,5,1,5,5,2,3,1,1,5,5,5,5,5,4,3,5,4,3,2,1
"P279",1,1,1,1,1,1,1,2,2,3,4,1,5,5,1,2,1,2,5,1,1,1,1,1
"P280",3,2,5,2,1,1,1,1,1,1,4,1,1,1,1,1,1,2,1,5,1,1,1,1
"P281",1,4,1,2,2,3,5,3,2,2,4,1,3,5,2,1,1,5,3,2,2,3,2,5
"P282",5,5,2,5,5,4,1,3,1,1,4,1,1,1,1,1,1,5,1,3,5,4,2,1
"P283",1,3,1,2,4,1,1,2,2,1,1,1,4,5,1,5,5,2,1,2,2,3,2,1
"P284",5,5,5,5,5,5,5,5,2,5,4,5,5,1,3,1,1,3,5,2,2,4,5,4
"P285",5,3,2,2,4,5,5,2,1,2,4,1,1,3,1,1,5,4,5,2,2,5,1,1
"P286",1,1,1,1,1,1,1,1,5,5,1,1,2,1,4,5,1,5,5,5,5,1,2,4
"P287",3,2,2,3,2,1,1,4,4,5,5,1,2,5,1,1,5,2,5,5,2,5,4,4
"P288",3,4,1,2,1,5,1,2,5,5,5,5,5,5,5,5,5,2,5,5,4,3,4,1
"P289",1,5,1,5,5,1,5,5,2,3,5,4,5,5,5,5,2,1,3,2,4,2,3,1
"P290",2,2,1,5,2,1,1,3,5,5,5,4,5,5,4,5,1,1,3,5,4,3,3,1
"P291",5,3,1,4,1,1,5,5,2,5,4,1,5,1,4,1,2,1,5,2,1,3,4,1
"P292",4,3,5,2,5,5,4,2,2,5,1,1,5,5,5,5,5,1,1,5,2,1,5,2
"P293",1,3,2,2,5,3,1,2,4,5,4,2,1,3,4,5,5,5,3,5,5,5,4,4
"P294",5,5,1,2,2,5,5,5,2,5,1,1,4,5,3,1,1,1,1,5,4,1,5,1
"P295",1,3,2,2,1,3,4,2,2,1,4,1,1,3,1,5,5,4,5,5,1,5,5,1
"P296",1,4,1,5,3,5,1,5,1,1,4,1,5,5,1,1,5,3,3,2,5,3,5,5
"P297",5,5,1,4,1,3,1,4,3,5,1,5,5,5,5,1,2,1,3,4,4,4,5,5
"P298",5,5,5,5,2,5,5,5,1,5,1,4,5,1,1,1,5,4,3,5,2,1,3,5
"P299",5,3,5,4,5,4,1,2,5,3,4,5,5,3,4,4,5,5,3,1,4,3,5,5
"P300",5,5,5,5,5,5,5,5,5,3,4,4,2,5,5,4,1,1,1,1,4,1,4,1
"P301",4,4,1,5,2,3,5,1,5,1,1,4,2,1,5,5,4,1,5,2,4,3,2,1
"P302",5,5,5,2,4,5,1,4,1,3,4,1,2,4,1,3,1,2,1,1,1,3,1,1
"P303",2,1,5,2,2,1,1,1,5,5,4,5,5,5,4,5,4,5,5,3,5,5,5,2
"P304",1,2,5,2,2,5,1,2,1,1,1,4,4,5,1,1,1,4,1,5,5,5,5,1
"P305",5,5,1,5,5,5,5,5,5,5,4,2,5,5,5,4,1,1,3,5,5,3,5,4
"P306",4,5,2,5,2,4,5,2,4,1,1,1,1,3,1,1,1,3,1,5,2,5,2,4
"P307",1,1,1,2,1,3,5,5,5,5,4,3,5,1,5,5,5,5,3,2,4,5,5,1
"P308",1,4,2,5,2,3,5,1,5,5,5,1,4,5,1,5,1,1,1,1,1,1,1,1
"P309",5,3,1,5,1,5,5,3,4,5,4,1,3,5,1,4,1,1,1,2,4,1,1,1
"P310",1,5,5,2,3,1,5,5,1,1,1,1,2,5,1,1,4,4,3,5,5,3,5,1
"P311",5,5,5,5,4,5,1,5,5,2,1,5,2,1,1,4,1,1,1,1,2,3,3,1
"P312",5,1,3,5,1,3,5,2,5,5,5,4,5,5,5,5,2,2,1,5,2,3,5,1
"P313",5,5,1,2,4,1,5,5,5,5,5,5,5,5,5,5,4,5,3,5,5,5,5,4
"P314",1,1,1,2,1,3,1,1,5,5,1,5,4,5,5,3,1,2,1,1,1,1,1,1
"P315",4,2,1,2,5,3,1,2,3,1,1,1,2,2,1,1,1,1,1,3,4,1,1,1
"P316",5,4,3,5,3,4,5,5,2,1,4,1,2,1,1,3,5,3,3,3,2,3,4,4
"P317",5,5,5,2,5,1,5,5,5,1,1,1,2,1,1,4,1,2,5,2,1,5,5,1
"P318",5,5,1,4,5,2,1,4,2,5,1,1,5,5,1,1,5,2,1,2,2,3,2,3
"P319",5,5,5,5,5,5,5,4,4,1,5,1,4,3,5,3,1,2,3,5,2,3,1,1
"P320",3,3,2,2,2,1,5,2,2,1,5,4,1,3,5,1,5,4,5,5,2,1,4,4
"P321",1,2,5,3,2,2,5,2,1,1,1,1,2,1,1,3,1,1,1,5,1,1,1,1
"P322",1,5,1,4,5,2,1,5,4,2,4,1,3,2,3,5,3,2,5,5,5,3,3,4
"P323",5,5,5,4,5,5,5,5,3,5,5,2,1,1,5,3,1,4,1,3,2,3,4,1
"P324",3,5,2,2,2,5,1,5,3,3,1,1,4,1,1,1,1,5,1,1,2,3,5,1
"P325",5,5,2,5,2,5,5,2,4,1,4,1,2,5,5,5,4,5,5,5,5,3,4,3
"P326",5,3,3,5,5,5,5,2,5,5,5,5,5,5,5,5,1,2,1,2,1,1,5,2
"P327",5,5,5,2,4,5,1,4,4,5,5,1,5,3,4,5,5,5,1,5,2,4,4,2
"P328",4,5,1,4,2,4,5,5,2,1,4,1,1,5,1,1,1,1,1,2,5,3,1,1
"P329",5,5,2,4,2,5,1,2,2,3,5,4,5,5,4,4,4,2,1,5,4,5,4,1
"P330",3,5,5,2,5,5,4,5,2,3,1,4,2,2,1,2,5,4,1,2,2,3,5,4
"P331",3,5,2,2,1,4,1,1,4,1,1,1,1,1,1,1,4,2,5,5,5,2,4,2
"P332",3,3,5,4,4,5,1,2,2,1,4,1,5,5,1,5,1,3,5,5,2,4,4,5
"P333",3,3,2,2,4,1,1,5,5,5,4,1,5,5,1,3,5,4,5,5,5,5,5,5
"P334",5,5,3,2,5,4,3,5,2,3,2,4,5,5,4,1,4,2,3,5,5,4,1,2
"P335",5,5,2,1,1,5,1,5,5,5,4,1,2,4,2,4,5,3,1,5,4,4,5,4
"P336",1,4,1,3,1,3,1,1,2,1,1,1,1,1,1,1,2,1,1,2,2,1,2,1
"P337",3,1,1,2,2,1,5,5,5,5,4,1,5,5,4,5,1,2,1,2,2,1,1,2
"P338",1,3,1,2,2,1,1,2,5,3,1,4,4,1,5,4,2,1,3,5,5,3,5,5
"P339",3,5,1,2,5,2,1,5,1,3,1,1,1,1,4,3,1,2,3,5,1,3,2,1
"P340",3,1,1,1,1,1,1,1,5,5,1,2,4,2,1,5,5,4,3,5,2,3,5,5
"P341",5,5,5,4,2,3,3,5,5,3,4,1,5,5,4,5,1,1,5,2,1,1,1,5
"P342",5,2,1,4,1,5,2,5,5,3,4,5,5,5,4,5,1,1,1,1,1,3,1,1
"P343",1,5,1,2,1,1,1,1,3,3,1,5,4,1,3,4,4,2,5,2,2,3,3,4
"P344",5,1,1,5,2,1,4,5,1,3,1,1,2,1,3,1,5,1,5,5,5,5,5,5
"P345",5,4,3,1,4,4,1,2,5,5,1,1,2,5,4,5,1,3,5,5,4,4,4,5
"P346",3,5,1,5,1,5,5,4,5,2,1,4,5,5,2,3,1,3,1,3,2,1,3,1
"P347",3,2,1,2,2,5,1,2,4,1,1,1,5,4,4,5,2,1,5,2,1,5,5,5
"P348",3,5,5,5,5,3,5,5,5,5,5,5,5,5,5,4,4,5,5,5,2,1,1,2
"P349",5,5,5,5,5,5,5,2,2,5,5,5,5,5,5,3,1,1,5,1,2,5,1,2
"P350",5,4,2,4,1,1,5,5,2,5,4,1,5,3,1,1,1,1,2,2,2,1,1,3
"P351",5,5,5,5,5,5,5,5,2,3,4,1,1,3,1,1,5,2,3,5,2,3,4,4
"P352",4,3,1,5,2,3,1,2,5,2,2,4,2,1,1,1,1,2,1,5,2,4,5,2
"P353",5,5,1,3,2,5,5,3,2,1,1,1,3,1,1,1,4,5,1,2,5,2,1,5
"P354",3,3,5,5,2,4,5,5,2,3,4,1,2,3,5,4,5,3,5,5,2,3,4,4
"P355",5,3,1,5,3,4,1,5,3,5,1,1,2,5,5,4,1,1,1,5,4,3,4,1
"P356",1,4,2,2,1,1,1,2,1,1,4,1,1,1,1,1,5,5,5,5,4,5,5,4
"P357",3,3,1,2,2,3,1,2,1,1,1,1,1,1,1,1,5,4,1,3,1,5,5,5
"P358",1,1,1,5,2,1,1,1,5,1,4,5,4,1,1,5,5,2,1,1,5,4,4,4
"P359",5,5,5,5,4,5,1,5,1,1,1,5,2,3,1,1,1,5,3,2,1,1,1,3
"P360",5,5,1,5,5,4,5,5,1,3,1,1,1,1,1,1,1,3,1,3,1,4,1,5
"P361",5,5,5,2,5,5,5,4,2,5,1,5,5,5,1,4,1,5,1,1,1,3,4,1
"P362",1,3,1,2,1,5,5,2,5,5,5,4,5,5,5,5,1,3,1,5,2,1,2,1
"P363",5,3,5,5,5,4,5,5,2,5,4,1,2,1,1,3,2,5,5,5,5,3,3,4
"P364",1,3,2,2,5,1,4,5,5,5,5,5,5,3,5,5,1,5,1,2,2,4,4,4
"P365",1,5,1,2,1,1,5,2,5,5,5,5,5,5,4,5,5,5,3,5,4,5,2,4
"P366",4,3,1,2,5,3,2,2,5,3,4,5,5,5,5,4,1,3,3,2,4,1,5,1
"P367",5,2,5,2,4,3,5,4,5,5,4,5,5,5,1,5,5,2,5,3,4,3,4,2
"P368",5,5,5,5,5,4,5,5,1,1,1,1,4,5,1,1,1,4,5,5,1,4,5,1
"P369",5,5,5,2,3,5,5,4,1,5,4,5,5,5,5,5,2,2,2,1,2,3,5,1
"P370",5,1,5,5,5,5,4,5,1,1,4,5,1,1,1,5,2,4,2,5,4,3,2,4
"P371",5,5,5,5,5,5,5,5,4,1,1,1,2,1,1,4,4,5,1,3,4,3,5,1
"P372",5,5,5,2,5,5,5,5,5,1,4,4,5,3,1,4,5,5,5,5,5,5,5,5
"P373",5,3,1,5,5,5,5,1,4,1,1,1,2,2,4,3,4,1,1,1,5,1,2,1
"P374",5,5,5,5,2,5,5,5,4,5,5,5,5,5,4,5,5,5,5,5,5,5,5,5
"P375",5,3,5,5,2,1,5,2,4,5,5,4,5,3,1,5,1,5,1,2,1,3,1,1
"P376",3,2,5,2,2,5,5,2,5,1,1,1,1,5,1,1,1,2,5,5,5,5,5,4
"P377",5,4,5,5,1,5,5,5,2,5,4,4,1,3,4,5,1,2,1,3,2,1,1,1
"P378",4,5,3,5,5,3,5,4,5,1,4,1,3,1,5,3,1,1,2,5,2,5,5,1
"P379",5,4,5,5,2,5,1,2,5,2,4,1,5,5,1,5,5,5,5,5,4,3,5,4
"P380",5,1,1,2,1,4,1,1,5,1,3,2,1,3,1,3,1,2,1,5,2,1,3,1
"P381",5,3,1,2,1,5,5,5,4,1,4,4,5,5,3,3,5,5,5,5,5,5,5,2
"P382",5,4,5,4,2,5,5,5,5,5,5,4,2,1,5,1,1,1,1,4,2,1,4,1
"P383",5,5,5,5,5,5,5,5,2,1,5,1,4,1,3,2,1,5,5,5,5,5,1,4
"P384",1,5,1,5,5,1,1,1,2,2,4,4,2,1,1,3,1,2,5,2,4,5,2,2
"P385",5,5,1,5,5,5,5,5,1,1,1,4,2,1,5,1,2,5,5,5,3,3,5,1
"P386",5,3,1,2,5,3,5,4,2,3,4,1,1,1,1,4,1,4,2,2,2,1,1,2
"P387",5,1,5,4,5,5,5,2,5,5,5,5,4,5,1,5,2,2,1,5,4,4,1,1
"P388",5,4,1,2,5,5,5,1,5,5,4,5,2,5,5,1,2,3,1,5,1,3,1,1
"P389",3,2,1,2,1,3,1,2,3,1,5,1,1,1,1,4,5,5,5,5,5,5,5,5
"P390",5,5,5,5,5,4,5,5,4,5,4,1,1,5,1,5,1,3,2,2,4,5,1,5
"P391",5,5,5,2,5,1,2,5,4,5,1,4,2,3,5,4,1,1,3,5,4,3,2,5
"P392",1,1,1,1,1,1,1,2,2,5,4,5,4,2,1,4,2,3,3,2,4,3,5,3
"P393",3,3,2,5,2,5,5,2,5,5,4,4,4,4,4,5,1,5,5,5,1,5,4,1
"P394",5,5,5,5,1,5,5,5,5,5,5,5,5,5,5,5,2,1,1,2,4,3,5,4
"P395",5,3,1,5,3,5,5,5,1,3,1,1,5,5,2,1,1,1,1,2,1,1,1,1
"P396",1,3,5,2,2,5,5,1,4,5,4,4,4,1,5,5,4,4,3,5,5,5,5,5
"P397",5,3,1,5,2,5,5,2,1,5,4,5,2,1,4,4,1,5,1,2,1,1,2,1
"P398",2,3,2,1,5,3,3,5,4,5,4,1,1,1,4,4,1,5,3,5,5,3,5,5
"P399",1,5,2,2,2,3,1,2,2,1,4,4,5,5,4,5,4,2,5,5,5,4,2,2
"P400",5,5,5,2,5,5,2,2,5,1,4,5,5,5,5,5,1,1,5,3,1,2,1,1
"P401",5,5,5,1,3,5,1,5,4,1,1,1,2,1,1,1,2,4,3,5,1,3,4,1
"P402",1,2,1,2,4,1,1,3,4,2,4,1,4,5,4,5,2,5,5,5,4,3,5,2
"P403",5,5,5,5,5,5,5,2,1,1,1,1,1,1,3,1,1,5,3,2,2,1,1,1
"P404",1,2,1,5,2,4,5,1,4,1,4,1,2,3,1,3,4,1,3,3,4,3,4,4
"P405",5,5,1,2,5,5,5,2,5,5,4,1,2,5,5,3,5,1,5,5,4,3,3,5
"P406",1,3,1,1,2,4,1,2,4,5,1,1,2,4,1,5,1,1,1,2,1,3,4,1
"P407",1,3,5,5,1,4,1,2,5,3,4,5,5,3,4,5,1,1,3,3,1,3,1,1
"P408",5,4,1,5,4,1,5,5,4,1,1,1,2,5,1,5,1,3,5,5,2,1,4,4
"P409",1,4,1,5,5,1,1,1,5,5,4,4,4,5,5,4,1,1,1,1,2,1,4,3
"P410",3,3,1,2,4,4,5,5,2,2,1,1,5,5,4,1,4,3,3,5,2,3,5,4
"P411",3,5,3,5,2,5,5,5,2,5,5,4,5,5,4,5,5,1,1,5,2,4,5,4
"P412",1,2,5,4,2,1,1,4,5,3,1,1,3,5,4,3,4,4,5,2,5,4,5,4
"P413",1,5,1,2,1,1,1,3,3,5,1,1,1,1,1,4,1,4,3,1,3,3,4,4
"P414",5,3,2,5,5,3,1,2,2,3,4,1,1,5,5,1,4,2,3,2,2,4,1,4
"P415",3,5,5,1,5,3,5,5,2,3,1,1,2,1,1,4,2,1,1,2,2,1,4,5
"P416",5,5,1,5,4,2,5,5,5,3,5,1,5,5,5,5,5,5,5,2,5,3,5,1
"P417",5,5,5,2,5,3,5,4,5,2,1,1,1,1,1,4,1,1,5,5,2,1,2,4
"P418",4,5,5,5,5,5,5,5,5,2,4,5,5,5,1,3,4,4,1,3,2,1,2,1
"P419",5,4,5,5,5,5,5,5,4,3,4,1,2,5,4,4,5,5,5,2,5,3,4,5
"P420",1,3,1,1,1,3,1,3,2,2,4,1,1,1,1,1,1,4,3,2,5,1,5,1
"P421",5,3,1,2,1,2,1,2,1,1,1,1,1,1,1,1,1,5,5,5,2,1,3,1
"P422",3,2,1,5,1,2,1,2,1,1,1,1,1,1,1,1,1,2,1,5,2,1,1,4
"P423",5,5,2,2,1,3,5,1,2,5,1,1,3,5,1,5,2,1,1,1,4,1,4,1
"P424",1,5,2,5,5,5,1,4,5,2,5,1,2,1,1,5,1,5,5,2,4,1,4,4
"P425",5,5,5,5,5,5,5,5,1,2,1,1,2,1,1,1,5,5,5,5,2,3,4,4
"P426",5,5,1,4,5,5,5,5,3,3,5,1,1,1,1,3,5,4,5,3,2,3,5,1
"P427",1,1,1,2,1,1,1,2,5,1,4,4,5,5,4,5,1,2,5,5,5,1,5,4
"P428",5,3,1,2,2,4,1,1,4,1,4,3,2,2,1,4,4,5,5,1,2,5,5,2
"P429",5,3,2,5,5,3,5,5,2,1,4,1,4,5,1,4,1,1,3,3,5,3,5,1
"P430",3,2,1,5,1,1,5,4,5,5,4,5,2,5,1,4,1,5,5,5,5,5,5,5
"P431",5,5,5,2,2,5,5,2,3,5,5,5,5,2,5,4,1,2,5,3,4,1,1,2
"P432",1,5,5,4,2,4,5,1,5,5,4,1,2,1,4,4,4,5,1,3,4,1,5,5
"P433",5,3,1,2,5,1,5,5,5,5,4,4,5,5,4,5,1,1,1,1,2,3,1,1
"P434",5,2,3,4,1,1,1,4,2,1,1,1,2,1,2,5,5,1,4,2,2,2,1,4
"P435",3,5,1,5,5,5,5,5,5,1,1,1,2,1,1,1,1,1,1,1,2,1,2,1
"P436",3,2,2,5,5,4,2,5,5,2,1,5,4,5,1,3,1,1,3,2,5,5,3,2
"P437",5,2,1,4,1,5,1,1,1,1,2,4,2,2,1,4,1,1,1,2,2,3,1,1
"P438",3,4,1,2,1,1,5,4,2,1,1,4,3,5,1,3,1,1,1,1,2,1,2,2
"P439",5,5,5,5,5,5,5,5,1,1,1,1,1,1,1,1,5,5,1,5,5,5,5,5
"P440",1,3,2,2,4,1,5,3,5,5,5,5,5,3,5,5,1,2,1,5,1,1,1,1
"P441",5,5,5,5,5,3,5,5,2,1,1,1,1,1,1,4,4,5,1,5,2,1,5,4
"P442",5,5,5,5,5,5,5,5,4,5,4,4,5,5,5,5,5,5,5,2,2,5,5,2
"P443",3,2,1,2,3,1,1,2,2,1,1,1,1,5,1,3,1,3,1,2,1,3,1,1
"P444",5,5,1,4,1,3,1,2,2,3,4,1,2,5,1,4,2,3,3,3,5,1,2,4
"P445",5,3,1,2,4,3,1,5,1,3,1,2,5,5,4,5,1,5,1,2,2,1,4,4
"P446",3,5,5,1,5,5,5,5,5,1,5,1,5,3,3,4,1,2,1,2,2,2,2,1
"P447",1,2,1,1,1,3,1,2,2,5,4,1,5,5,1,5,5,3,5,5,5,5,5,3
"P448",1,4,1,2,4,2,1,1,5,5,4,4,2,5,5,5,2,2,5,5,2,4,5,5
"P449",5,4,5,2,2,5,5,2,4,5,1,1,1,1,4,3,5,2,5,2,2,4,4,5
"P450",5,5,5,4,5,5,3,5,2,5,1,1,2,1,1,1,4,5,3,2,1,5,5,5
"P451",5,1,1,1,5,4,5,5,5,1,4,1,5,5,5,5,4,2,5,3,2,3,2,1
"P452",5,5,2,2,5,5,5,5,4,1,5,5,2,5,2,4,4,2,1,2,1,5,4,1
"P453",3,2,5,2,1,1,1,2,5,5,5,4,5,5,5,5,5,5,5,3,2,5,5,4
"P454",1,3,2,4,5,5,1,5,5,3,4,1,2,1,3,1,2,1,5,5,2,1,1,1
"P455",1,5,5,4,5,1,4,5,5,5,4,2,5,1,1,4,5,1,3,5,4,4,5,4
"P456",1,1,1,2,2,1,3,1,2,3,5,1,4,5,4,1,1,1,1,1,5,5,1,1
"P457",5,3,1,3,5,4,1,5,5,3,2,1,2,5,4,5,4,4,5,5,5,4,1,1
"P458",4,2,1,2,2,5,1,4,3,5,4,4,5,5,1,4,5,1,5,2,2,2,4,5
"P459",5,5,2,3,5,5,5,5,2,5,4,1,5,4,3,5,2,5,5,5,2,3,5,5
"P460",1,5,1,5,2,1,1,1,2,5,4,4,2,4,4,5,5,2,3,5,2,5,4,4
"P461",5,5,5,5,5,5,5,5,5,1,4,4,5,3,5,5,1,1,5,2,1,3,3,3
"P462",5,5,1,5,5,3,1,5,4,3,4,1,4,5,1,5,5,5,5,5,5,5,4,4
"P463",5,5,2,5,5,1,5,5,4,5,4,4,2,1,1,2,1,1,5,2,4,3,4,4
"P464",3,4,1,1,2,4,1,5,5,5,1,5,5,5,4,5,1,2,1,5,2,2,4,1
"P465",3,5,1,1,1,1,1,1,2,2,1,1,2,4,1,2,1,4,1,3,1,4,1,4
"P466",1,2,1,5,1,1,1,2,2,5,1,4,4,5,3,5,5,5,5,2,4,5,5,4
"P467",5,5,1,5,1,5,1,4,2,5,1,1,5,4,4,1,1,4,5,3,2,4,1,1
"P468",3,5,1,5,2,1,5,2,4,5,4,1,4,3,1,3,1,5,5,1,5,3,5,4
"P469",5,5,5,5,5,4,5,5,5,1,1,1,1,1,4,1,4,1,3,3,4,2,5,4
"P470",5,5,5,2,2,5,2,2,2,5,4,1,2,5,5,1,1,2,5,2,2,1,1,2
"P471",5,5,5,5,2,5,1,4,2,5,4,1,2,5,3,4,1,5,3,5,2,1,1,1
"P472",5,3,1,5,2,1,1,5,2,1,1,1,1,5,1,3,1,1,5,5,4,4,4,5
"P473",1,5,5,2,5,5,1,5,5,1,5,1,5,1,3,5,1,1,1,3,1,5,4,1
"P474",1,3,1,2,2,1,1,4,4,1,4,1,5,4,4,5,1,3,1,2,5,1,3,2
"P475",5,2,2,5,5,4,5,2,1,1,1,1,1,1,1,1,1,4,3,1,1,3,1,1
"P476",5,2,2,2,4,3,5,5,2,5,3,2,4,5,1,4,4,4,5,2,5,1,2,1
"P477",1,4,5,2,5,2,1,2,4,5,1,1,5,3,4,4,1,5,5,5,5,3,5,5
"P478",5,4,2,2,5,4,1,5,2,1,4,2,2,3,1,5,1,4,1,2,2,5,1,3
"P479",5,3,2,5,4,5,2,2,5,5,5,4,5,5,5,5,4,2,5,5,2,3,1,4
"P480",5,5,3,5,5,4,5,5,5,5,5,2,5,5,5,4,1,3,1,5,1,3,4,1
"P481",5,5,4,2,5,5,5,5,4,5,5,5,5,5,3,4,5,1,3,5,1,3,5,2
"P482",5,5,5,5,5,5,5,5,4,1,1,1,2,2,1,1,2,2,5,2,4,5,4,5
"P483",4,5,5,2,5,5,4,1,5,5,1,1,2,4,1,1,4,2,1,5,5,3,4,1
"P484",5,3,1,4,2,1,5,5,4,5,1,4,1,1,4,4,1,2,5,1,2,1,1,1
"P485",5,5,5,5,5,5,5,5,5,2,5,2,5,5,5,5,1,2,1,2,2,1,5,1
"P486",5,5,2,5,5,5,5,5,4,5,1,1,4,5,4,1,4,1,3,2,4,5,4,5
"P487",1,2,1,5,5,4,1,2,5,1,4,1,1,1,1,4,5,5,2,3,5,3,5,1
"P488",1,1,1,5,1,1,1,1,2,1,1,1,1,5,5,1,1,3,3,3,2,2,2,4
"P489",3,5,1,4,2,5,4,5,5,5,1,4,2,5,5,1,1,5,3,1,2,3,1,3
"P490",4,2,5,5,5,4,1,4,5,5,5,5,5,5,5,5,4,5,3,5,5,3,5,2
"P491",5,5,1,2,5,5,5,5,2,5,4,5,4,3,4,4,2,4,1,3,1,5,1,4
"P492",5,3,1,2,2,1,1,1,5,5,4,5,5,1,4,5,1,2,5,5,1,1,1,1
"P493",1,2,1,1,1,3,1,2,5,3,5,4,2,1,1,5,1,1,3,3,1,1,2,1
"P494",3,4,1,5,5,3,1,1,4,2,1,1,2,5,3,5,5,3,5,5,5,3,5,5
"P495",2,2,1,2,1,1,1,1,5,5,4,1,5,5,1,5,2,5,3,2,2,1,1,1
"P496",1,4,1,2,2,1,1,1,2,1,5,2,1,5,5,4,1,1,1,3,1,1,1,5
"P497",5,4,1,2,1,5,5,4,2,5,5,2,5,5,2,5,1,4,3,3,5,3,5,4
"P498",5,3,2,1,4,1,1,4,5,5,4,1,5,5,4,5,1,5,1,3,2,5,1,2
"P499",5,5,5,5,2,5,4,4,1,3,1,2,1,1,5,1,2,4,3,2,2,3,5,4
"P500",5,5,5,5,5,5,5,5,1,5,1,4,2,2,1,3,1,5,3,2,2,3,5,1
"P501",4,5,2,1,5,3,5,4,5,5,5,4,5,5,5,5,1,2,3,2,1,3,1,2
"P502",5,3,1,1,1,3,1,4,2,5,4,1,4,3,4,5,1,1,1,5,5,1,2,5
"P503",5,5,5,5,4,5,1,5,1,1,1,1,2,1,1,3,5,5,1,5,4,4,3,5
"P504",5,5,5,5,1,3,5,1,4,1,1,1,1,5,1,5,2,5,3,5,5,4,4,1
"P505",3,3,1,5,2,4,1,1,5,5,5,1,5,5,1,4,5,5,5,3,5,5,5,5
"P506",5,4,5,2,5,5,5,5,4,5,5,4,4,4,4,5,1,5,3,2,5,5,1,1
"P507",5,3,1,2,2,5,5,2,3,1,4,2,2,5,1,4,4,5,1,2,5,1,1,4
"P508",5,3,1,5,2,1,2,5,2,3,1,1,2,5,1,4,5,5,5,2,2,3,5,4
"P509",5,5,2,5,5,4,5,5,5,1,4,1,1,5,1,4,1,5,3,1,2,3,1,1
"P510",5,2,5,4,2,1,5,4,4,1,1,4,3,1,2,3,1,5,1,1,1,3,1,1
"P511",5,5,2,5,2,4,1,5,4,1,4,1,5,5,2,5,5,5,3,2,2,3,4,3
"P512",4,2,1,2,2,1,1,1,4,3,5,1,1,1,5,4,2,2,1,5,2,3,5,3
"P513",5,5,5,4,2,5,5,5,2,1,5,2,5,2,1,4,2,4,5,3,5,4,5,4
"P514",5,3,5,5,5,1,1,5,2,3,4,1,5,1,1,5,1,3,3,2,1,1,2,2
"P515",5,5,5,5,5,5,5,5,5,2,1,1,3,1,1,5,5,5,5,2,2,5,4,4
"P516",5,2,2,5,5,5,5,5,3,1,4,4,4,1,1,4,1,3,1,1,5,3,4,1
"P517",5,5,3,5,4,2,5,2,5,5,4,2,5,1,1,4,5,5,1,5,1,3,4,4
"P518",5,2,5,5,2,1,5,3,4,3,4,4,5,1,2,1,1,3,5,5,1,3,1,4
"P519",5,5,5,5,2,1,3,4,1,3,1,1,4,5,1,1,1,1,1,2,2,1,1,1
"P520",5,5,5,5,5,3,5,2,5,1,5,2,5,4,5,4,2,5,5,5,5,1,4,2
"P521",4,3,5,2,2,3,5,2,4,1,4,1,4,3,3,1,5,5,5,5,5,5,5,1
"P522",5,5,5,5,5,4,5,2,2,1,1,1,1,1,1,1,1,1,3,2,1,1,1,1
"P523",3,5,1,5,2,3,5,3,2,5,5,2,5,5,1,3,2,1,1,1,4,5,4,1
"P524",5,5,1,5,5,1,5,5,5,3,1,1,5,1,3,1,5,1,1,5,2,3,1,1
"P525",5,5,5,5,5,4,5,5,2,1,1,1,2,4,1,1,1,1,3,1,2,5,1,4
"P526",5,2,1,1,1,4,1,2,1,1,1,1,1,3,1,4,1,3,1,2,2,3,4,4
"P527",5,3,1,4,1,1,1,2,2,1,1,1,1,1,1,3,4,5,1,5,4,5,4,3
"P528",5,5,5,5,5,3,5,2,2,1,1,1,1,5,2,1,4,3,1,2,4,3,2,2
"P529",5,5,2,5,5,1,5,5,2,1,1,1,2,1,1,1,5,2,5,5,5,3,5,3
"P530",4,3,2,5,1,3,5,5,2,1,1,2,1,2,2,1,1,1,3,1,4,1,1,1
"P531",4,5,1,5,2,5,4,5,1,1,1,1,1,1,1,1,1,1,5,2,2,4,4,5
"P532",5,5,1,2,5,5,5,5,2,5,4,5,5,4,1,3,5,2,5,1,2,5,2,1
"P533",5,5,5,1,4,5,5,5,1,5,4,1,1,3,1,1,1,4,3,4,2,5,5,5
"P534",3,4,5,4,2,4,5,2,1,3,4,1,2,1,1,4,4,1,1,1,1,3,5,1
"P535",1,5,2,2,2,4,1,1,2,5,2,4,5,1,1,3,1,2,5,2,4,3,3,4
"P536",5,4,1,4,2,1,2,5,2,1,1,1,2,1,1,1,3,1,1,5,5,1,5,4
"P537",5,4,5,5,4,5,5,3,2,1,1,1,4,5,3,1,1,1,1,1,2,1,1,4
"P538",5,3,5,5,1,5,1,2,5,5,4,5,5,1,1,1,5,3,3,4,3,4,5,5
"P539",1,3,2,5,1,5,5,1,4,3,5,4,4,4,1,4,5,1,1,3,2,1,5,4
"P540",3,3,1,2,2,1,3,4,2,1,1,1,1,2,1,1,1,4,3,1,1,1,5,4
"P541",5,3,5,5,4,5,3,1,2,3,1,1,2,3,3,1,1,1,1,2,1,4,1,4
"P542",1,4,1,2,2,4,5,1,5,5,4,4,5,5,5,5,5,1,1,1,1,2,4,4
"P543",3,5,2,4,5,4,5,2,5,5,5,1,4,5,4,4,1,2,3,5,5,5,1,1
"P544",1,5,1,5,3,5,5,3,2,5,1,5,2,3,1,5,4,3,3,1,2,3,3,1
"P545",5,5,2,5,5,4,5,5,5,3,4,1,2,1,3,3,5,5,5,5,2,5,4,3
"P546",5,5,5,4,5,4,5,5,5,5,1,5,5,5,3,5,1,1,3,2,5,1,2,5
"P547",5,3,5,2,5,5,5,5,5,5,5,4,5,5,5,5,4,2,3,2,5,1,4,1
"P548",2,5,1,2,2,4,5,2,2,1,1,1,2,1,1,3,1,4,5,3,1,1,1,1
"P549",3,3,1,5,5,5,3,5,5,5,4,4,5,5,2,4,1,4,1,2,1,1,1,1
"P550",5,4,2,5,2,5,5,5,5,5,4,2,2,3,4,1,2,3,5,5,5,3,3,5
"P551",5,5,3,5,5,4,5,5,5,5,5,5,2,5,5,5,1,2,1,2,5,3,4,4
"P552",4,5,5,5,5,5,5,5,5,5,5,1,5,3,1,1,5,3,5,5,4,5,5,5
"P553",1,5,1,5,5,5,5,4,1,1,1,1,1,1,1,1,1,2,1,1,2,3,4,2
"P554",1,2,1,2,1,3,1,2,4,1,5,4,5,2,5,5,5,4,1,5,5,4,1,5
"P555",4,3,3,5,5,5,5,2,5,5,5,1,2,5,5,4,5,5,5,1,5,5,5,5
"P556",5,2,5,5,2,5,1,5,3,1,1,4,1,1,1,5,2,2,3,2,4,1,5,4
"P557",5,5,2,5,5,3,1,5,5,1,1,1,3,5,1,4,4,5,3,1,5,3,3,1
"P558",1,2,1,5,1,3,1,1,4,1,1,1,1,1,1,1,4,5,5,5,2,3,5,1
"P559",1,3,1,5,2,5,5,4,5,5,1,4,2,1,1,4,4,5,5,3,5,3,4,1
"P560",1,3,5,2,5,5,2,5,2,5,1,1,2,5,1,1,4,1,5,5,5,3,4,1
"P561",5,2,5,3,2,5,3,2,5,5,4,1,4,1,4,5,1,1,5,2,1,3,1,4
"P562",4,2,2,2,2,5,1,4,3,1,1,1,3,5,4,3,1,1,1,4,5,2,3,1
"P563",1,5,5,5,5,5,5,5,5,1,4,1,4,1,4,3,1,5,1,5,2,3,2,4
"P564",5,3,3,2,5,4,5,5,2,2,4,1,2,2,1,2,4,4,5,3,5,3,5,1
"P565",5,5,5,4,2,5,1,5,5,5,5,4,5,5,4,4,1,5,5,2,2,1,1,1
"P566",1,5,5,5,5,5,1,5,5,5,4,4,3,5,1,5,5,1,5,3,5,5,3,3
"P567",5,2,5,5,2,5,5,3,1,3,5,2,3,5,1,3,5,3,5,2,1,5,2,4
"P568",5,5,1,2,4,1,1,2,2,5,2,5,3,5,4,4,1,2,1,5,2,1,1,4
"P569",5,5,5,5,5,5,5,5,5,5,4,4,5,5,5,5,4,4,5,5,2,1,1,5
"P570",1,2,2,2,2,1,1,1,2,5,4,4,1,5,5,5,1,4,1,1,2,3,1,1
"P571",5,5,1,5,2,5,1,2,5,5,1,4,2,5,1,5,4,4,3,1,5,4,5,4
"P572",5,5,5,5,5,4,5,5,5,5,1,5,5,5,2,5,1,1,3,2,4,1,4,4
"P573",5,5,1,5,4,4,5,5,2,5,1,1,1,1,1,1,1,4,5,5,2,3,5,4
"P574",5,5,5,5,5,5,5,4,2,3,4,2,5,1,1,5,2,5,1,1,4,5,5,5
"P575",1,3,1,1,2,4,1,2,5,5,4,4,5,5,1,4,1,1,1,5,2,2,2,2
"P576",3,5,1,3,2,4,5,4,2,1,1,5,2,2,1,5,1,5,5,2,3,1,1,1
"P577",4,5,5,5,2,1,1,3,5,3,4,1,5,4,1,5,4,4,5,2,2,5,4,5
"P578",5,4,1,1,1,1,1,4,5,1,4,4,3,5,3,5,2,3,3,2,2,5,2,2
"P579",5,5,5,4,5,5,5,4,5,5,4,2,2,4,5,3,1,5,5,3,1,2,2,1
"P580",5,2,5,5,2,5,1,5,5,1,4,1,2,1,4,5,2,4,5,5,5,4,1,4
"P581",5,4,5,5,5,5,5,5,5,1,1,1,2,5,2,4,2,5,5,5,5,5,1,2
"P582",1,2,3,2,5,3,1,2,1,1,1,1,1,1,1,1,2,3,1,2,2,1,4,4
"P583",4,2,1,1,1,1,1,2,2,5,1,4,5,3,1,1,1,4,5,5,5,4,1,1
"P584",1,5,1,1,1,5,1,2,3,1,5,4,4,5,5,4,1,5,5,2,5,1,5,4
"P585",5,5,1,5,5,5,5,5,2,1,1,1,1,1,1,4,1,1,3,5,1,2,5,1
"P586",4,5,1,2,2,5,1,1,1,1,4,1,2,4,1,5,1,1,1,2,1,1,4,4
"P587",5,5,5,2,2,5,1,2,2,2,1,1,1,5,1,4,5,4,5,5,5,3,2,5
"P588",5,5,2,5,2,5,3,5,2,3,4,5,1,1,1,5,5,5,5,5,5,5,5,4
"P589",1,4,5,5,2,4,1,2,5,5,5,4,2,5,2,5,1,2,5,3,5,2,4,4
"P590",5,5,3,5,2,4,5,2,4,3,5,1,5,3,5,4,4,2,5,5,4,4,1,1
"P591",4,4,5,2,5,2,5,5,2,3,4,4,5,5,1,4,1,5,3,2,1,3,3,4
"P592",5,5,2,2,5,3,2,5,5,3,1,1,2,5,5,4,5,1,5,5,5,1,1,4
"P593",5,5,1,2,1,1,1,2,4,5,2,1,5,5,5,3,1,2,1,3,2,4,1,4
"P594",5,5,2,2,5,5,5,5,5,5,5,5,5,5,5,5,5,1,2,1,1,1,1,4
"P595",3,5,1,5,1,5,5,5,2,5,4,4,3,3,4,3,2,1,1,3,4,5,4,4
"P596",5,5,2,5,5,4,5,5,5,5,4,1,5,1,4,5,2,2,3,3,2,3,5,4
"P597",5,5,3,2,2,5,1,4,4,2,5,1,5,5,1,5,1,1,1,3,2,3,2,4
"P598",5,5,2,5,5,1,5,5,5,1,1,1,1,1,5,1,4,5,3,2,5,1,1,4
"P599",5,5,5,4,5,5,5,5,5,5,4,4,4,5,5,5,5,5,5,5,5,5,4,5
"P600",5,5,5,2,5,5,3,2,3,2,4,1,2,3,3,3,5,4,3,2,5,5,5,5
"P601",5,5,5,5,4,3,5,2,5,5,5,4,2,5,4,5,1,1,1,1,2,1,1,1
"P602",5,5,1,5,5,5,5,2,4,1,5,1,5,3,5,1,1,1,1,3,2,3,4,4
"P603",5,5,5,5,2,5,5,5,5,1,1,2,5,2,5,5,1,1,4,1,3,3,5,5
"P604",5,5,1,4,4,5,1,5,2,5,5,5,4,1,4,1,5,5,5,5,2,4,4,5
"P605",3,4,5,2,1,5,1,1,4,5,4,1,4,5,4,4,1,5,5,2,2,2,2,4
"P606",5,5,5,5,2,5,5,5,5,3,4,5,4,1,5,5,4,5,5,5,5,5,5,1
"P607",3,5,5,4,3,5,5,4,4,5,5,1,4,5,2,5,4,2,1,2,2,3,4,1
"P608",5,4,5,2,5,3,1,5,1,1,1,1,1,1,1,1,2,3,5,2,4,3,4,4
"P609",5,5,5,5,5,5,5,5,4,1,1,2,5,5,2,1,5,5,5,5,5,3,4,5
"P610",5,5,3,5,5,1,5,5,2,5,1,4,3,2,1,1,4,5,5,2,2,5,4,5
"P611",5,5,2,5,1,5,5,5,2,2,1,1,1,1,1,3,1,2,5,3,5,5,5,4
"P612",1,5,5,2,1,1,1,2,2,1,1,1,2,5,2,1,1,1,1,2,1,5,5,4
"P613",5,5,5,4,2,5,5,4,5,3,4,1,1,5,1,3,1,3,2,5,1,1,1,1
"P614",5,3,1,5,5,3,5,4,1,1,1,1,1,1,1,3,5,1,5,5,5,5,2,4
"P615",2,4,1,1,4,1,3,2,2,2,4,1,2,5,3,4,5,1,5,5,2,3,1,1
"P616",2,5,1,5,4,4,1,4,3,3,4,1,2,3,4,3,1,1,1,5,2,3,1,4
"P617",5,3,2,5,4,2,5,3,5,5,4,4,5,5,5,5,3,1,3,5,2,3,4,2
"P618",5,5,5,5,2,4,5,5,5,3,5,4,5,5,4,4,2,4,5,3,5,1,3,3
"P619",5,4,1,2,3,1,5,2,2,1,4,1,4,4,1,1,5,2,1,5,2,3,5,4
"P620",5,3,5,5,4,5,1,5,5,5,4,1,5,5,4,5,1,4,1,4,2,2,4,1
"P621",5,5,3,5,5,3,2,5,2,5,4,1,2,5,1,2,4,5,5,5,5,4,5,4
"P622",5,5,5,5,5,5,5,5,5,1,1,5,5,1,5,1,5,5,3,5,2,4,1,1
"P623",5,3,5,5,5,4,5,5,5,5,4,1,5,1,1,5,1,2,1,2,1,1,1,1
"P624",3,5,2,5,2,4,5,5,1,1,4,1,4,5,2,4,4,3,3,5,5,3,5,4
"P625",4,4,1,2,5,5,5,5,5,5,4,5,1,5,1,5,1,5,5,5,5,3,5,1
"P626",5,5,5,5,4,1,5,5,5,1,2,4,5,2,1,5,2,3,3,5,4,3,4,5
"P627",1,3,1,1,1,3,1,1,5,5,1,4,5,5,1,4,1,1,5,1,1,1,1,1
"P628",5,5,5,5,5,5,5,1,4,5,4,5,2,4,2,5,1,5,5,5,1,1,1,2
"P629",3,5,5,2,5,3,5,4,2,5,1,1,5,5,1,4,5,2,1,2,4,3,2,1
"P630",5,5,3,4,5,4,1,4,2,5,1,1,2,1,1,4,1,2,1,5,2,3,4,4
"P631",5,5,5,5,1,5,5,5,3,3,4,4,1,3,3,3,5,3,3,5,5,5,2,5
"P632",1,4,1,5,2,1,1,1,2,5,4,1,1,1,1,3,1,3,1,3,4,3,1,3
"P633",5,5,5,5,5,4,5,5,2,3,1,1,2,1,1,3,4,2,3,2,5,5,4,2
"P634",1,4,1,5,1,3,2,1,5,1,5,5,2,5,4,1,5,5,1,5,2,1,4,4
"P635",5,5,1,5,3,4,2,2,1,5,5,1,2,5,1,3,1,3,1,2,1,3,1,1
"P636",5,5,5,5,4,5,5,5,2,1,1,1,1,3,1,1,1,1,1,1,2,1,2,1
"P637",4,5,2,5,5,4,5,5,1,5,1,1,1,1,1,1,5,5,5,5,4,5,5,4
"P638",1,1,1,2,1,3,1,1,4,5,5,2,4,3,5,5,1,5,2,2,5,1,4,4
"P639",5,5,5,2,2,1,5,5,5,5,1,1,2,1,1,1,5,5,5,5,4,4,5,5
"P640",5,2,5,2,2,5,1,2,5,5,4,5,5,5,5,5,5,1,1,5,5,4,1,1
"P641",5,4,1,2,1,1,1,2,4,1,4,1,5,3,1,3,1,1,1,2,2,1,1,1
"P642",5,5,5,4,4,3,5,5,2,1,1,1,2,2,1,1,1,1,1,1,2,5,1,1
"P643",1,2,1,1,1,3,2,1,4,5,4,5,5,3,5,4,1,5,1,2,5,5,5,1
"P644",3,3,5,2,1,5,1,2,5,5,4,1,5,3,3,5,4,4,5,3,2,3,4,2
"P645",1,1,1,2,5,1,1,5,1,5,4,1,5,2,4,4,2,1,1,1,2,3,1,3
"P646",1,3,1,4,2,3,1,4,3,2,1,1,2,5,1,3,2,2,5,3,5,5,3,1
"P647",5,5,5,2,5,3,5,5,4,1,4,1,4,1,5,4,1,1,1,1,1,3,2,4
"P648",1,3,1,2,1,1,5,4,5,5,4,4,5,5,1,5,2,5,1,2,1,3,5,1
"P649",5,5,1,5,2,1,5,5,5,1,1,1,2,3,1,1,5,5,5,2,5,3,4,2
"P650",1,5,1,4,4,1,1,4,4,5,5,5,5,5,5,5,1,1,1,5,2,1,1,1
"P651",1,2,1,2,2,1,1,1,2,3,5,1,2,2,1,4,1,2,5,2,2,1,4,1
"P652",5,5,5,5,5,5,5,3,2,5,1,1,5,1,1,4,1,5,3,5,2,4,5,2
"P653",5,2,1,1,2,4,1,3,2,5,1,1,1,1,1,3,2,1,1,2,2,3,4,3
"P654",1,2,1,2,1,1,1,2,4,1,1,5,2,1,1,4,2,3,5,2,4,3,5,4
"P655",5,3,1,1,4,1,1,1,1,3,2,1,4,5,1,1,1,3,1,1,1,1,2,2
"P656",5,5,1,5,1,5,5,2,5,3,5,4,4,5,5,5,1,5,5,2,2,5,1,2
"P657",4,5,5,5,5,4,5,5,2,1,1,1,1,1,2,4,1,2,3,5,5,3,5,4
"P658",5,4,2,2,2,1,5,2,1,3,1,1,5,5,1,4,1,2,1,5,1,1,4,1
"P659",5,2,5,5,2,1,5,2,2,1,4,1,5,1,1,1,1,5,5,5,5,5,5,4
"P660",5,5,3,2,5,4,5,2,1,2,4,5,2,4,1,3,5,2,5,5,5,5,5,4
"P661",5,5,5,5,2,4,3,5,4,1,1,1,2,5,1,4,1,4,1,5,4,5,1,4
"P662",1,1,1,5,1,1,1,5,4,5,4,1,5,5,1,1,5,5,1,5,2,1,5,4
"P663",5,4,2,2,5,1,5,2,3,5,4,2,1,5,2,5,2,4,4,2,1,3,5,4
"P664",1,3,2,5,4,5,5,4,4,1,4,2,5,5,5,5,2,2,5,5,2,5,5,1
"P665",3,5,1,5,5,5,5,5,5,2,1,1,5,5,5,5,4,1,5,1,2,3,5,4
"P666",5,5,5,2,1,4,5,5,2,3,4,5,5,1,1,4,5,4,5,5,4,3,2,5
"P667",1,3,1,5,2,3,1,1,5,5,4,5,5,5,5,5,2,5,1,2,1,1,1,5
"P668",1,1,1,2,2,1,1,2,5,1,1,1,2,2,1,1,1,4,3,2,1,3,2,2
"P669",5,5,5,2,2,3,5,5,4,1,1,4,4,5,5,4,1,1,5,2,2,1,1,1
"P670",3,1,1,2,1,3,1,2,5,5,5,5,5,5,5,4,5,5,1,5,2,4,4,4
"P671",1,3,3,1,1,4,1,2,1,1,4,1,2,2,1,3,1,5,3,5,4,3,3,1
"P672",5,3,1,2,2,2,5,5,3,2,5,5,5,5,3,4,1,1,3,1,2,1,1,3
"P673",5,5,1,5,4,5,5,5,5,3,4,2,2,5,5,4,4,5,5,5,5,3,4,2
"P674",5,4,5,4,2,2,5,2,4,5,4,4,5,5,5,5,2,3,1,3,2,1,4,1
"P675",5,4,2,4,3,5,5,5,4,2,4,5,3,5,5,5,1,5,5,2,1,3,1,4
"P676",5,5,5,4,5,5,5,2,2,1,4,1,1,1,2,1,1,4,3,1,5,5,4,1
"P677",5,4,2,5,5,5,5,5,4,1,4,2,2,2,3,4,1,1,5,5,2,5,5,5
"P678",1,2,3,1,2,1,5,2,5,5,1,5,2,5,4,5,1,1,3,2,3,5,4,4
"P679",5,5,4,2,2,4,5,5,2,2,1,1,1,1,1,1,1,3,5,5,2,3,5,1
"P680",1,4,2,2,3,1,1,5,5,5,4,5,5,5,5,5,2,3,5,1,2,1,4,2
"P681",5,5,5,5,5,5,5,5,2,1,1,1,1,3,1,1,1,3,5,3,5,3,1,4
"P682",1,2,1,1,2,5,1,1,4,5,4,5,5,1,1,5,2,4,5,3,5,3,4,5
"P683",5,3,5,5,4,5,5,3,5,5,4,4,5,1,1,5,5,5,5,5,5,5,5,5
"P684",5,5,5,5,5,3,5,5,2,1,5,1,2,5,5,4,1,4,5,1,4,2,3,5
"P685",5,3,5,5,1,5,1,5,2,2,1,4,2,3,5,4,5,5,3,2,2,3,4,1
"P686",1,5,1,4,2,2,5,1,1,1,1,1,2,3,1,4,4,3,5,2,4,1,1,3
"P687",2,3,1,4,3,1,2,1,4,5,4,4,2,5,5,4,1,1,3,1,2,5,1,1
"P688",3,2,1,1,2,5,1,2,5,1,5,4,5,5,5,1,5,1,5,5,5,5,5,5
"P689",3,5,2,2,4,1,5,2,5,5,1,3,1,1,1,1,1,4,5,5,2,4,3,4
"P690",3,5,5,5,5,5,5,5,3,2,4,4,2,1,1,4,1,1,1,1,1,1,1,1
"P691",5,5,5,5,2,5,5,5,1,3,1,1,2,1,4,3,5,3,3,5,3,4,5,4
"P692",1,5,2,2,1,1,2,2,2,5,1,1,2,5,5,4,4,5,5,2,2,1,1,1
"P693",1,5,3,2,5,4,5,5,1,2,1,4,1,5,1,5,5,1,3,5,2,1,3,1
"P694",5,5,2,5,5,2,5,5,4,2,1,4,5,3,1,4,5,4,5,2,2,1,4,1
"P695",5,3,3,5,1,5,1,5,2,1,1,1,2,1,5,1,5,5,3,5,5,3,1,5
"P696",4,3,2,5,2,1,2,1,1,3,4,1,1,1,1,1,2,1,1,4,2,3,4,1
"P697",1,3,1,2,1,1,1,1,2,3,1,4,2,4,1,5,1,2,1,1,2,3,1,1
"P698",3,5,5,5,2,5,5,2,5,5,4,5,5,5,5,5,5,1,3,2,1,3,1,1
"P699",5,5,3,4,4,1,2,5,5,5,5,5,5,4,4,4,1,1,3,2,4,1,2,2
"P700",5,4,5,5,4,1,5,5,5,2,1,1,4,3,4,3,1,5,3,5,5,3,5,4
"P701",5,5,1,2,1,5,5,5,1,3,1,1,2,4,1,3,2,1,5,2,1,1,1,2
"P702",2,1,1,1,1,3,1,4,5,1,1,2,2,5,1,4,5,1,5,5,2,3,2,2
"P703",5,5,5,3,2,4,3,5,4,5,4,1,5,5,5,5,5,5,1,5,2,4,5,4
"P704",3,3,1,4,2,4,5,1,5,1,5,4,2,5,5,5,5,2,3,2,2,1,1,4
"P705",1,5,5,2,2,4,1,5,2,5,4,1,5,5,5,5,1,1,3,2,1,3,2,4
"P706",3,4,5,5,5,5,5,2,2,5,5,5,4,3,1,5,1,1,1,5,5,3,4,1
"P707",5,5,5,5,5,5,5,5,3,3,4,1,5,5,1,4,5,5,5,5,5,3,4,5
"P708",1,5,1,1,2,5,1,4,3,3,1,4,2,5,1,1,1,4,5,5,1,3,5,4
"P709",3,5,5,5,5,5,1,5,5,5,1,2,2,2,1,3,4,4,5,2,5,3,1,3
"P710",5,5,1,4,5,1,5,5,1,3,4,4,1,5,4,4,1,5,2,2,5,2,4,1
"P711",1,2,1,1,1,1,1,2,4,5,5,4,4,1,1,1,5,5,5,5,5,3,1,5
"P712",5,5,5,2,5,5,5,4,5,3,1,1,4,5,1,5,2,5,1,2,1,5,1,4
"P713",5,5,2,2,5,5,5,5,5,5,5,5,5,5,5,4,5,2,3,3,2,3,3,4
"P714",5,5,5,5,5,2,5,5,5,5,1,4,5,1,1,5,4,5,5,2,5,1,4,4
"P715",4,3,5,2,1,5,1,2,5,5,4,1,4,5,5,5,5,5,5,2,5,4,1,1
"P716",4,5,3,2,1,1,2,3,1,1,1,1,5,5,1,1,1,4,3,2,4,1,1,4
"P717",5,5,5,5,2,1,5,2,3,5,4,1,4,3,1,5,4,1,3,3,5,3,4,5
"P718",1,3,1,2,2,1,1,1,5,3,1,4,2,1,1,1,5,3,3,1,2,1,1,4
"P719",2,4,5,2,1,3,5,4,4,3,1,5,2,1,3,1,1,2,5,5,4,3,5,5
"P720",1,2,1,4,5,1,5,2,2,1,1,1,2,4,1,3,1,3,5,2,1,1,1,2
"P721",5,5,3,4,2,1,5,5,1,1,1,1,1,1,1,1,5,4,1,3,2,1,4,5
"P722",5,3,2,4,5,3,5,5,4,2,5,4,5,3,2,4,1,4,3,4,5,5,4,5
"P723",4,5,2,5,5,4,2,5,5,3,5,1,2,5,1,5,5,5,5,5,5,5,5,5
"P724",5,5,2,5,3,3,5,2,1,5,4,1,1,3,1,4,4,5,3,1,4,3,1,4
"P725",3,5,5,4,1,2,5,1,5,5,4,5,2,3,4,1,5,3,3,1,2,3,1,5
"P726",5,3,5,2,5,5,5,5,2,1,4,1,1,1,1,4,5,5,5,5,5,5,5,1
"P727",5,3,5,5,5,4,5,5,4,5,1,4,5,5,4,5,1,2,5,2,2,1,2,4
"P728",1,1,1,1,1,4,5,2,1,1,1,1,2,1,1,1,5,2,1,5,4,4,5,4
"P729",1,4,5,5,5,1,5,5,5,3,4,4,2,2,1,5,1,3,5,1,2,1,3,1
"P730",5,5,5,5,5,4,5,4,2,1,1,4,2,1,1,3,2,1,1,5,1,3,1,1
"P731",3,2,1,5,5,3,5,5,2,2,1,1,1,5,1,1,2,2,3,2,1,3,2,1
"P732",3,3,1,2,5,4,5,1,2,2,1,1,5,2,2,1,1,4,5,5,2,3,4,3
"P733",5,4,5,5,4,4,5,5,2,2,1,1,1,5,1,3,5,2,5,5,2,5,5,4
"P734",5,4,1,2,2,4,1,2,5,5,5,5,2,5,5,5,1,1,5,1,4,1,5,2
"P735",1,5,1,4,5,3,5,5,5,3,1,5,2,1,4,1,1,1,1,1,2,1,1,1
"P736",5,5,5,5,5,4,5,2,5,1,1,5,2,1,5,3,1,1,1,1,1,1,2,1
"P737",5,5,1,5,5,5,5,2,5,1,1,4,2,5,3,5,5,3,5,5,2,3,4,4
"P738",1,2,2,2,2,5,4,4,5,5,5,5,5,5,5,3,1,5,3,3,2,3,5,5
"P739",5,5,3,5,5,1,1,5,4,1,1,1,1,1,4,1,1,1,1,5,2,5,4,1
"P740",1,5,1,1,1,1,1,1,5,4,4,3,2,5,3,1,5,1,1,5,1,3,4,4
"P741",4,3,1,5,5,2,1,1,4,1,1,1,3,4,1,5,1,5,5,5,2,3,5,4
"P742",1,1,2,3,1,1,1,2,5,3,1,1,1,1,4,5,5,1,3,5,4,4,1,1
"P743",3,1,1,1,1,5,1,1,5,2,1,5,5,5,3,5,2,4,3,3,5,3,5,4
"P744",5,4,5,4,5,5,5,5,2,5,2,2,1,1,1,1,2,1,5,5,1,3,5,5
"P745",1,4,1,5,5,4,5,5,1,1,4,1,2,1,1,1,1,5,1,3,2,3,3,1
"P746",5,5,5,4,5,3,5,2,2,1,1,1,2,5,1,5,5,2,3,5,4,2,4,5
"P747",4,3,2,1,1,1,2,4,2,5,4,1,4,3,4,3,2,5,3,5,5,5,5,5
"P748",5,4,5,5,4,4,5,3,1,1,1,1,3,3,1,1,2,2,1,3,2,3,5,1
"P749",5,1,1,2,1,3,1,1,2,3,5,5,5,5,4,5,5,5,5,5,2,1,5,4
"P750",5,5,1,2,5,5,5,1,5,4,5,5,5,5,5,5,1,2,1,1,1,1,1,1
"P751",1,3,1,2,2,3,1,2,5,5,1,4,5,1,5,5,5,5,5,5,4,3,4,5
"P752",2,5,5,2,2,5,5,5,1,1,1,1,2,3,1,3,1,1,1,1,2,1,1,1
"P753",2,4,5,5,5,5,5,1,2,5,4,1,1,1,1,3,1,1,5,1,4,3,5,1
"P754",5,5,5,5,4,5,5,5,1,1,1,1,1,1,1,1,5,4,3,2,3,3,4,4
"P755",5,1,2,5,5,2,5,5,2,1,5,1,1,2,5,5,1,1,5,2,1,4,1,1
"P756",5,5,5,5,5,3,5,5,3,2,1,1,1,5,1,3,1,1,1,2,4,3,1,4
"P757",3,5,1,1,3,4,1,4,1,3,4,4,1,1,1,1,1,1,1,3,1,1,1,4
"P758",5,3,1,2,1,5,1,1,4,1,4,4,5,1,4,4,4,1,1,5,2,3,5,5
"P759",3,4,1,2,4,5,1,5,5,1,5,1,2,1,3,4,5,1,1,5,2,3,1,3
"P760",5,4,1,1,5,3,5,3,5,1,4,1,1,5,1,3,4,5,3,4,2,1,4,4
"P761",1,3,2,5,1,2,5,5,2,5,4,1,2,2,5,5,1,3,5,2,4,5,5,2
"P762",1,5,5,5,2,2,1,5,3,1,1,5,2,1,1,1,1,2,3,4,5,1,1,2
"P763",5,5,5,5,5,5,5,5,4,2,4,4,3,1,2,1,1,5,5,5,5,4,4,5
"P764",5,5,5,5,1,5,5,2,1,1,1,1,2,4,1,3,5,5,2,5,2,1,3,5
"P765",1,3,2,4,1,3,1,2,1,1,1,1,1,1,1,1,5,4,5,5,5,5,5,4
"P766",5,4,5,5,5,5,5,2,5,5,1,1,2,5,1,4,1,1,3,1,1,3,2,3
"P767",1,3,5,5,5,5,5,5,1,3,4,4,4,2,4,5,1,1,3,2,1,1,1,1
"P768",5,3,1,5,1,4,5,2,5,5,5,5,2,5,5,3,4,3,5,5,4,1,5,4
"P769",5,5,1,5,5,5,5,5,2,3,4,1,1,1,1,1,5,1,5,5,4,5,5,4
"P770",5,5,5,5,3,5,4,5,2,3,4,5,2,5,1,5,1,2,5,5,2,2,1,4
"P771",1,5,5,1,1,1,1,2,4,5,4,1,5,5,5,5,4,3,5,5,5,1,3,4
"P772",1,2,3,2,4,4,1,2,3,5,5,4,5,5,5,4,5,4,3,2,5,1,4,1
"P773",4,5,5,5,5,5,5,3,2,1,4,1,2,2,4,3,5,2,5,3,5,5,5,5
"P774",2,5,2,5,4,5,5,4,5,5,4,4,4,5,5,5,1,4,5,5,2,3,5,1
"P775",5,3,1,1,1,5,5,2,2,1,1,1,1,1,1,1,5,2,5,2,4,3,2,5
"P776",1,1,2,5,4,4,2,5,2,1,1,1,2,1,3,1,1,4,3,2,2,1,3,1
"P777",4,5,5,5,4,4,5,2,4,1,1,1,4,1,1,1,1,2,3,2,2,1,5,1
"P778",5,5,5,5,5,3,5,1,2,3,1,1,2,3,1,1,5,5,5,5,5,5,5,5
"P779",5,4,2,5,2,5,2,4,4,1,5,4,4,5,2,3,1,1,3,2,1,3,1,4
"P780",5,5,1,2,5,1,5,4,2,3,1,1,4,1,1,4,5,1,5,2,1,5,5,2
"P781",5,5,1,2,2,4,5,5,5,5,5,4,5,2,5,5,1,2,5,2,5,2,2,5
"P782",3,5,1,2,2,5,1,3,2,1,1,1,4,3,1,2,2,1,2,2,4,5,5,4
"P783",3,3,1,2,1,1,1,5,5,5,5,4,5,5,4,5,1,1,3,3,4,4,5,1
"P784",1,4,2,5,1,1,5,2,5,1,1,4,5,3,4,5,1,1,5,1,2,1,1,2
"P785",2,5,2,5,5,5,5,3,4,3,5,1,5,5,1,3,1,4,5,5,2,5,4,5
"P786",4,4,1,5,5,1,5,5,1,1,1,4,5,5,1,3,5,4,5,3,5,5,5,2
"P787",1,5,5,5,4,2,1,5,2,5,1,4,1,1,1,1,1,1,5,5,1,2,2,1
"P788",5,5,1,2,1,1,1,2,5,5,5,4,5,5,5,5,4,4,5,2,5,5,2,4
"P789",1,5,1,4,2,1,5,1,2,1,1,1,2,1,4,4,1,2,5,2,5,5,5,3
"P790",5,5,5,5,1,5,5,5,1,1,1,5,2,1,1,1,2,2,5,3,1,3,3,2
"P791",3,2,1,2,2,5,5,2,5,2,1,1,4,1,1,5,1,3,1,5,2,3,1,1
"P792",5,1,1,2,1,3,1,5,1,2,1,1,1,1,1,1,5,1,1,5,5,3,5,4
"P793",1,1,1,1,1,4,1,1,5,5,5,1,5,5,5,5,1,4,1,2,2,1,4,5
"P794",3,5,2,4,1,5,1,2,2,5,4,4,5,3,4,5,1,1,3,2,1,1,5,2
"P795",3,2,1,1,1,3,1,1,2,1,1,1,4,1,1,1,1,4,3,3,4,3,4,2
"P796",5,5,2,2,1,5,5,4,5,5,5,5,3,5,1,5,1,1,1,2,2,1,5,2
"P797",5,3,1,2,1,5,1,2,4,3,1,1,1,1,1,1,1,5,1,5,2,5,2,5
"P798",5,5,1,5,5,5,1,2,5,5,5,4,5,5,5,4,1,1,5,2,5,1,1,4
"P799",5,5,5,2,2,3,1,1,2,5,4,1,4,5,2,1,1,2,1,4,2,5,5,1
"P800",5,1,5,5,5,1,5,2,5,3,4,5,5,5,1,1,2,2,5,5,4,2,3,5
"P801",4,3,2,2,1,1,1,1,5,3,4,1,4,5,1,1,5,4,5,2,5,3,5,5
"P802",1,2,1,1,2,1,1,2,5,1,1,1,1,5,1,1,1,2,3,3,2,5,4,1
"P803",5,5,3,5,5,5,5,5,5,2,1,1,2,1,1,5,1,4,1,2,2,4,1,4
"P804",5,5,2,2,1,1,2,1,4,3,2,1,4,5,1,1,4,1,5,5,5,3,5,4
"P805",5,5,2,2,4,1,5,2,2,3,4,4,5,5,4,4,4,5,5,2,5,3,4,4
"P806",3,1,1,2,1,4,1,1,5,1,1,1,2,4,3,1,5,4,5,5,5,5,3,5
"P807",3,5,1,1,5,5,5,2,2,1,4,1,2,1,3,4,5,3,3,5,2,3,1,1
"P808",4,1,1,1,1,1,1,1,1,1,1,4,1,1,1,4,5,5,5,5,5,3,5,4
"P809",5,5,1,5,2,5,5,5,5,5,4,2,4,5,1,5,1,5,5,5,5,3,5,5
"P810",1,5,5,5,2,3,1,2,5,3,1,1,2,1,1,3,1,2,5,5,3,1,4,4
"P811",3,3,5,2,5,3,2,2,5,1,1,1,4,1,5,5,1,2,1,5,1,1,3,1
"P812",4,5,1,1,5,5,1,5,2,5,5,1,2,4,4,4,1,1,3,1,1,2,1,5
"P813",4,3,5,5,2,3,1,2,2,1,1,1,1,1,1,4,2,2,3,1,5,1,5,4
"P814",4,3,5,5,5,5,5,5,4,5,4,4,5,5,1,4,1,4,1,2,2,3,3,1
"P815",5,5,5,2,5,5,5,4,4,1,1,1,1,1,1,1,5,5,3,5,1,2,3,5
"P816",2,5,2,4,5,4,1,2,2,1,4,2,1,1,1,1,1,2,1,1,1,5,5,1
"P817",5,3,5,5,5,5,5,5,2,5,1,1,4,5,1,3,1,3,1,3,1,5,1,4
"P818",5,5,1,5,5,5,1,4,3,5,5,4,5,4,3,5,5,1,5,5,5,1,4,4
"P819",1,1,1,1,1,1,1,2,5,5,4,4,4,5,4,3,1,4,1,2,1,1,1,1
"P820",3,5,2,5,1,5,1,5,2,1,1,1,1,1,1,1,1,1,1,2,1,1,1,1
"P821",5,4,5,5,5,5,5,5,2,5,4,1,1,1,1,4,1,1,1,1,1,1,1,1
"P822",5,5,1,5,5,5,5,4,5,5,4,1,2,5,5,4,2,2,3,5,1,4,1,1
"P823",5,3,5,5,5,4,5,5,2,5,1,1,1,1,1,1,5,5,5,5,5,3,4,5
"P824",1,5,1,2,2,5,1,1,4,5,5,1,5,5,4,5,1,2,1,2,4,1,2,1
"P825",4,4,1,5,4,2,1,5,2,5,1,5,1,5,3,5,1,1,1,2,1,1,4,1
"P826",5,5,1,2,1,4,1,4,2,5,4,1,3,5,1,4,1,1,1,1,1,5,1,1
"P827",5,5,5,5,4,1,5,5,3,2,1,1,2,1,1,5,1,1,1,5,2,3,1,1
"P828",5,5,2,5,5,3,1,5,5,5,5,1,5,5,5,5,5,4,5,5,5,5,5,4
"P829",1,4,1,2,1,1,5,1,2,2,5,5,5,5,4,5,4,2,5,2,2,3,5,4
"P830",5,5,5,5,2,5,5,5,2,5,4,1,4,1,1,1,2,1,1,1,2,5,5,2
"P831",5,5,5,5,5,5,5,5,5,5,5,5,5,5,5,5,5,4,3,5,2,1,5,4
"P832",4,5,2,4,2,4,5,3,2,3,5,1,1,1,1,3,5,1,5,3,5,3,3,2
"P833",5,3,1,1,2,1,1,2,4,5,4,4,2,3,1,5,4,5,3,5,5,4,5,4
"P834",5,3,1,2,2,1,5,2,1,5,1,4,5,5,5,4,5,5,1,2,2,5,4,5
"P835",5,5,2,4,1,4,1,1,4,3,4,4,5,1,1,5,5,5,5,5,4,3,5,1
"P836",5,5,5,5,5,5,5,4,5,3,5,5,5,3,4,5,5,5,5,2,5,5,2,3
"P837",5,3,2,1,2,5,1,2,1,2,1,1,4,1,1,1,5,5,5,5,5,2,5,5
"P838",3,5,2,2,5,4,5,5,2,1,1,1,1,1,1,1,5,2,1,5,2,1,5,4
"P839",1,1,1,1,2,1,1,1,5,5,4,4,5,5,5,5,1,4,1,2,2,1,4,1
"P840",4,3,2,5,2,4,5,5,2,5,1,5,2,5,4,1,1,2,5,5,5,2,1,4
"P841",5,5,2,2,5,5,5,5,1,1,4,1,2,5,1,1,1,1,5,5,5,5,3,1
"P842",1,1,2,5,2,1,1,1,3,1,1,1,2,3,3,4,5,1,1,2,5,5,4,4
"P843",2,4,5,5,5,1,1,1,2,3,1,1,4,1,4,3,1,1,5,3,5,5,1,5
"P844",3,3,5,2,4,4,2,2,2,5,1,1,2,1,1,1,1,1,1,1,2,1,1,1
"P845",5,5,5,5,5,4,5,5,2,5,4,4,4,1,1,5,1,1,1,2,2,1,1,5
"P846",4,5,2,5,5,5,5,5,5,2,5,4,5,5,4,5,1,4,1,5,2,2,5,1
"P847",3,5,5,5,2,4,1,5,5,5,5,4,5,3,5,5,1,1,1,2,2,3,1,4
"P848",5,5,2,1,2,5,1,1,5,1,4,1,3,5,1,3,5,4,5,2,1,1,1,1
"P849",5,3,2,5,1,5,5,2,2,1,4,4,2,2,1,5,1,2,1,5,5,5,4,4
"P850",3,2,2,4,1,2,1,5,4,5,5,5,5,3,3,4,4,2,5,5,3,3,3,5
"P851",5,5,5,5,5,5,5,5,2,1,4,2,1,1,1,1,5,2,3,5,2,1,1,2
"P852",5,5,2,5,4,1,5,5,2,3,4,1,1,1,1,1,1,4,3,2,2,2,3,1
"P853",1,2,1,1,1,3,1,1,2,3,4,1,5,2,5,5,1,4,1,5,4,4,1,1
"P854",4,5,2,5,1,1,1,4,2,3,5,5,5,5,5,4,1,1,3,2,2,2,1,2
"P855",5,5,1,4,2,1,3,5,4,1,1,1,2,5,2,3,1,5,5,2,5,2,5,4
"P856",3,4,5,5,2,5,5,4,2,1,1,1,4,1,1,1,1,1,5,2,2,1,4,1
"P857",1,4,1,5,5,1,1,4,5,5,4,5,5,1,4,5,5,1,1,5,1,3,1,3
"P858",5,5,5,5,2,5,4,5,4,5,5,4,2,3,1,5,1,1,1,1,4,3,1,1
"P859",3,3,2,2,1,4,5,2,5,5,4,5,4,1,4,3,1,3,1,5,4,3,1,4
"P860",5,5,5,5,5,5,5,5,3,1,1,1,2,3,3,1,1,3,5,5,1,5,4,4
"P861",3,2,2,5,2,1,1,2,5,3,1,4,5,5,1,5,1,5,5,2,5,4,1,5
"P862",5,5,5,2,5,4,5,5,2,1,1,1,1,1,1,5,2,4,1,5,2,4,5,4
"P863",3,3,1,2,4,1,5,5,1,5,4,4,2,1,1,4,1,2,3,1,2,2,4,4
"P864",5,4,1,5,5,5,5,5,3,3,4,3,4,5,1,1,4,4,5,2,5,4,2,4
"P865",1,4,3,1,5,4,3,5,1,2,1,1,1,1,1,1,1,5,5,5,5,3,5,5
"P866",5,5,2,2,2,5,5,4,5,5,1,5,4,5,5,5,1,1,5,5,4,3,4,4
"P867",1,4,4,2,5,3,1,5,2,5,5,4,5,5,4,4,5,4,1,2,5,3,2,4
"P868",5,2,1,5,4,5,5,2,1,1,1,1,2,1,1,3,5,5,5,3,1,3,4,2
"P869",1,4,1,2,5,4,2,5,1,1,1,1,1,1,1,1,5,4,5,2,2,3,4,4
"P870",5,3,5,5,5,1,1,5,3,5,1,1,3,1,1,4,4,1,3,5,1,5,4,1
"P871",5,5,2,2,5,5,5,4,2,5,5,5,5,1,1,5,1,1,5,5,2,5,5,4
"P872",1,5,5,5,5,5,5,5,5,5,4,2,2,5,5,5,4,4,2,2,5,5,5,4
"P873",3,5,5,4,5,5,5,5,1,5,1,5,4,5,1,4,1,4,1,1,2,3,2,1
"P874",5,5,5,5,2,4,2,5,1,1,1,1,1,1,1,1,5,1,5,1,4,3,5,4
"P875",1,5,1,2,1,4,5,1,3,5,1,1,2,5,1,1,5,1,1,5,2,1,1,4
"P876",5,5,5,5,5,3,5,5,4,5,4,1,4,5,5,5,2,3,1,5,5,5,4,5
"P877",5,5,5,4,5,1,1,5,1,1,1,1,1,1,4,4,1,1,3,2,4,3,2,4
"P878",5,5,5,5,5,5,5,5,4,3,1,1,3,5,1,5,1,2,5,3,4,3,3,4
"P879",5,5,5,5,5,5,5,5,2,1,1,1,1,3,1,3,1,1,1,2,2,2,2,3
"P880",5,5,5,5,5,5,5,5,1,1,1,1,2,1,1,5,1,4,1,5,1,1,1,1
"P881",5,5,5,5,5,5,5,5,2,3,1,1,1,3,1,1,5,4,5,5,5,4,4,1
"P882",3,3,5,5,2,1,1,5,2,5,1,1,4,2,3,4,4,3,5,5,2,1,5,4
"P883",1,3,5,5,2,5,3,2,4,2,4,4,1,2,2,3,4,5,1,2,5,5,5,4
"P884",5,5,5,2,5,5,5,5,3,1,4,2,3,1,1,1,5,4,3,2,5,1,4,2
"P885",5,5,2,5,2,5,5,4,5,5,5,5,5,5,5,5,1,2,1,1,2,3,4,1
"P886",5,5,5,5,5,5,5,5,5,3,4,5,2,1,1,4,1,4,1,2,3,5,1,1
"P887",4,5,5,2,2,5,5,2,5,5,5,4,2,1,2,1,1,1,3,2,2,3,1,5
"P888",5,5,5,5,5,5,5,5,4,3,4,1,2,5,4,5,1,3,3,5,4,3,5,5
"P889",5,5,5,5,5,4,5,2,5,5,1,5,5,4,4,4,4,1,1,3,2,4,1,4
"P890",1,5,2,5,5,4,5,5,4,3,4,4,2,3,1,1,1,1,5,5,2,3,1,4
"P891",5,5,5,2,4,3,5,5,5,5,5,5,5,5,2,5,5,5,5,5,5,1,4,4
"P892",5,1,5,2,4,5,1,2,3,1,4,1,4,5,5,4,1,4,3,5,2,3,1,2
"P893",3,2,1,2,1,1,1,1,4,1,1,1,1,1,4,2,1,5,1,3,1,1,4,1
"P894",5,1,1,5,3,1,5,4,2,1,1,1,2,1,1,1,2,2,1,5,2,4,5,4
"P895",1,2,1,2,5,1,1,1,2,5,4,1,2,1,1,4,1,4,3,2,4,3,2,4
"P896",1,4,5,2,4,4,1,2,4,5,4,1,5,5,1,4,1,4,1,2,2,1,2,3
"P897",1,2,2,1,1,1,1,1,5,5,1,5,2,5,5,4,5,3,3,5,1,3,3,5
"P898",1,2,1,1,1,1,1,5,3,3,1,4,2,1,1,5,1,1,3,1,1,1,1,1
"P899",5,5,5,5,2,5,5,5,2,5,5,4,2,5,4,5,4,5,5,3,4,3,4,1
"P900",1,5,1,5,4,1,5,2,2,2,4,1,5,5,5,4,1,2,1,1,2,4,2,2
